{
  "format_version": "1.13.0",
  "minecraft:entity": {
    "description": {
      "identifier": "dm2:pose",
      "is_spawnable": true,
      "is_summonable": true,
      "is_experimental": false
    },

    "components": {
      "minecraft:experience_reward": {
        "on_death": "query.last_hit_by_player ? 5 : 0"
      },
      "minecraft:type_family": {
        "family": [ "shulker", "monster", "mob" ]
      },
      "minecraft:breathable": {
        "total_supply": 15,
        "suffocate_time": 0
      },
      "minecraft:nameable": {
      },
      "minecraft:health": {
        "value": 30,
        "max": 30
      },
      "minecraft:hurt_on_condition": {
        "damage_conditions": [
          {
            "filters": { "test": "in_lava", "subject": "self", "operator": "==", "value": true },
            "cause": "lava",
            "damage_per_tick": 4
          }
        ]
      },
      "minecraft:movement": {
        "value": 0.0,
        "max": 0.0
      },
      "minecraft:loot": {
        "table": "loot_tables/entities/shulker.json"
      },
      "minecraft:behavior.look_at_player": {
        "priority": 1,
        "look_distance": 6.0,
        "probability": 0.02
      },
      "minecraft:behavior.random_look_around": {
        "priority": 8
      },
      "minecraft:behavior.hurt_by_target": {
        "priority": 2
      },
      "minecraft:behavior.nearest_attackable_target": {
        "priority": 3,
        "entity_types": {
          "filters": { "test" :  "is_family", "subject" : "other", "value" :  "player"},
          "max_dist": 16
        },
        "must_see": true
      },
      "minecraft:navigation.walk": {
      },
      "minecraft:movement.basic": {
      },
      "minecraft:physics": {
      }
    }
  }
}
