{
  "format_version": "1.12.0",
 "minecraft:entity": {
  "description": {
    "identifier":"rhex:dragon_fireball",
    "is_spawnable": false,
    "is_summonable": true,
    "is_experimental": false,
                "animations": {
        "fireball_ex": "controller.animation.rainarrowwd2"
},
              "scripts": {
        "animate": [
          "fireball_ex"
         ]
      },
    "runtime_identifier":"minecraft:snowball"
  },
  "component_groups": {
   "explode": {
   "minecraft:spawn_entity": [
	    {
		  "min_wait_time": 0.0,
		  "max_wait_time": 0.0,
		  "num_to_spawn": 1,
		  "single_use": true,
		  "spawn_entity": "rhex:wdfireball_impact"
		}
	  ],
    "minecraft:explode": {
     "fuse_length": 0.1,
     "fuse_lit": true,
     "power": 0,
     "causes_fire": false,
         "breaks_blocks": true,
     "fire_affected_by_griefing": true,
     "destroy_affected_by_griefing": true
    }
   }
  },

  "components": {
        "minecraft:type_family": {
        "family": [ "wd" ]
      },
   "minecraft:collision_box": {
    "width": 0.2,
    "height": 0.2
   },
   "minecraft:projectile": {
    "on_hit": {
      "impact_damage":{
        "damage": 10,
        "knockback": true,
        "catch_fire": true
      },
     "definition_event": {
      "affect_projectile": true,
      "event_trigger": {
         "event": "explode",
          "target": "self"
      }
     }
    },
    "power": 0,
    "gravity": 0.2,
    "uncertainty_base": 0,
    "anchor": 1,
    "offset": [ 0, 1.2, 0 ]
   },
   "minecraft:physics": {
   },
   "minecraft:pushable": {
    "is_pushable": true,
    "is_pushable_by_piston": true
   }
  },
  "events": {
   "explode": {
    "add": {
     "component_groups": [
      "explode"
     ]
    }
   }
  }
 }
}