{
  "format_version": "1.16.0",
  "minecraft:entity": {
    "description": {
      "identifier": "rhex:wither_dragon",
      "is_spawnable": true,
      "is_summonable": true,
      "is_experimental": false,
      "runtime_identifier": "minecraft:wither",
    "scripts": {
        "animate": [
        { "attack2": "query.has_target" },
          "attack"
         
        ]
      },
      "animations": {
      "attack2": "animation.mdsummonattack",
        "attack": "animation.wdlightnjngattack"
        
      }
    },
"component_groups": {
          },
    "components": {
      "minecraft:experience_reward": {
        "on_death": "99"
      },
      "minecraft:breathable": {
        "total_supply": 15,
        "suffocate_time": 0
      },
      "minecraft:boss": {
        "should_darken_sky": true,
        "hud_range": 55
      },
      "minecraft:damage_sensor": {
        "triggers": {
          "on_damage": {
            "filters": {
              "test": "is_family",
              "subject": "other",
              "value": "wd"
            }
          },
          "deals_damage": false
        }
      },
      "minecraft:health": {
        "value": 800,
        "max": 800
      },
      "minecraft:behavior.summon_entity": {
        "priority": 2,

        "summon_choices": [
          {
            "cooldown_time": 5.0,
            "weight": 3,
            "cast_duration": 2.0,
            "particle_color": "#FF664D59",
            "start_sound_event": "cast.spell",
            "sequence": [
              {
              "shape": "line",
                "target": "self",
                "base_delay": 0.15,
                "delay_per_summon": 0.05,
                "num_entities_spawned": 16,
                "entity_type": "rhex:dragon_head",
                "size": 20,
                "entity_lifespan": 1.1
                },
              {
              "shape": "line",
                "target": "target",
                "base_delay": 0.15,
                "delay_per_summon": 0.05,
                "num_entities_spawned": 16,
                "entity_type": "rhex:dragon_head",
                "size": 20,
                "entity_lifespan": 1.1
                },
              {
              "shape": "circle",
                "target": "target",
                "base_delay": 1.0,
                "delay_per_summon": 0.0,
                "num_entities_spawned": 5,
                "entity_type": "rhex:dragon_head",
                "size": 1.5,
                "entity_lifespan": 1.1,
                "sound_event": "prepare.attack"
              },
              {
                "shape": "circle",
                "target": "self",
                "base_delay": 1.0,
                "delay_per_summon": 0.0,
                "num_entities_spawned": 5,
                "entity_type": "rhex:dragon_head",
                "size": 1.5,
                "entity_lifespan": 1.1,
                "sound_event": "prepare.attack"
              },
              {
                "shape": "circle",
                "target": "self",
                "base_delay": 0.15,
                "delay_per_summon": 0.0,
                "num_entities_spawned": 8,
                "entity_type": "rhex:dragon_head",
                "size": 2.5,
                "entity_lifespan": 1.1
                },
              {
                "shape": "circle",
                "target": "target",
                "base_delay": 0.15,
                "delay_per_summon": 0.0,
                "num_entities_spawned": 8,
                "entity_type": "rhex:dragon_head",
                "size": 2.5,
                "entity_lifespan": 1.1
                },
              {
                "shape": "circle",
                "target": "self",
                "base_delay": 0.15,
                "delay_per_summon": 0.0,
                "num_entities_spawned": 1,
                "entity_type": "minecraft:tnt",
                "size": 0.0,
                "entity_lifespan": 5
              }
            ]
          },
          {
            "weight": 3,
            "cooldown_time": 5.0,
            "cast_duration": 2.0,
            "particle_color": "#FF664D59",
            "start_sound_event": "cast.spell",
            "sequence": [
              {
                "shape": "line",
                "target": "self",
                "base_delay": 1.0,
                "delay_per_summon": 0.05,
                "num_entities_spawned": 16,
                "entity_type": "rhex:dragon_head",
                "size": 20,
                "entity_lifespan": 1.1
                },
              {
                "shape": "circle",
                "target": "self",
                "base_delay": 0.15,
                "delay_per_summon": 0.0,
                "num_entities_spawned": 1,
                "entity_type": "minecraft:tnt",
                "size": 0.0,
                "entity_lifespan": 5
                }
            ]
          },
          {
            "weight": 2,
            "cooldown_time": 10.0,
            "cast_duration": 5.0,
            "particle_color": "#FFB3B3CC",
            "sequence": [
              {
              "shape": "circle",
                "target": "target",
                "base_delay": 0.1,
                "num_entities_spawned": 10,
                "entity_type": "rhex:dragon_fireball",
                "summon_cap": 8,
                "summon_cap_radius": 16.0,
                "size": 6.0,
                "sound_event": "prepare.summon"
                },
              {
                "shape": "circle",
                "target": "target",
                "base_delay": 0.2,
                "num_entities_spawned": 8,
                "entity_type": "rhex:dragon_fireball",
                "summon_cap": 8,
                "summon_cap_radius": 16.0,
                "size": 5.0,
                "sound_event": "prepare.summon"
                },
              {
                "shape": "circle",
                "target": "target",
                "base_delay": 0.1,
                "num_entities_spawned": 6,
                "entity_type": "rhex:dragon_fireball",
                "summon_cap": 8,
                "summon_cap_radius": 16.0,
                "size": 4.0,
                "sound_event": "prepare.summon"
                },
              {
                "shape": "circle",
                "target": "target",
                "base_delay": 0.3,
                "num_entities_spawned": 4,
                "entity_type": "rhex:dragon_fireball",
                "summon_cap": 8,
                "summon_cap_radius": 16.0,
                "size": 3.0,
                "sound_event": "prepare.summon"
                },
              {
                "shape": "circle",
                "target": "target",
                "base_delay": 0.4,
                "num_entities_spawned": 2,
                "entity_type": "rhex:dragon_fireball",
                "summon_cap": 8,
                "summon_cap_radius": 16.0,
                "size": 2.0,
                "sound_event": "prepare.summon"
                },
              {
                "shape": "circle",
                "target": "self",
                "base_delay": 0.1,
                "delay_per_summon": 0.0,
                "num_entities_spawned": 1,
                "entity_type": "minecraft:tnt",
                "size": 0.0,
                "entity_lifespan": 5
                }
            ]
          },
          {
            "weight": 2,
            "cooldown_time": 10.0,
            "cast_duration": 5.0,
            "particle_color": "#FFB3B3CC",
            "sequence": [
              {
              "shape": "circle",
                "target": "target",
                "base_delay": 0.1,
                "num_entities_spawned": 10,
                "entity_type": "rhex:dragon_head2",
                "summon_cap": 8,
                "summon_cap_radius": 16.0,
                "size": 6.0,
                "sound_event": "prepare.summon"
                },
              {
                "shape": "circle",
                "target": "target",
                "base_delay": 0.2,
                "num_entities_spawned": 8,
                "entity_type": "rhex:dragon_head2",
                "summon_cap": 8,
                "summon_cap_radius": 16.0,
                "size": 5.0,
                "sound_event": "prepare.summon"
                },
              {
                "shape": "circle",
                "target": "target",
                "base_delay": 0.1,
                "num_entities_spawned": 6,
                "entity_type": "rhex:dragon_head2",
                "summon_cap": 8,
                "summon_cap_radius": 16.0,
                "size": 4.0,
                "sound_event": "prepare.summon"
                },
              {
                "shape": "circle",
                "target": "target",
                "base_delay": 0.3,
                "num_entities_spawned": 4,
                "entity_type": "rhex:dragon_head2",
                "summon_cap": 8,
                "summon_cap_radius": 16.0,
                "size": 3.0,
                "sound_event": "prepare.summon"
                },
              {
                "shape": "circle",
                "target": "target",
                "base_delay": 0.4,
                "num_entities_spawned": 2,
                "entity_type": "rhex:dragon_head2",
                "summon_cap": 8,
                "summon_cap_radius": 16.0,
                "size": 2.0,
                "sound_event": "prepare.summon"
                },
              {
                "shape": "circle",
                "target": "self",
                "base_delay": 0.1,
                "delay_per_summon": 0.0,
                "num_entities_spawned": 1,
                "entity_type": "minecraft:tnt",
                "size": 0.0,
                "entity_lifespan": 5
                }
            ]
          },
          {
            "weight": 2,
            "cooldown_time": 10.0,
            "cast_duration": 5.0,
            "particle_color": "#FFB3B3CC",
            "sequence": [
              {
              "shape": "circle",
                "target": "target",
                "base_delay": 0.1,
                "num_entities_spawned": 10,
                "entity_type": "rhex:dragon_head",
                "summon_cap": 8,
                "summon_cap_radius": 16.0,
                "size": 12.0,
                "sound_event": "prepare.summon"
                },
              {
                "shape": "circle",
                "target": "target",
                "base_delay": 0.2,
                "num_entities_spawned": 10,
                "entity_type": "rhex:dragon_head",
                "summon_cap": 8,
                "summon_cap_radius": 16.0,
                "size": 10.0,
                "sound_event": "prepare.summon"
                },
              {
                "shape": "circle",
                "target": "target",
                "base_delay": 0.1,
                "num_entities_spawned": 5,
                "entity_type": "rhex:dragon_head",
                "summon_cap": 8,
                "summon_cap_radius": 16.0,
                "size": 8.0,
                "sound_event": "prepare.summon"
                },
              {
                "shape": "circle",
                "target": "target",
                "base_delay": 0.3,
                "num_entities_spawned": 10,
                "entity_type": "rhex:dragon_head",
                "summon_cap": 8,
                "summon_cap_radius": 16.0,
                "size": 6.0,
                "sound_event": "prepare.summon"
                },
              {
                "shape": "circle",
                "target": "target",
                "base_delay": 0.4,
                "num_entities_spawned": 5,
                "entity_type": "rhex:dragon_head",
                "summon_cap": 8,
                "summon_cap_radius": 16.0,
                "size": 4.0,
                "sound_event": "prepare.summon"
                },
              {
                "shape": "circle",
                "target": "self",
                "base_delay": 0.1,
                "delay_per_summon": 0.0,
                "num_entities_spawned": 1,
                "entity_type": "minecraft:tnt",
                "size": 0.0,
                "entity_lifespan": 5
              }
            ]
          }
        ]
      },
      "minecraft:collision_box": {
        "width": 2,
        "height": 3.5
      },
      "minecraft:fire_immune": {
      },
      "minecraft:loot": {
        "table": "loot_tables/entities/wither_boss.json"
      },
      "minecraft:nameable": {
      },
      
      "minecraft:movement": {
        "value": 0.25
      },
      "minecraft:navigation.walk": {
        "can_path_over_water": true,
        "avoid_water": true
      },
      "minecraft:movement.basic": {
        "max_turn":  180.0
      },
      "minecraft:jump.static": {
      },
      "minecraft:can_climb": {
      },
      "minecraft:can_fly": {
      },
      "minecraft:behavior.float": {
        "priority": 1
      },
      "minecraft:behavior.wither_random_attack_pos_goal": {
        "priority": 3
      },
      "minecraft:behavior.wither_target_highest_damage": {
        "priority": 1
      },
      "minecraft:behavior.hurt_by_target": {
        "priority": 2
      },
      "minecraft:behavior.nearest_attackable_target": {
        "priority": 3,
        "entity_types": [
          {
            "filters": { "test" :  "is_family", "subject" : "other", "value" :  "player"},
            "max_dist": 70
          },
          {
            "filters": {
               "all_of": [
                {
                  "test": "is_family",
                  "subject": "other",
                  "operator": "!=",
                  "value": "undead"
                },
                {
                  "test": "is_family",
                  "subject": "other",
                  "operator": "!=",
                  "value": "inanimate"
                  },
                {
                  "test": "is_family",
                  "subject": "other",
                  "operator": "!=",
                  "value": "wd"
                }
              ]
            },
            "max_dist": 70
          }
        ],
        "must_see": true
      },
      "minecraft:behavior.random_stroll": {
        "priority": 5,
        "speed_multiplier": 1
      },
      "minecraft:behavior.look_at_target": {
        "priority": 5
      },
      "minecraft:behavior.look_at_player": {
        "priority": 6,
        "look_distance": 8
      },
      "minecraft:behavior.random_look_around": {
        "priority": 7
      },
      "minecraft:type_family": {
        "family": [ "wd","wither", "skeleton", "monster", "undead", "mob" ]
      },
      "minecraft:persistent": {
      },
      "minecraft:physics": {
      },
      "minecraft:pushable": {
        "is_pushable": true,
        "is_pushable_by_piston": true
      }
    },

    "events": {
      "minecraft:entity_spawned": {
      }
    }
  }
}