{
	"format_version": "1.12.0",
	"minecraft:geometry": [
		{
			"description": {
				"identifier": "geometry.Dragon_wither_armor",
				"texture_width": 32,
				"texture_height": 16,
				"visible_bounds_width": 8,
				"visible_bounds_height": 5.5,
				"visible_bounds_offset": [0, 2.25, 0]
			},
			"bones": [
				{
					"name": "Body2",
					"pivot": [0, 28, 0],
					"cubes": [
						{"origin": [-2, 14, -2], "size": [4, 14, 4], "inflate": 0.5, "uv": [8, 0]}
					]
				},
				{
					"name": "Wing",
					"parent": "Body2",
					"pivot": [-1, 27, 2],
					"rotation": [0, 30, 30],
					"cubes": [
						{"origin": [-29, 25, 2], "size": [28, 4, 4], "inflate": 0.5, "uv": [8, 0]},
						{"origin": [-15, 23, 3], "size": [12, 2, 2], "inflate": 0.5, "pivot": [-4, 25, 4], "rotation": [0, 0, -65], "uv": [8, 0]},
						{"origin": [-20, 23, 3], "size": [12, 2, 2], "inflate": 0.5, "pivot": [-9, 25, 4], "rotation": [0, 0, -65], "uv": [8, 0]},
						{"origin": [-25, 23, 3], "size": [12, 2, 2], "inflate": 0.5, "pivot": [-14, 25, 4], "rotation": [0, 0, -65], "uv": [8, 0]},
						{"origin": [-29, 23, 3], "size": [11, 2, 2], "inflate": 0.5, "pivot": [-19, 25, 4], "rotation": [0, 0, -65], "uv": [8, 0]},
						{"origin": [-34, 23, 3], "size": [11, 2, 2], "inflate": 0.5, "pivot": [-24, 25, 4], "rotation": [0, 0, -65], "uv": [8, 0]},
						{"origin": [-36, 23, 3], "size": [8, 2, 2], "inflate": 0.5, "pivot": [-29, 25, 4], "rotation": [0, 0, -65], "uv": [8, 0]}
					]
				},
				{
					"name": "Wing2",
					"parent": "Wing",
					"pivot": [-29, 27, 4],
					"rotation": [0, 0, -30],
					"cubes": [
						{"origin": [-57, 26, 3], "size": [28, 2, 2], "inflate": 0.5, "uv": [8, 0]},
						{"origin": [-41, 24, 3], "size": [8, 2, 2], "inflate": 0.5, "pivot": [-34, 26, 4], "rotation": [0, 0, -65], "uv": [8, 0]},
						{"origin": [-46, 24, 3], "size": [8, 2, 2], "inflate": 0.5, "pivot": [-39, 26, 4], "rotation": [0, 0, -65], "uv": [8, 0]},
						{"origin": [-50, 24, 3], "size": [7, 2, 2], "inflate": 0.5, "pivot": [-44, 26, 4], "rotation": [0, 0, -65], "uv": [8, 0]},
						{"origin": [-55, 24, 3], "size": [7, 2, 2], "inflate": 0.5, "pivot": [-49, 26, 4], "rotation": [0, 0, -65], "uv": [8, 0]},
						{"origin": [-59, 24, 3], "size": [5, 2, 2], "inflate": 0.5, "pivot": [-55, 26, 4], "rotation": [0, 0, -65], "uv": [8, 0]}
					]
				},
				{
					"name": "Wing5",
					"parent": "Body2",
					"pivot": [1, 27, 2],
					"rotation": [0, -30, -30],
					"cubes": [
						{"origin": [1, 25, 2], "size": [28, 4, 4], "inflate": 0.5, "uv": [8, 0]},
						{"origin": [3, 23, 3], "size": [12, 2, 2], "inflate": 0.5, "pivot": [4, 25, 4], "rotation": [0, 0, 65], "uv": [8, 0]},
						{"origin": [8, 23, 3], "size": [12, 2, 2], "inflate": 0.5, "pivot": [9, 25, 4], "rotation": [0, 0, 65], "uv": [8, 0]},
						{"origin": [13, 23, 3], "size": [12, 2, 2], "inflate": 0.5, "pivot": [14, 25, 4], "rotation": [0, 0, 65], "uv": [8, 0]},
						{"origin": [18, 23, 3], "size": [11, 2, 2], "inflate": 0.5, "pivot": [19, 25, 4], "rotation": [0, 0, 65], "uv": [8, 0]},
						{"origin": [23, 23, 3], "size": [11, 2, 2], "inflate": 0.5, "pivot": [24, 25, 4], "rotation": [0, 0, 65], "uv": [8, 0]},
						{"origin": [28, 23, 3], "size": [8, 2, 2], "inflate": 0.5, "pivot": [29, 25, 4], "rotation": [0, 0, 65], "uv": [8, 0]}
					]
				},
				{
					"name": "Wing6",
					"parent": "Wing5",
					"pivot": [29, 27, 4],
					"rotation": [0, 0, 30],
					"cubes": [
						{"origin": [29, 26, 3], "size": [28, 2, 2], "inflate": 0.5, "uv": [8, 0]},
						{"origin": [33, 24, 3], "size": [8, 2, 2], "inflate": 0.5, "pivot": [34, 26, 4], "rotation": [0, 0, 65], "uv": [8, 0]},
						{"origin": [38, 24, 3], "size": [8, 2, 2], "inflate": 0.5, "pivot": [39, 26, 4], "rotation": [0, 0, 65], "uv": [8, 0]},
						{"origin": [43, 24, 3], "size": [7, 2, 2], "inflate": 0.5, "pivot": [44, 26, 4], "rotation": [0, 0, 65], "uv": [8, 0]},
						{"origin": [48, 24, 3], "size": [7, 2, 2], "inflate": 0.5, "pivot": [49, 26, 4], "rotation": [0, 0, 65], "uv": [8, 0]},
						{"origin": [54, 24, 3], "size": [5, 2, 2], "inflate": 0.5, "pivot": [55, 26, 4], "rotation": [0, 0, 65], "uv": [8, 0]}
					]
				},
				{
					"name": "Wing3",
					"parent": "Body2",
					"pivot": [-1, 17, 2],
					"rotation": [6.37043, 38.50918, 33.59817],
					"cubes": [
						{"origin": [-29, 15, 2], "size": [28, 4, 4], "inflate": 0.5, "uv": [8, 0]},
						{"origin": [-15, 13, 3], "size": [12, 2, 2], "inflate": 0.5, "pivot": [-4, 15, 4], "rotation": [0, 0, -65], "uv": [8, 0]},
						{"origin": [-20, 13, 3], "size": [12, 2, 2], "inflate": 0.5, "pivot": [-9, 15, 4], "rotation": [0, 0, -65], "uv": [8, 0]},
						{"origin": [-25, 13, 3], "size": [12, 2, 2], "inflate": 0.5, "pivot": [-14, 15, 4], "rotation": [0, 0, -65], "uv": [8, 0]},
						{"origin": [-29, 13, 3], "size": [11, 2, 2], "inflate": 0.5, "pivot": [-19, 15, 4], "rotation": [0, 0, -65], "uv": [8, 0]},
						{"origin": [-34, 13, 3], "size": [11, 2, 2], "inflate": 0.5, "pivot": [-24, 15, 4], "rotation": [0, 0, -65], "uv": [8, 0]},
						{"origin": [-36, 13, 3], "size": [8, 2, 2], "inflate": 0.5, "pivot": [-29, 15, 4], "rotation": [0, 0, -65], "uv": [8, 0]}
					]
				},
				{
					"name": "Wing4",
					"parent": "Wing3",
					"pivot": [-29, 17, 4],
					"rotation": [0, 0, -30],
					"cubes": [
						{"origin": [-57, 16, 3], "size": [28, 2, 2], "inflate": 0.5, "uv": [8, 0]},
						{"origin": [-41, 14, 3], "size": [8, 2, 2], "inflate": 0.5, "pivot": [-34, 16, 4], "rotation": [0, 0, -65], "uv": [8, 0]},
						{"origin": [-46, 14, 3], "size": [8, 2, 2], "inflate": 0.5, "pivot": [-39, 16, 4], "rotation": [0, 0, -65], "uv": [8, 0]},
						{"origin": [-50, 14, 3], "size": [7, 2, 2], "inflate": 0.5, "pivot": [-44, 16, 4], "rotation": [0, 0, -65], "uv": [8, 0]},
						{"origin": [-55, 14, 3], "size": [7, 2, 2], "inflate": 0.5, "pivot": [-49, 16, 4], "rotation": [0, 0, -65], "uv": [8, 0]},
						{"origin": [-59, 14, 3], "size": [5, 2, 2], "inflate": 0.5, "pivot": [-55, 16, 4], "rotation": [0, 0, -65], "uv": [8, 0]}
					]
				},
				{
					"name": "Wing7",
					"parent": "Body2",
					"pivot": [1, 17, 2],
					"rotation": [6.37043, -38.50918, -33.59817],
					"cubes": [
						{"origin": [1, 15, 2], "size": [28, 4, 4], "inflate": 0.5, "uv": [8, 0]},
						{"origin": [3, 13, 3], "size": [12, 2, 2], "inflate": 0.5, "pivot": [4, 15, 4], "rotation": [0, 0, 65], "uv": [8, 0]},
						{"origin": [8, 13, 3], "size": [12, 2, 2], "inflate": 0.5, "pivot": [9, 15, 4], "rotation": [0, 0, 65], "uv": [8, 0]},
						{"origin": [13, 13, 3], "size": [12, 2, 2], "inflate": 0.5, "pivot": [14, 15, 4], "rotation": [0, 0, 65], "uv": [8, 0]},
						{"origin": [18, 13, 3], "size": [11, 2, 2], "inflate": 0.5, "pivot": [19, 15, 4], "rotation": [0, 0, 65], "uv": [8, 0]},
						{"origin": [23, 13, 3], "size": [11, 2, 2], "inflate": 0.5, "pivot": [24, 15, 4], "rotation": [0, 0, 65], "uv": [8, 0]},
						{"origin": [28, 13, 3], "size": [8, 2, 2], "inflate": 0.5, "pivot": [29, 15, 4], "rotation": [0, 0, 65], "uv": [8, 0]}
					]
				},
				{
					"name": "Wing8",
					"parent": "Wing7",
					"pivot": [29, 17, 4],
					"rotation": [0, 0, 30],
					"cubes": [
						{"origin": [29, 16, 3], "size": [28, 2, 2], "inflate": 0.5, "uv": [8, 0]},
						{"origin": [33, 14, 3], "size": [8, 2, 2], "inflate": 0.5, "pivot": [34, 16, 4], "rotation": [0, 0, 65], "uv": [8, 0]},
						{"origin": [38, 14, 3], "size": [8, 2, 2], "inflate": 0.5, "pivot": [39, 16, 4], "rotation": [0, 0, 65], "uv": [8, 0]},
						{"origin": [43, 14, 3], "size": [7, 2, 2], "inflate": 0.5, "pivot": [44, 16, 4], "rotation": [0, 0, 65], "uv": [8, 0]},
						{"origin": [48, 14, 3], "size": [7, 2, 2], "inflate": 0.5, "pivot": [49, 16, 4], "rotation": [0, 0, 65], "uv": [8, 0]},
						{"origin": [54, 14, 3], "size": [5, 2, 2], "inflate": 0.5, "pivot": [55, 16, 4], "rotation": [0, 0, 65], "uv": [8, 0]}
					]
				},
				{
					"name": "bone",
					"parent": "Body2",
					"pivot": [-2, 27, 0],
					"rotation": [0, -12.5, 0],
					"cubes": [
						{"origin": [-10, 26, -1], "size": [8, 2, 2], "inflate": 0.5, "uv": [8, 0]}
					]
				},
				{
					"name": "bone2",
					"parent": "bone",
					"pivot": [-10, 27, 0],
					"rotation": [0, -60, 0],
					"cubes": [
						{"origin": [-18, 26, -1], "size": [8, 2, 2], "inflate": 0.5, "uv": [8, 0]}
					]
				},
				{
					"name": "bone11",
					"parent": "Body2",
					"pivot": [2, 27, 0],
					"rotation": [0, 12.5, 0],
					"cubes": [
						{"origin": [2, 26, -1], "size": [8, 2, 2], "inflate": 0.5, "uv": [8, 0]}
					]
				},
				{
					"name": "bone12",
					"parent": "bone11",
					"pivot": [10, 27, 0],
					"rotation": [0, 60, 0],
					"cubes": [
						{"origin": [10, 26, -1], "size": [8, 2, 2], "inflate": 0.5, "uv": [8, 0]}
					]
				},
				{
					"name": "bone3",
					"parent": "Body2",
					"pivot": [-2, 24, 0],
					"rotation": [0, -10, 0],
					"cubes": [
						{"origin": [-9, 23, -1], "size": [7, 2, 2], "inflate": 0.5, "uv": [8, 0]}
					]
				},
				{
					"name": "bone4",
					"parent": "bone3",
					"pivot": [-9, 24, 0],
					"rotation": [0, -60, 0],
					"cubes": [
						{"origin": [-16, 23, -1], "size": [7, 2, 2], "inflate": 0.5, "uv": [8, 0]}
					]
				},
				{
					"name": "bone13",
					"parent": "Body2",
					"pivot": [2, 24, 0],
					"rotation": [0, 10, 0],
					"cubes": [
						{"origin": [2, 23, -1], "size": [7, 2, 2], "inflate": 0.5, "uv": [8, 0]}
					]
				},
				{
					"name": "bone14",
					"parent": "bone13",
					"pivot": [9, 24, 0],
					"rotation": [0, 60, 0],
					"cubes": [
						{"origin": [9, 23, -1], "size": [7, 2, 2], "inflate": 0.5, "uv": [8, 0]}
					]
				},
				{
					"name": "bone5",
					"parent": "Body2",
					"pivot": [-2, 21, 0],
					"rotation": [0, -7.5, 0],
					"cubes": [
						{"origin": [-9, 20, -1], "size": [7, 2, 2], "inflate": 0.5, "uv": [8, 0]}
					]
				},
				{
					"name": "bone6",
					"parent": "bone5",
					"pivot": [-9, 21, 0],
					"rotation": [0, -60, 0],
					"cubes": [
						{"origin": [-16, 20, -1], "size": [7, 2, 2], "inflate": 0.5, "uv": [8, 0]}
					]
				},
				{
					"name": "bone15",
					"parent": "Body2",
					"pivot": [2, 21, 0],
					"rotation": [0, 7.5, 0],
					"cubes": [
						{"origin": [2, 20, -1], "size": [7, 2, 2], "inflate": 0.5, "uv": [8, 0]}
					]
				},
				{
					"name": "bone16",
					"parent": "bone15",
					"pivot": [9, 21, 0],
					"rotation": [0, 60, 0],
					"cubes": [
						{"origin": [9, 20, -1], "size": [7, 2, 2], "inflate": 0.5, "uv": [8, 0]}
					]
				},
				{
					"name": "bone7",
					"parent": "Body2",
					"pivot": [-2, 18, 0],
					"rotation": [0, -5, 0],
					"cubes": [
						{"origin": [-8, 17, -1], "size": [6, 2, 2], "inflate": 0.5, "uv": [8, 0]}
					]
				},
				{
					"name": "bone8",
					"parent": "bone7",
					"pivot": [-8, 18, 0],
					"rotation": [0, -60, 0],
					"cubes": [
						{"origin": [-14, 17, -1], "size": [6, 2, 2], "inflate": 0.5, "uv": [8, 0]}
					]
				},
				{
					"name": "bone17",
					"parent": "Body2",
					"pivot": [2, 18, 0],
					"rotation": [0, 5, 0],
					"cubes": [
						{"origin": [2, 17, -1], "size": [6, 2, 2], "inflate": 0.5, "uv": [8, 0]}
					]
				},
				{
					"name": "bone18",
					"parent": "bone17",
					"pivot": [8, 18, 0],
					"rotation": [0, 60, 0],
					"cubes": [
						{"origin": [8, 17, -1], "size": [6, 2, 2], "inflate": 0.5, "uv": [8, 0]}
					]
				},
				{
					"name": "bone9",
					"parent": "Body2",
					"pivot": [-2, 15, 0],
					"rotation": [0, -2.5, 0],
					"cubes": [
						{"origin": [-6, 14, -1], "size": [4, 2, 2], "inflate": 0.5, "uv": [8, 0]}
					]
				},
				{
					"name": "bone10",
					"parent": "bone9",
					"pivot": [-6, 15, 0],
					"rotation": [0, -60, 0],
					"cubes": [
						{"origin": [-10, 14, -1], "size": [4, 2, 2], "inflate": 0.5, "uv": [8, 0]}
					]
				},
				{
					"name": "bone19",
					"parent": "Body2",
					"pivot": [2, 15, 0],
					"rotation": [0, 2.5, 0],
					"cubes": [
						{"origin": [2, 14, -1], "size": [4, 2, 2], "inflate": 0.5, "uv": [8, 0]}
					]
				},
				{
					"name": "bone20",
					"parent": "bone19",
					"pivot": [6, 15, 0],
					"rotation": [0, 60, 0],
					"cubes": [
						{"origin": [6, 14, -1], "size": [4, 2, 2], "inflate": 0.5, "uv": [8, 0]}
					]
				},
				{
					"name": "Body",
					"parent": "Body2",
					"pivot": [0, 14, 0],
					"rotation": [30, 0, 0],
					"cubes": [
						{"origin": [-2, 0, -2], "size": [4, 14, 4], "inflate": 0.5, "uv": [8, 0]}
					]
				},
				{
					"name": "Body3",
					"parent": "Body2",
					"pivot": [0, 28, 0],
					"cubes": [
						{"origin": [-4, 28, -2], "size": [8, 4, 4], "inflate": 0.5, "uv": [8, 0]}
					]
				},
				{
					"name": "Body4",
					"parent": "Body3",
					"pivot": [0, 32, 0],
					"rotation": [30, 0, 0],
					"cubes": [
						{"origin": [-2, 32, -2], "size": [4, 8, 4], "inflate": 0.5, "uv": [8, 0]},
						{"origin": [-0.5, 37, 2], "size": [1, 2, 3], "inflate": 0.5, "uv": [8, 0]},
						{"origin": [-0.5, 34, 2], "size": [1, 2, 3], "inflate": 0.5, "uv": [8, 0]}
					]
				},
				{
					"name": "Body5",
					"parent": "Body4",
					"pivot": [0, 40, 0],
					"rotation": [30, 0, 0],
					"cubes": [
						{"origin": [-2, 40, -2], "size": [4, 8, 4], "inflate": 0.5, "uv": [8, 0]},
						{"origin": [-0.5, 46, 2], "size": [1, 2, 3], "inflate": 0.5, "uv": [8, 0]},
						{"origin": [-0.5, 43, 2], "size": [1, 2, 3], "inflate": 0.5, "uv": [8, 0]},
						{"origin": [-0.5, 40, 2], "size": [1, 2, 3], "inflate": 0.5, "uv": [8, 0]}
					]
				},
				{
					"name": "Head",
					"parent": "Body5",
					"pivot": [0, 48, 0],
					"rotation": [-50, 0, 0],
					"cubes": [
						{"origin": [-4, 48, -4], "size": [8, 8, 8], "inflate": 0.5, "uv": [8, 0]}
					]
				},
				{
					"name": "Jaw",
					"parent": "Head",
					"pivot": [0, 51, -4],
					"cubes": [
						{"origin": [-3, 50, -12], "size": [6, 2, 8], "inflate": 0.5, "uv": [8, 0]},
						{"origin": [-2, 52, -11], "size": [1, 1, 2], "inflate": 0.5, "uv": [8, 0]},
						{"origin": [1, 52, -11], "size": [1, 1, 2], "inflate": 0.5, "uv": [8, 0]}
					]
				},
				{
					"name": "Jaw2",
					"parent": "Head",
					"pivot": [0, 49, -4],
					"cubes": [
						{"origin": [-3, 49, -13], "size": [6, 1, 9], "inflate": 0.5, "uv": [8, 0]}
					]
				},
				{
					"name": "Horn",
					"parent": "Head",
					"pivot": [-2, 56, 1],
					"rotation": [26.56505, 14.47751, -56.56505],
					"cubes": [
						{"origin": [-3, 56, 0], "size": [2, 4, 2], "inflate": 0.5, "uv": [8, 0]}
					]
				},
				{
					"name": "Horn2",
					"parent": "Horn",
					"pivot": [-2, 60, 1],
					"rotation": [-40, 0, 0],
					"cubes": [
						{"origin": [-3, 60, 0], "size": [2, 5, 2], "inflate": 0.5, "uv": [8, 0]}
					]
				},
				{
					"name": "Horn3",
					"parent": "Horn2",
					"pivot": [-2, 65, 1],
					"rotation": [-30, 0, 0],
					"cubes": [
						{"origin": [-3, 65, 0], "size": [2, 6, 2], "inflate": 0.5, "uv": [8, 0]}
					]
				},
				{
					"name": "Horn4",
					"parent": "Head",
					"pivot": [2, 56, 1],
					"rotation": [26.56505, -14.47751, 56.56505],
					"cubes": [
						{"origin": [1, 56, 0], "size": [2, 4, 2], "inflate": 0.5, "uv": [8, 0]}
					]
				},
				{
					"name": "Horn5",
					"parent": "Horn4",
					"pivot": [2, 60, 1],
					"rotation": [-40, 0, 0],
					"cubes": [
						{"origin": [1, 60, 0], "size": [2, 5, 2], "inflate": 0.5, "uv": [8, 0]}
					]
				},
				{
					"name": "Horn6",
					"parent": "Horn5",
					"pivot": [2, 65, 1],
					"rotation": [-30, 0, 0],
					"cubes": [
						{"origin": [1, 65, 0], "size": [2, 6, 2], "inflate": 0.5, "uv": [8, 0]}
					]
				},
				{
					"name": "Body6",
					"parent": "Body3",
					"pivot": [-4, 30, 0],
					"rotation": [30, 0, -65],
					"cubes": [
						{"origin": [-6, 30, -2], "size": [4, 8, 4], "inflate": 0.5, "uv": [8, 0]},
						{"origin": [-4.5, 35, 2], "size": [1, 2, 3], "inflate": 0.5, "uv": [8, 0]},
						{"origin": [-4.5, 32, 2], "size": [1, 2, 3], "inflate": 0.5, "uv": [8, 0]}
					]
				},
				{
					"name": "Body7",
					"parent": "Body6",
					"pivot": [-4, 38, 0],
					"rotation": [30, 0, 0],
					"cubes": [
						{"origin": [-6, 38, -2], "size": [4, 8, 4], "inflate": 0.5, "uv": [8, 0]},
						{"origin": [-4.5, 44, 2], "size": [1, 2, 3], "inflate": 0.5, "uv": [8, 0]},
						{"origin": [-4.5, 41, 2], "size": [1, 2, 3], "inflate": 0.5, "uv": [8, 0]},
						{"origin": [-4.5, 38, 2], "size": [1, 2, 3], "inflate": 0.5, "uv": [8, 0]}
					]
				},
				{
					"name": "Head2",
					"parent": "Body7",
					"pivot": [-4, 46, 0],
					"rotation": [-50, 50, 0],
					"cubes": [
						{"origin": [-8, 46, -4], "size": [8, 8, 8], "inflate": 0.5, "uv": [8, 0]}
					]
				},
				{
					"name": "Jaw3",
					"parent": "Head2",
					"pivot": [-4, 49, -4],
					"cubes": [
						{"origin": [-7, 48, -12], "size": [6, 2, 8], "inflate": 0.5, "uv": [8, 0]},
						{"origin": [-6, 50, -11], "size": [1, 1, 2], "inflate": 0.5, "uv": [8, 0]},
						{"origin": [-3, 50, -11], "size": [1, 1, 2], "inflate": 0.5, "uv": [8, 0]}
					]
				},
				{
					"name": "Jaw4",
					"parent": "Head2",
					"pivot": [-4, 47, -4],
					"cubes": [
						{"origin": [-7, 47, -13], "size": [6, 1, 9], "inflate": 0.5, "uv": [8, 0]}
					]
				},
				{
					"name": "Horn7",
					"parent": "Head2",
					"pivot": [-6, 54, 1],
					"rotation": [26.56505, 14.47751, -56.56505],
					"cubes": [
						{"origin": [-7, 54, 0], "size": [2, 4, 2], "inflate": 0.5, "uv": [8, 0]}
					]
				},
				{
					"name": "Horn8",
					"parent": "Horn7",
					"pivot": [-6, 58, 1],
					"rotation": [-40, 0, 0],
					"cubes": [
						{"origin": [-7, 58, 0], "size": [2, 5, 2], "inflate": 0.5, "uv": [8, 0]}
					]
				},
				{
					"name": "Horn9",
					"parent": "Horn8",
					"pivot": [-6, 63, 1],
					"rotation": [-30, 0, 0],
					"cubes": [
						{"origin": [-7, 63, 0], "size": [2, 6, 2], "inflate": 0.5, "uv": [8, 0]}
					]
				},
				{
					"name": "Horn10",
					"parent": "Head2",
					"pivot": [-2, 54, 1],
					"rotation": [26.56505, -14.47751, 56.56505],
					"cubes": [
						{"origin": [-3, 54, 0], "size": [2, 4, 2], "inflate": 0.5, "uv": [8, 0]}
					]
				},
				{
					"name": "Horn11",
					"parent": "Horn10",
					"pivot": [-2, 58, 1],
					"rotation": [-40, 0, 0],
					"cubes": [
						{"origin": [-3, 58, 0], "size": [2, 5, 2], "inflate": 0.5, "uv": [8, 0]}
					]
				},
				{
					"name": "Horn12",
					"parent": "Horn11",
					"pivot": [-2, 63, 1],
					"rotation": [-30, 0, 0],
					"cubes": [
						{"origin": [-3, 63, 0], "size": [2, 6, 2], "inflate": 0.5, "uv": [8, 0]}
					]
				},
				{
					"name": "Body8",
					"parent": "Body3",
					"pivot": [4, 30, 0],
					"rotation": [30, 0, 65],
					"cubes": [
						{"origin": [2, 30, -2], "size": [4, 8, 4], "inflate": 0.5, "uv": [8, 0]},
						{"origin": [3.5, 35, 2], "size": [1, 2, 3], "inflate": 0.5, "uv": [8, 0]},
						{"origin": [3.5, 32, 2], "size": [1, 2, 3], "inflate": 0.5, "uv": [8, 0]}
					]
				},
				{
					"name": "Body9",
					"parent": "Body8",
					"pivot": [4, 38, 0],
					"rotation": [30, 0, 0],
					"cubes": [
						{"origin": [2, 38, -2], "size": [4, 8, 4], "inflate": 0.5, "uv": [8, 0]},
						{"origin": [3.5, 44, 2], "size": [1, 2, 3], "inflate": 0.5, "uv": [8, 0]},
						{"origin": [3.5, 41, 2], "size": [1, 2, 3], "inflate": 0.5, "uv": [8, 0]},
						{"origin": [3.5, 38, 2], "size": [1, 2, 3], "inflate": 0.5, "uv": [8, 0]}
					]
				},
				{
					"name": "Head3",
					"parent": "Body9",
					"pivot": [4, 46, 0],
					"rotation": [-50, -50, 0],
					"cubes": [
						{"origin": [0, 46, -4], "size": [8, 8, 8], "inflate": 0.5, "uv": [8, 0]}
					]
				},
				{
					"name": "Jaw5",
					"parent": "Head3",
					"pivot": [4, 49, -4],
					"cubes": [
						{"origin": [1, 48, -12], "size": [6, 2, 8], "inflate": 0.5, "uv": [8, 0]},
						{"origin": [5, 50, -11], "size": [1, 1, 2], "inflate": 0.5, "uv": [8, 0]},
						{"origin": [2, 50, -11], "size": [1, 1, 2], "inflate": 0.5, "uv": [8, 0]}
					]
				},
				{
					"name": "Jaw6",
					"parent": "Head3",
					"pivot": [4, 47, -4],
					"cubes": [
						{"origin": [1, 47, -13], "size": [6, 1, 9], "inflate": 0.5, "uv": [8, 0]}
					]
				},
				{
					"name": "Horn13",
					"parent": "Head3",
					"pivot": [6, 54, 1],
					"rotation": [26.56505, -14.47751, 56.56505],
					"cubes": [
						{"origin": [5, 54, 0], "size": [2, 4, 2], "inflate": 0.5, "uv": [8, 0]}
					]
				},
				{
					"name": "Horn14",
					"parent": "Horn13",
					"pivot": [6, 58, 1],
					"rotation": [-40, 0, 0],
					"cubes": [
						{"origin": [5, 58, 0], "size": [2, 5, 2], "inflate": 0.5, "uv": [8, 0]}
					]
				},
				{
					"name": "Horn15",
					"parent": "Horn14",
					"pivot": [6, 63, 1],
					"rotation": [-30, 0, 0],
					"cubes": [
						{"origin": [5, 63, 0], "size": [2, 6, 2], "inflate": 0.5, "uv": [8, 0]}
					]
				},
				{
					"name": "Horn16",
					"parent": "Head3",
					"pivot": [2, 54, 1],
					"rotation": [26.56505, 14.47751, -56.56505],
					"cubes": [
						{"origin": [1, 54, 0], "size": [2, 4, 2], "inflate": 0.5, "uv": [8, 0]}
					]
				},
				{
					"name": "Horn17",
					"parent": "Horn16",
					"pivot": [2, 58, 1],
					"rotation": [-40, 0, 0],
					"cubes": [
						{"origin": [1, 58, 0], "size": [2, 5, 2], "inflate": 0.5, "uv": [8, 0]}
					]
				},
				{
					"name": "Horn18",
					"parent": "Horn17",
					"pivot": [2, 63, 1],
					"rotation": [-30, 0, 0],
					"cubes": [
						{"origin": [1, 63, 0], "size": [2, 6, 2], "inflate": 0.5, "uv": [8, 0]}
					]
				}
			]
		}
	]
}