{
	"format_version": "1.10.0",
	"geometry.dragonhead": {
		"texturewidth": 256,
		"textureheight": 256,
		"visible_bounds_width": 14,
		"visible_bounds_height": 13,
		"visible_bounds_offset": [0, 2, 0],
		"bones": [
			{
				"name": "head",
				"pivot": [0, 6, 0],
				"rotation": [-90, 0, 0],
				"cubes": [
					{"origin": [-6, 2, -24], "size": [12, 5, 16], "uv": [176, 44]},
					{"origin": [-8, -2, -10], "size": [16, 16, 16], "uv": [112, 30]},
					{"origin": [-5, 14, -4], "size": [2, 4, 6], "uv": [0, 0], "mirror": true},
					{"origin": [-5, 7, -22], "size": [2, 2, 4], "uv": [112, 0], "mirror": true},
					{"origin": [3, 14, -4], "size": [2, 4, 6], "uv": [0, 0]},
					{"origin": [3, 7, -22], "size": [2, 2, 4], "uv": [112, 0]}
				]
			},
			{
				"name": "jaw",
				"parent": "head",
				"pivot": [0, 2, -8],
				"cubes": [
					{"origin": [-6, -2, -24], "size": [12, 4, 16], "uv": [176, 65]}
				]
			}
		]
	}
}