{
  "resource_pack_name": "vanilla",
  "texture_name": "atlas.items",
  "texture_data": {
    "diamond_battleaxe": {
      "textures": "textures/items/diamond_battleaxe"
    },
    "gold_battleaxe": {
      "textures": "textures/items/gold_battleaxe"
    },
    "iron_battleaxe": {
      "textures": "textures/items/iron_battleaxe"
    },
    "stone_battleaxe": {
      "textures": "textures/items/stone_battleaxe"
    },
    "wood_battleaxe": {
      "textures": "textures/items/wood_battleaxe"
    },
    "diamond_dagger": {
      "textures": "textures/items/diamond_dagger"
    },
    "gold_dagger": {
      "textures": "textures/items/gold_dagger"
    },
    "iron_dagger": {
      "textures": "textures/items/iron_dagger"
    },
    "stone_dagger": {
      "textures": "textures/items/stone_dagger"
    },
    "wood_dagger": {
      "textures": "textures/items/wood_dagger"
    },
    "diamond_katana": {
      "textures": "textures/items/diamond_katana"
    },
    "gold_katana": {
      "textures": "textures/items/gold_katana"
    },
    "iron_katana": {
      "textures": "textures/items/iron_katana"
    },
    "stone_katana": {
      "textures": "textures/items/stone_katana"
    },
    "wood_katana": {
      "textures": "textures/items/wood_katana"
    },
    "diamond_sai": {
      "textures": "textures/items/diamond_sai"
    },
    "gold_sai": {
      "textures": "textures/items/gold_sai"
    },
    "iron_sai": {
      "textures": "textures/items/iron_sai"
    },
    "stone_sai": {
      "textures": "textures/items/stone_sai"
    },
    "wood_sai": {
      "textures": "textures/items/wood_sai"
    },
    "diamond_scythe": {
      "textures": "textures/items/diamond_scythe"
    },
    "gold_scythe": {
      "textures": "textures/items/gold_scythe"
    },
    "iron_scythe": {
      "textures": "textures/items/iron_scythe"
    },
    "stone_scythe": {
      "textures": "textures/items/stone_scythe"
    },
    "wood_scythe": {
      "textures": "textures/items/wood_scythe"
    },
    "flintaxe": {
      "textures": "textures/items/flintaxe"
    },
    "flintknife": {
      "textures": "textures/items/flintknife"
    },
    "flintpickaxe": {
      "textures": "textures/items/flintpickaxe"
    },
    "flintshovel": {
      "textures": "textures/items/flintshovel"
    },
    "anyfish": {
      "textures": "textures/items/anyfish"
    },
    "bandage": {
      "textures": "textures/items/bandage"
    },
    "salve": {
      "textures": "textures/items/salve"
    },
    "plaster": {
      "textures": "textures/items/plaster"
    },
    "morphine": {
      "textures": "textures/items/morphine"
    },
    "medikitenchanted": {
      "textures": "textures/items/medikitenchanted"
    },
    "medikit": {
      "textures": "textures/items/medikit"
    },
    "itembacon": {
      "textures": "textures/items/itembacon"
    },
    "itembaconandegg": {
      "textures": "textures/items/itembaconandegg"
    },
    "itembatwing": {
      "textures": "textures/items/itembatwing"
    }, 
   "itembeetrootnoodles": {
      "textures": "textures/items/itembeetrootnoodles"
    }, 
   "itemblazecream": {
      "textures": "textures/items/itemblazecream"
    },
    "itemcactusfruit": {
      "textures": "textures/items/itemcactusfruit"
    }, 
    "itemcarrotpie": {
      "textures": "textures/items/itemcarrotpie"
    }, 
    "itemcarrotseedsoup": {
      "textures": "textures/items/itemcarrotseedsoup"
    }, 
    "itemchocolatebar": {
      "textures": "textures/items/itemchocolatebar"
    }, 
    "itemcookedbacon": {
      "textures": "textures/items/itemcookedbacon"
    }, 
    "itemcookedbatwing": {
      "textures": "textures/items/itemcookedbatwing"
    }, 
    "itemcookedhorsemeat": {
      "textures": "textures/items/itemcookedhorsemeat"
    }, 
    "itemcookedparrotmeat": {
      "textures": "textures/items/itemcookedparrotmeat"
    }, 
    "itemcookedpolarbearmeat": {
      "textures": "textures/items/itemcookedpolarbearmeat"
    }, 
    "itemcookedsquid": {
      "textures": "textures/items/itemcookedsquid"
    }, 
    "itemcookedwolfmeat": {
      "textures": "textures/items/itemcookedwolfmeat"
    }, 
    "itemfriedegg": {
      "textures": "textures/items/itemfriedegg"
    }, 
    "itemhorsemeat": {
      "textures": "textures/items/itemhorsemeat"
    }, 
    "itemjelly": {
      "textures": "textures/items/itemjelly"
    }, 
    "itemlollipop": {
      "textures": "textures/items/itemlollipop"
    }, 
    "itemmelonsalad": {
      "textures": "textures/items/itemmelonsalad"
    }, 
    "itemnetherwartsoup": {
      "textures": "textures/items/itemnetherwartsoup"
    }, 
    "itemocelotmeat": {
      "textures": "textures/items/itemocelotmeat"
    }, 
    "itempolarbearmeat": {
      "textures": "textures/items/itempolarbearmeat"
    }, 
    "itemparrotmeat": {
      "textures": "textures/items/itemparrotmeat"
    }, 
    "itemwolfmeat": {
      "textures": "textures/items/itemwolfmeat"
    },
    "itemstarvingfruit": {
      "textures": "textures/items/itemstarvingfruit"
    },
    "itemsquid": {
      "textures": "textures/items/itemsquid"
    },
    "itemspidersoup": {
      "textures": "textures/items/itemspidersoup"
    },
    "itemroastedseed": {
      "textures": "textures/items/itemroastedseed"
    }      }
}