{
  "format_version": "1.16.0",
  "minecraft:entity": {
    "description": {
      "identifier": "dm2:lightning_bird",
      "is_spawnable": true,
      "is_summonable": true,
      "is_experimental": false
    },

    "components": {
      "minecraft:experience_reward": {
        "on_death": "query.last_hit_by_player ? 5 + (query.equipment_count * Math.Random(1,3)) : 0"
      },
      "minecraft:breathable": {
        "total_supply": 15,
        "suffocate_time": 0
      },
      "minecraft:fire_immune": {
      },
      "minecraft:nameable": {
      },
      "minecraft:health": {
        "value": 5,
        "max": 5
      },
 "minecraft:collision_box": {
        "width": 0.9,
        "height": 0.5
      },
      "minecraft:movement": {
        "value": 0.03
      },
      "minecraft:navigation.float": {
        "can_path_over_water": true
      },
      "minecraft:behavior.float_wander": {
        "priority": 2,
        "must_reach": true
      },
      "minecraft:can_fly": {
      },
      "minecraft:loot": {
        "table": "loot_tables/chests/simple_dungeon.json"
      },
      "minecraft:shooter": {
        "def": "dm2:lightning_ball"
      },
      "minecraft:type_family": {
        "family": [ "lightning_bird", "monster", "mob" ]
      },
"minecraft:damage_sensor": {
    "triggers": {
        "on_damage": {
            "filters": {
                "test": "is_family",
                "subject": "other",
                "value": "lightning"
            }
        },
        "deals_damage": false
    }
},
      "minecraft:jump.static": {
      },
      "minecraft:despawn": {
        "despawn_from_distance": {}
      },
      "minecraft:behavior.float": {
        "priority": 0
      },
            "minecraft:behavior.ranged_attack": {
        "attack_radius": 64,
        "attack_interval_min": 1,
        "attack_interval_max": 1.5
      },
      "minecraft:follow_range": {
        "value": 64,
        "max": 64
      },
      "minecraft:behavior.hurt_by_target": {
        "priority": 1
      },
              "minecraft:behavior.nearest_attackable_target": {
          "priority": 1,
          "must_see": true,
            "entity_types": [
            {
              "filters": {
                "any_of": [
                  {
                    "test": "is_family",
                    "subject": "other",
                    "value": "player"
                  },
                  {
                    "test": "is_family",
                    "subject": "other",
                    "value": "snowgolem"
                  },
                  {
                    "test": "is_family",
                    "subject": "other",
                    "value": "irongolem"
                  },
                   {
                    "test": "is_family",
                    "subject": "other",
                    "value": "animal"
                  }
                ]
              },
              "max_dist": 20
            }
          ]
        },
      "minecraft:physics": {
      },
      "minecraft:pushable": {
        "is_pushable": true,
        "is_pushable_by_piston": true
      },
      "minecraft:conditional_bandwidth_optimization": {
      }
    }
  }
}