{
  "format_version": "1.16.0",
  "minecraft:entity": {
    "description": {
      "identifier": "dm2:minotaur",
      "is_spawnable": true,
      "is_summonable": true,
      "is_experimental": false,
            "animations": {
    "death": "controller.animation.minotaur_death"
  },
  "scripts": {
    "animate": [
      "death"
    ]
  }
    },


    "component_groups": {
            "despawn": {
  "minecraft:despawn": {}
   },
      "attack": {
                "minecraft:behavior.knockback_roar": {
          "priority": 1,
          "duration": 1.56,
          "attack_time": 1,
          "knockback_damage": 15,
          "knockback_strength": 3,
          "knockback_range": 3,
          "cooldown_time": 0.1
        },
        "minecraft:is_charged": {}
      },
            "attack2": {
                "minecraft:behavior.knockback_roar": {
          "priority": 1,
          "duration": 1,
          "attack_time": 1,
          "knockback_damage": 10,
          "knockback_strength": 4,
          "knockback_range": 3,
          "cooldown_time": 0.1
        },
        "minecraft:is_saddled": {}
      }
    },

    "components": {
            "minecraft:target_nearby_sensor": {
        "inside_range": 3,
        "outside_range": 6.0,
        "must_see": true,
        "on_inside_range": {
          "event": "activate_attack",
          "target": "self"
        },
        "on_outside_range": {
          "event": "deactivate_attack",
          "target": "self"
        }
      },
      "minecraft:experience_reward": {
        "on_death": "query.last_hit_by_player ? 5 : 0"
      },
       "minecraft:behavior.melee_attack": {
          "priority": 3,
          "track_target": true,
          "reach_multiplier": 0
        },
              "minecraft:behavior.nearest_attackable_target": {
          "priority": 1,
          "must_see": true,
            "entity_types": [
            {
              "filters": {
                "any_of": [
                  {
                    "test": "is_family",
                    "subject": "other",
                    "value": "player"
                  },
                  {
                    "test": "is_family",
                    "subject": "other",
                    "value": "snowgolem"
                  },
                  {
                    "test": "is_family",
                    "subject": "other",
                    "value": "irongolem"
                  },
                                    {
                    "test": "is_family",
                    "subject": "other",
                    "value": "dragon"
                  }
                ]
              },
              "max_dist": 20
            }
          ]
        },
      "minecraft:nameable": {
      },
      "minecraft:type_family": {
        "family": [ "minotaur", "monster", "mob" ]
      },
      "minecraft:breathable": {
        "total_supply": 15,
        "suffocate_time": 0
      },
      "minecraft:loot": {
        "table": "loot_tables/entitieslabyrinth/minotaur.json"
      },
      "minecraft:collision_box": {
        "width": 2,
        "height": 0.9
      },
            "minecraft:scale": {
        "value": 1.5
      },
      "minecraft:health": {
        "value": 500,
        "max": 500
      },
      "minecraft:hurt_on_condition": {
        "damage_conditions": [
          {
            "filters": { "test": "in_lava", "subject": "self", "operator": "==", "value": true },
            "cause": "lava",
            "damage_per_tick": 4
          }
        ]
      },
      "minecraft:movement": {
        "value": 0.3
      },
      "minecraft:navigation.walk": {
        "can_path_over_water": true
      },
          "minecraft:boss": {
"should_darken_sky": false,
"name": "The Minotaur",
"hud_range": 10
},
      "minecraft:movement.basic": {
      },
      "minecraft:jump.static": {
      },
      "minecraft:can_climb": {
      },
      "minecraft:attack": {
        "damage": 3
      },
      "minecraft:fire_immune": true,
      "minecraft:behavior.float": {
        "priority": 1
      },
            "minecraft:damage_sensor": {
        "triggers": {
          "on_damage": {
            "filters": {
              "test": "has_damage",
              "value": "fatal"
            },
            "event": "despawn",
            "target": "self"
          }
        }
      },
      "minecraft:behavior.mount_pathing": {
        "priority": 5,
        "speed_multiplier": 1.25,
        "target_dist": 0.0,
        "track_target": true
      },
      "minecraft:behavior.random_stroll": {
        "priority": 6,
        "speed_multiplier": 0.8
      },
      "minecraft:behavior.look_at_player": {
        "priority": 7,
        "look_distance": 6.0,
        "probability": 0.02
      },
      "minecraft:behavior.random_look_around": {
        "priority": 7
      },
      "minecraft:behavior.hurt_by_target": {
        "priority": 1
      },
      "minecraft:physics": {
      },
      "minecraft:pushable": {
        "is_pushable": true,
        "is_pushable_by_piston": true
      },
      "minecraft:conditional_bandwidth_optimization": {
      }
    },

    "events": {

      "activate_attack": {
                "randomize": [
          {
            "weight": 50,
            "remove": {
                            "component_groups": [
                "attack2"
              ]
            },
            "add": {
              "component_groups": [
                "attack"
              ]
            }
          },
          {
            "weight": 50,
            "remove": {
                   "component_groups": [
                "attack"
              ]
            },
            "add": {
              "component_groups": [
                "attack2"
              ]
            }
          }
        ]
      },

      "deactivate_attack": {
        "remove": {
          "component_groups": [
            "attack",
            "attack2"
          ]
        }
      },
      "minecraft:become_calm": {
        "remove": {
          "component_groups": [
            "minecraft:spider_angry"
          ]
        }
      }
    }
  }
}