{
  "format_version": "1.13.0",
  "minecraft:entity": {
    "description": {
      "identifier": "dm2:minotaur_death",
      "is_spawnable": false,
      "is_summonable": true,
      "is_experimental": false
    },
      "component_groups": {
      "despawn": {
  "minecraft:despawn": {}
   }
  },
    "components": {
            "minecraft:interact": {
        "interactions": [
          {
            "cooldown": 2,
            "spawn_items": { "table": "loot_tables/entities/labyrinth/minotaur.json" },
            "interact_text": "Collect Loot",
            "on_interact": {
              "event": "despawn",
              "target": "self"
            }
          }
        ]
      },
"minecraft:damage_sensor": {
    "triggers": {
        "cause": "all",
        "deals_damage": false
    }
},
      "minecraft:type_family": {
        "family": [ "null" ]
      },
      "minecraft:breathable": {
        "total_supply": 15,
        "suffocate_time": 0
      },
      "minecraft:health": {
        "value": 10,
        "max": 10
      },
            "minecraft:scale": {
        "value": 1.5
      },
      "minecraft:movement": {
        "value": 0
      },
      "minecraft:collision_box": {
        "width": 2,
        "height": 0.5
      },
	    "minecraft:physics": {
      },
      "minecraft:pushable": {
        "is_pushable": true,
        "is_pushable_by_piston": true
      }
    },


    "events": {
      "become_zombie": {
        "remove": {
        },
        "add": {
          "component_groups": [
            "minecraft:pig_transform"
          ]
        }
      },
      "minecraft:entity_spawned": {
        "randomize": [
          {
            "weight": 95,
            "remove": {
            },
            "add": {
              "component_groups": [
                "minecraft:pig_adult",
                "minecraft:pig_unsaddled"
              ]
            }
          },
          {
            "weight": 5,
            "remove": {
            },
            "add": {
              "component_groups": [
                "minecraft:pig_baby"
              ]

            }
          }
        ]
      },

      "despawn": {
        "remove": {
        },
        "add": {
          "component_groups": [
            "despawn"
          ]
        }
      },

      "minecraft:ageable_grow_up": {
        "remove": {
          "component_groups": [
            "minecraft:pig_baby"
          ]
        },
        "add": {
          "component_groups": [
            "minecraft:pig_adult",
            "minecraft:pig_unsaddled"
          ]
        }
      },

      "minecraft:on_saddled": {
        "remove": {
          "component_groups": [
            "minecraft:pig_unsaddled"
          ]
        },
        "add": {
          "component_groups": [
            "minecraft:pig_saddled"
          ]
        }
      }
    }
  }
}
