{
  "format_version": "1.10.0",
  "minecraft:client_entity": {
    "description": {
      "identifier": "dm2:better_ender_dragon",
      "enable_attachables": true,
      "materials": { 
      "default": "drowned"
       },   
      "textures": {
        "default": "textures/entity/ender/f_default",
        "glow": "textures/entity/ender/m_glow",
        "saddle": "textures/models/dragonsaddle",
        "chest": "textures/models/dragoncshet"
      },
      "geometry": {
        "default": "geometry.dragonboss",
        "glow": "geometry.dragonbossglow",
        "saddle": "geometry.dragonsaddle",
        "chest": "geometry.dragonchest"
        },
      "animations": {
          "scale": "animation.dranbase.scale",
        "roaring": "animation.dragonbase.roaring",
        "biting": "animation.dragonbase.attack",
        "charge": "animation.dragonbase.tempt",
        "growl": "animation.dragonbase.growl",
     "look_atarget": "animation.common.look_at_target",      
        "resting": "animation.dragonba.sit",
        "pe": "animation.dragonbase.pose",
        "sitting": "animation.dragonboss.sit",
        "setup": "animation.dragonbase.setup",
        "walking": "animation.dragonbase.move",
        "running": "animation.dragonbase.move",
      "temped": "animation.dragonbase.tempt",
        "hrotation": "animation.dragonbase.rot",
    "baby_transfrm": "animation.pig.baby_transform", 
        "flying": "animation.dragonboss.fly",
        "fly_rest": "animation.dragonboss.fly",
        "fly_open": "animation.dragonboss.fly",

      
        "rest": "controller.animation.dragonbase.resting",
        "roar": "controller.animation.ravager.head_movement",
        "tempted": "controller.animation.dragonbase.tempted",
        "charging": "controller.animation.dragonbase.charging",
        "move": "controller.animation.dragonbase.move",
        "sit": "controller.animation.dragonbase.sitting",
        "look": "controller.animation.dragonbase.look_at_target"
      },
      "scripts": {
        "animate": [
          "flying", "sit", "setup", "growl"
        ], 
        "pre_animation": 
            [ 
            "variable.tail = query.ground_speed == 0 ? Math.cos(query.anim_time * 150) *  5.0 : Math.sin(-query.yaw_speed) * 10;",
            "variable.tail1 = query.ground_speed == 0 ? Math.cos(query.anim_time * 100) *  5.0 : Math.sin(-query.yaw_speed) * 10;",
            "variable.tail2 = query.ground_speed == 0 ? Math.cos(query.anim_time * 80) *  5.0 : Math.sin(-query.yaw_speed) * 10;",
            "variable.tail3 = query.ground_speed == 0 ? Math.cos(query.anim_time * 60) *  5.0 : Math.sin(-query.yaw_speed) * 10;",
            "variable.tail4 = query.ground_speed == 0 ? Math.cos(query.anim_time * 50) *  5.0 : Math.sin(-query.yaw_speed) * 10;",
            "variable.tail5 = query.ground_speed == 0 ? Math.cos(query.anim_time * 20) *  5.0 : Math.sin(-query.yaw_speed) * 10;",
            "variable.tail6 = query.ground_speed == 0 ? Math.cos(query.anim_time * 10) *  5.0 : Math.sin(-query.yaw_speed) * 10;", 
            "variable.neck = query.ground_speed == 0 ? Math.cos(query.anim_time * 150) *  5.0 : Math.sin(query.yaw_speed) * 10;",
            "variable.neck2 = query.ground_speed == 0 ? Math.cos(query.anim_time * 80) *  5.0 : Math.sin(query.yaw_speed) * 10;",
            "variable.neck3 = query.ground_speed == 0 ? Math.cos(query.anim_time * 60) *  5.0 : Math.sin(query.yaw_speed) * 10;",
            "variable.neck4 = query.ground_speed == 0 ? Math.cos(query.anim_time * 50) *  5.0 : Math.sin(query.yaw_speed) * 10;",
            "variable.neck5 = query.ground_speed == 0 ? Math.cos(query.anim_time * 20) *  5.0 : Math.sin(query.yaw_speed) * 10;",
            "variable.neck6 = query.ground_speed == 0 ? Math.cos(query.anim_time * 10) *  5.0 : Math.sin(query.yaw_speed) * 10;",
                   "variable.head = query.ground_speed == 0 ? Math.cos(query.anim_time * 10) *  5.0 : Math.sin(query.yaw_speed) * 10;"
            ]
      },
      "sound_effects": {
          "flyeffect": "mob.enderdragon.flap",
          "glideeffect": "elytra.loop"
      },
      "render_controllers": [
         "controller.render.dragonbase",
         "controller.render.glow",
          "controller.render.saddle",
          "controller.render.chest"
      ],
  "spawn_egg": {
        "texture": "aether",
        "texture_index": 5
      }
    }
  }
}