{
  "format_version": "1.10.0",
  "minecraft:client_entity": {
    "description": {
      "identifier": "dm2:pose",
      "materials": { "default": "iron_golem" },
      "textures": {
        "default": "textures/entity/nether/magma_dripper"
      },
      "geometry": {
        "default": "geometry.magma_dripper"
      },
      "spawn_egg": {
        "texture": "spawn_egg",
        "texture_index": 34
      },
      "scripts": {
        "animate": [
          "move"
        ]
      },
      "animations": {
        "move": "animation.magma_dripper.pose"
      },
      "render_controllers": [ "controller.render.default" ]
    }
  }
}