{
  "format_version": "1.10",
  "minecraft:attachable": {
    "description": {
      "identifier": "dm2:aether_egg_block_item",
      "materials": {
        "default": "entity_alphatest",
        "enchanted": "entity_alphatest_glint"
      },
      "textures": {
        "default": "textures/blocks/aether_egg",
        "enchanted": "textures/misc/enchanted_item_glint"
      },
      "geometry": {
        "default": "geometry.dragon_egg.item"
      },
      "render_controllers": [ "controller.render.item_default" ]
    }
  }
}
