{
	"format_version": "1.16.100",
	"minecraft:item": {
		"description": {
			"identifier": "dm2:dragon_whistle",
			"category": "equipment"
		},
		"components": {
			      "minecraft:creative_category": {
        "parent": "itemGroup.name.horsearmor"
      },
			"minecraft:max_stack_size": 1,
			"minecraft:allow_off_hand": false,
			"minecraft:hand_equipped": true,
			"minecraft:icon": {
				"texture": "dragon_whistle"
			},
			"minecraft:render_offsets": "sword",
			"minecraft:display_name": {}
	}
}
}