{
    "pools": [
        {
            "rolls": {
                "min": 1,
                "max": 1
            },
            "entries": [
                {
                    "type": "item",
                    "functions": [
                        {
                            "function": "set_count",
                            "count": {
                                "min": 200,
                                "max": 200
                            }
                        },
                        {
                            "function": "minecraft:set_damage",
                            "damage": {
                                "min": 0,
                                "max": 0
                            }
                        }
                    ],
                    "name": "minecraft:gold_ingot"
                }
            ]
        }
    ]
}