{
	"format_version": "1.8.0",
	"animations": {
		"animation.wither_dragon_boss.look_at_target": {
			"loop": true,
			"bones": {
			    "head" : {
					"rotation" : [ "query.head_x_rotation(0) - this", "query.head_y_rotation(0) - this", "-this" ]
				},
				"Head2": {
					"rotation": ["query.head_x_rotation(1) - this", "query.head_y_rotation(1) - this", "-this"]
				},
				"Head3": {
					"rotation": ["query.head_x_rotation(2) - this", "query.head_y_rotation(2) - this", "-this"]
				}
			}
		},
		"animation.wither_dragon_boss.scale": {
			"loop": true,
			"bones": {
				"Body2": {
					"rotation": ["-this", "-this", "-this"]
				}
			}
		},
		"animation.Dragon_wither.move": {
			"loop": true,
			"animation_length": 2.08,
			"bones": {
				"Wing": {
					"rotation": {
						"0.0": [0, 0, 0],
						"0.52": [0, -40, 0],
						"1.04": [0, 0, 0],
						"1.56": [0, -40, 0],
						"2.08": [0, 0, 0]
					}
				},
				"Wing5": {
					"rotation": {
						"0.0": [0, 0, 0],
						"0.52": [0, 40, 0],
						"1.04": [0, 0, 0],
						"1.56": [0, 40, 0],
						"2.08": [0, 0, 0]
					}
				},
				"Wing3": {
					"rotation": {
						"0.0": [0, 0, 0],
						"0.52": [0, -40, 0],
						"1.04": [0, 0, 0],
						"1.56": [0, -40, 0],
						"2.08": [0, 0, 0]
					}
				},
				"Wing7": {
					"rotation": {
						"0.0": [0, 0, 0],
						"0.52": [0, 40, 0],
						"1.04": [0, 0, 0],
						"1.56": [0, 40, 0],
						"2.08": [0, 0, 0]
					}
				},
				"Body": {
					"rotation": {
						"0.0": [0, 0, 0],
						"1.04": [-30, 0, 0],
						"2.08": [0, 0, 0]
					}
				},
				"Jaw2": {
					"rotation": {
						"1.04": [10, 0, 0],
						"2.08": [0, 0, 0]
					}
				},
				"Jaw4": {
					"rotation": {
						"0.0": [0, 0, 0],
						"1.04": [10, 0, 0],
						"2.08": [0, 0, 0]
					}
				},
				"Jaw6": {
					"rotation": {
						"0.0": [0, 0, 0],
						"1.04": [10, 0, 0],
						"2.08": [0, 0, 0]
					}
				}
			}
		}
	}
}