{
  "format_version": "1.12.0",
  "minecraft:block": {
    "description": {
      "identifier": "dm2:aether_grass",
      "is_experimental": false,
      "register_to_creative_menu": true
    },
    "components": {
      "tag:grass":{},
      "minecraft:loot": "loot_tables/blocks/aether_dirt.json",
      "minecraft:breathability": "solid",
      "minecraft:destroy_time": 0.2,
      "minecraft:friction": 0.6,
      "minecraft:map_color": "#547c84",
      "minecraft:explosion_resistance": 0.2,
      "minecraft:block_light_absorption": 0.0,
      "minecraft:block_light_emission": 0,
      "minecraft:preventsjumping": false,
      "minecraft:unwalkable": false,
      "minecraft:immovable": false,
      "minecraft:onlypistonpush": false,
      "minecraft:breakonpush": false,
      "minecraft:flammable": {
        "flame_odds": 0.0,
        "burn_odds": 0.0
      },
  "minecraft:unit_cube":{},
      "minecraft:pick_collision": {
        "origin": [
          -8,
          0,
          -8
        ],
        "size": [
          16,
          16,
          16
        ]
      },
      "minecraft:entity_collision": {
        "origin": [
          -8,
          0,
          -8
        ],
        "size": [
          16,
          16,
          16
        ]
      }
    },
        "events": {    }
  }
}