{
  "format_version": "1.12.0",
  "minecraft:block": {
    "description": {
      "identifier": "dm2:aether_portal",
      "is_experimental": false,
      "register_to_creative_menu": true,
      "properties": {
        "ajg:block_direction": [
          0,
          1,
          2,
          3,
          4,
          5,
          6
        ]
      }
    },
    "components": {
      "minecraft:material_instances": {
        "*": {
          "render_method": "opaque",
          "texture": "aether_portal"
        }
      },
      "minecraft:loot": "loot_tables/blocks/test.json",
      "minecraft:breathability": "air",
      "minecraft:destroy_time": 3,
      "minecraft:friction": 0.6,
         "minecraft:geometry": "geometry.aether_portal",
      "minecraft:map_color": "#ced4d4",
      "minecraft:explosion_resistance": 3,
      "minecraft:block_light_absorption": 0.0,
      "minecraft:block_light_emission": 1.0,
      "minecraft:preventsjumping": false,
      "minecraft:unwalkable": false,
      "minecraft:immovable": false,
      "minecraft:onlypistonpush": false,
      "minecraft:breakonpush": false,
      "minecraft:flammable": {
        "flame_odds": 0.0,
        "burn_odds": 0.0
      },
      "minecraft:on_player_placing": {
        "event": "ajg:update_rotation"
      },
      "minecraft:pick_collision": {
        "origin": [
          -8,
          0,
          0
        ],
        "size": [
          16,
          16,
          1
        ]
      },
      "minecraft:entity_collision": {
        "origin": [
          -8,
          0,
          0
        ],
        "size": [
          0,
          0,
          0
        ]
      }
    },
    "permutations": [
      {
        "condition": "query.block_property('ajg:block_direction') == 3",
        "components": {
          "minecraft:rotation": [
            0,
            0,
            0
          ]
        }
      },
      {
        "condition": "query.block_property('ajg:block_direction') == 2",
        "components": {
          "minecraft:rotation": [
            0,
            180,
            0
          ]
        }
      },
      {
        "condition": "query.block_property('ajg:block_direction') == 5",
        "components": {
          "minecraft:rotation": [
            0,
            90,
            0
          ]
        }
      },
      {
        "condition": "query.block_property('ajg:block_direction') == 4",
        "components": {
          "minecraft:rotation": [
            0,
            270,
            0
          ]
        }
      }
    ],
    "events": {
      "ajg:update_rotation": {
        "set_block_property": {
          "ajg:block_direction": "query.cardinal_player_facing"
        }
      }
    }
  }
}