{
  "format_version": "1.12.0",
  "minecraft:block": {
    "description": {
      "identifier": "dm2:glowstone_torch",
      "is_experimental": false,
      "register_to_creative_menu": true
    },
    "components": {
      "minecraft:material_instances": {
        "*": {
          "render_method": "opaque",
          "texture": "glowstone_torch"
        }
      },
      "minecraft:loot": "loot_tables/blocks/glowstone_torch.json",
      "minecraft:breathability": "air",
      "minecraft:destroy_time": 1,
      "minecraft:friction": 0.6,
      "minecraft:map_color": "#9c7c54",
      "minecraft:explosion_resistance": 0,
      "minecraft:block_light_absorption": 0.0,
      "minecraft:block_light_emission": 0.55,
      "minecraft:preventsjumping": false,
      "minecraft:unwalkable": false,
      "minecraft:immovable": false,
      "minecraft:onlypistonpush": false,
      "minecraft:breakonpush": true,
      "minecraft:flammable": {
        "flame_odds": 0.0,
        "burn_odds": 0.0
      },
      "minecraft:geometry": "geometry.custom_torch",
      "minecraft:pick_collision": {
        "origin": [
          -2,
          0,
          -2
        ],
        "size": [
          4,
          12,
          4
        ]
      },
      "minecraft:entity_collision": {
        "origin": [
          -8,
          0,
          -8
        ],
        "size": [
          0,
          0,
          0
        ]
      }
    }
  }
}