{
  "format_version": "1.12.0",
  "minecraft:block": {
    "description": {
      "identifier": "dm2:glowstone_portal_aether",
      "is_experimental": false,
      "register_to_creative_menu": true
    },
    "components": {
    "minecraft:on_step_on": {
      "event": "portal",
      "target": "self"
  },
      "minecraft:loot": "loot_tables/blocks/glowstone_bgm.json",
      "minecraft:breathability": "solid",
      "minecraft:destroy_time": 990000,
      "minecraft:friction": 0.6,
      "minecraft:map_color": "#547c84",
      "minecraft:explosion_resistance": 990000.0,
      "minecraft:block_light_absorption": 0.0,
      "minecraft:block_light_emission": 1.0,
      "minecraft:preventsjumping": false,
      "minecraft:unwalkable": false,
      "minecraft:immovable": false,
      "minecraft:onlypistonpush": false,
      "minecraft:breakonpush": false,
      "minecraft:flammable": {
        "flame_odds": 0.0,
        "burn_odds": 0.0
      },
      "minecraft:unit_cube": {},
      "minecraft:pick_collision": {
        "origin": [
          -8,
          0,
          -8
        ],
        "size": [
          16,
          16,
          16
        ]
      },
      "minecraft:entity_collision": {
        "origin": [
          -8,
          0,
          -8
        ],
        "size": [
          16,
          16,
          16
        ]
      }
    },
        "events": {
              "portal": {
    "run_command": {
        "command": [ "structure load aether_portal_over 0 7 -1", "tp @p 0 9 1", "effect @p nausea 5 1 true", "playsound portal.travel @a", "gamerule dodaylightcycle true"]
    }
        }
    }
  }
}