{
  "format_version": "1.12.0",
  "minecraft:block": {
    "description": {
      "identifier": "dm2:aether_protection",
      "is_experimental": false,
      "register_to_creative_menu": true
    },
    "components": {
      "minecraft:loot": "loot_tables/blocks/glowsne_bgm.json",
      "minecraft:breathability": "air",
      "minecraft:destroy_time": 90000,
      "minecraft:friction": 0.6,
      "minecraft:map_color": "#547c84",
      "minecraft:explosion_resistance": 900000.0,
      "minecraft:block_light_absorption": 0.0,
      "minecraft:block_light_emission": 1.0,
      "minecraft:preventsjumping": false,
      "minecraft:unwalkable": false,
      "minecraft:immovable": false,
      "minecraft:onlypistonpush": false,
      "minecraft:breakonpush": false,
      "minecraft:flammable": {
        "flame_odds": 0.0,
        "burn_odds": 0.0
      },
            "minecraft:unit_cube": {},
      "minecraft:pick_collision": {
        "origin": [
          -8,
          0,
          -8
        ],
        "size": [
          16,
          16,
          16
        ]
      },
      "minecraft:entity_collision": {
        "origin": [
          -8,
          0,
          -8
        ],
        "size": [
          16,
          16,
          16
        ]
      }
    },
        "events": {
        "stop_music": {
    "run_command": {
        "command": ["stopsound @a[r=2]"]
    }
        }
    }
  }
}