{
  "format_version": "1.12.0",
  "minecraft:block": {
    "description": {
      "identifier": "dm2:aether_protection_floor",
      "is_experimental": false,
      "register_to_creative_menu": true
    },
    "components": {
              "minecraft:on_fall_on": {
      "event": "block_event",
      "target": "self",
      "min_fall_distance": 1 
    },
        "minecraft:on_step_on": {
      "event": "block_event",
      "target": "self"  
    },
      "minecraft:loot": "loot_tables/blocks/glowsne_bgm.json",
      "minecraft:breathability": "air",
      "minecraft:destroy_time": 90000,
      "minecraft:friction": 0.6,
      "minecraft:map_color": "#547c84",
      "minecraft:explosion_resistance": 900000.0,
      "minecraft:block_light_absorption": 0.0,
      "minecraft:block_light_emission": 1.0,
      "minecraft:preventsjumping": false,
      "minecraft:unwalkable": false,
      "minecraft:immovable": false,
      "minecraft:onlypistonpush": false,
      "minecraft:breakonpush": false,
      "minecraft:flammable": {
        "flame_odds": 0.0,
        "burn_odds": 0.0
      },
            "minecraft:unit_cube": {},
      "minecraft:pick_collision": {
        "origin": [
          -8,
          0,
          -8
        ],
        "size": [
          16,
          16,
          16
        ]
      },
      "minecraft:entity_collision": {
        "origin": [
          -8,
          0,
          -8
        ],
        "size": [
          16,
          16,
          16
        ]
      }
    },
        "events": {
       "block_event": {
    "run_command": {
        "command": ["effect @e[r=5] resistance 3 255 true", "tp @e[r=5] ~-20070 500 ~-20488" ]
    }
    }
    }
  }
}