{
  "format_version": "1.8.0",
  "minecraft:entity": {
    "description": {
      "identifier": "boss:cursed_dragon",
      "animations": {
        "dragon": "controller.animation.dragon",
        "rhex": "controller.animation.rhex"
      },
      "scripts": {
        "animate": [
          "rhex",
          { "dragon" : "query.is_casting" }
         ]
      },
      "is_spawnable": false,
      "is_summonable": true,
      "is_experimental": false
    },
  "component_groups": {
    "b":{

     "minecraft:transformation": {

     "into": "w.i.p",
     "delay": 0.0
      }
    }
  },
    "components": {
      "minecraft:breathable": {
        "totalSupply": 15,
        "suffocateTime": 0,
        "breathesWater": true
      },
      "minecraft:timer": {
      "looping": false,
     "randomInterval": false,
     "time": 650.0,
     "time_down_event": {
      "event": "Back",
     "target": "self"
      }
     },
      "minecraft:loot": {
        "table": "loot_tables/entities/mutantenderman.json"
      },
      "minecraft:follow_range": {
        "value": 50,
        "max": 50
      },
      "minecraft:health": {
        "value": 15000,
        "max": 15000
      },
      "minecraft:on_target_acquired": {
        "event": "minecraft:become_aggro",
        "target": "self"
      },
      "minecraft:on_target_escape": {
        "event": "minecraft:stop_aggro",
        "target": "self"
      },
      "minecraft:fall_damage": {
        "value": 0.0
      },
      "minecraft:knockback_resistance": {
        "value": 99.0
      },
	      "minecraft:behavior.ranged_attack": {
          "priority": 1,
          "attack_interval_min": 1,
          "attack_interval_max": 10,
          "attack_radius": 1000,
          "burst_shots": 50,
          "burst_interval": 0.1
        },
        "minecraft:shooter": {
          "def": "boss:dragonball"
        },
      "minecraft:fire_immune": true,
      "minecraft:behavior.summon_entity": {
        "priority": 0,
        "summon_choices": [
          {
            "weight": 100,
            "cooldown_time": 1.5,
            "cast_duration": 0.5,
            "sequence": [
              {
                "shape": "circle",
                "target": "self",
                "base_delay": 0.5,
                "num_entities_spawned": 12,
                "entity_type": "minecraft:tnt",
                "summon_cap": 18,
                "summon_cap_radius": 40.0,
                "size": 7.0,
                "entity_lifespan": 40.0
              }
            ]
          },
          {
            "weight": 100,
            "cooldown_time": 2.5,
            "cast_duration": 0.5,
            "sequence": [
              {
                "shape": "line",
                "target": "self",
                "base_delay": 0.5,
                "num_entities_spawned": 10,
                "entity_type": "minecraft:lightning_bolt",
                "summon_cap": 16,
                "summon_cap_radius": 40.0,
                "size": 5.0,
                "entity_lifespan": 25.0
              }
            ]
          },          
          {
            "weight": 100,
            "cooldown_time": 2.5,
            "cast_duration": 0.5,
            "sequence": [
              {
                "shape": "circle",
                "target": "self",
                "base_delay": 0.5,
                "num_entities_spawned": 12,
                "entity_type": "boss:dragonball2",
                "summon_cap": 16,
                "summon_cap_radius": 40.0,
                "size": 5.0,
                "entity_lifespan": 25.0
              }
            ]
          },
          {
            "weight": 98,
            "cooldown_time": 3.5,
            "cast_duration": 0.5,
            "sequence": [
              {
                "shape": "line",
                "target": "self",
                "base_delay": 0.5,
                "num_entities_spawned": 1,
                "entity_type": "boss:crystalball",
                "summon_cap": 16,
                "summon_cap_radius": 40.0,
                "size": 5.0,
                "entity_lifespan": 40.0
              }
            ]
          },
          {
            "weight": 97,
            "cooldown_time": 5,
            "cast_duration": 0.5,
            "sequence": [
              {
                "shape": "line",
                "target": "self",
                "base_delay": 0.5,
                "num_entities_spawned": 1,
                "entity_type": "boss:dragon_clone",
                "summon_cap": 16,
                "summon_cap_radius": 40.0,
                "size": 5.0,
                "entity_lifespan": 40.0
              }
            ]
          }
        ]
      },
      "minecraft:collision_box": {
        "width": 1.5,
        "height": 4
      },
      "minecraft:behavior.nearest_attackable_target": {
        "priority": 3,
        "entity_types": [
          {
            "filters": { "test" :  "is_family", "subject" : "other", "value" :  "player"},
            "max_dist": 70
          },
          {
            "filters": {
               "all_of": [
                {
                  "test": "is_family",
                  "subject": "other",
                  "operator": "!=",
                  "value": "inanimate"
                },
                {
                  "test": "is_family",
                  "subject": "other",
                  "operator": "!=",
                  "value": "monster"
                },
                {
                  "test": "is_family",
                  "subject": "other",
                  "operator": "!=",
                  "value": "dp"
                }
              ]
            },
            "max_dist": 70
          }
        ],
        "must_see": true
      },
      "minecraft:damage_sensor": [
        {
          "on_damage": {
            "filters": {
              "test": "is_family",
              "subject": "other",
              "value": "dp"
            }
          },
          "deals_damage": false
        },
        {
	    "on_damage": {
  		  "filters": {
		    "with_damage_fatal": true
		  },
		  "event": "BS"
}		  
        }
      ],
      "minecraft:behavior.hurt_by_target": {
		"priority": 2,
		  "entity_types": {
			"filters": {
			  "test": "is_family",
			  "subject": "other",
			  "operator": "!=",
			  "value": "cure"
			}
		 }
      },
      "minecraft:attack": {
        "damage": 25
      },
      "minecraft:variant": {
        "value": 2
      },
      "minecraft:boss": {
        "name": "§2▀▄▀▄§4CURSED DRAGON§2▄▀▄▀",
        "should_darken_sky": true,
        "hud_range": 64
      },
      "minecraft:break_blocks": {
        "breakable_blocks": [

          "bamboo_sapling",
          "beetroot",
          "brown_mushroom",
          "carrots",
          "carved_pumpkin",
          "chorus_flower",
          "chorus_plant",
          "lit_pumpkin",
          "melon_stem",
          "potatoes",
          "pumpkin",
          "pumpkin_stem",
          "red_flower",
          "red_mushroom",
          "reeds",
          "sapling",
          "sweet_berry_bush",
          "vine",
          "waterlily",
          "yellow_flower",
          "bamboo",
          "wheat",
          "oak_stairs",
          "spruce_stairs",
          "dark_oak_stairs",
          "birch_stairs",
          "acacia_stairs",
          "carved_pumpkin",
          "leaves",
          "leaves2",
          "lit_pumpkin",
          "melon_block",
          "spruce_door",
          "oak_door",
          "birch_door",
          "acacia_door",
          "ice",
          "dark_oak_door",
          "turtle_egg",
          "wood_planks",
          "fence",
          "redstone_wire",
          "glass",
          "glass_pane",
          "slab",
          "wool",
          "bed",
          "planks",
          "ladder",
          "scaffolding",
          "trapdoor",
          "acacia_trapdoor",
          "planks_jungle",
          "cactus"
        ]
      },
      "minecraft:movement": {
        "value": 0.05
      },
      "minecraft:navigation.float": {	
        "can_path_over_water": true	
      },
      "minecraft:scale": {
        "value": 3
      },
      "minecraft:spawn_entity": {
        "min_wait_time": 3,
        "max_wait_time": 3,
        "num_to_spawn": 10,
        "spawn_entity": "minecraft:lightning_bolt",
		"single_use": true
        },
      "minecraft:movement.basic": {
      },
      "minecraft:jump.static": {
      },
      "minecraft:behavior.float": {
        "priority": 0
      },
      "minecraft:behavior.float_wander": {
        "xz_dist": 10,
        "y_dist": 7,
        "y_offset": -2.0,
        "random_reselect": true,
        "float_duration": [ 0.1, 0.35 ]
      },
      "minecraft:can_fly": {
      },
      "minecraft:behavior.hurt_by_target": {
        "priority": 1
      },
      "minecraft:behavior.look_at_player": {
        "priority": 6,
        "look_distance": 8
      },
      "minecraft:behavior.random_look_around": {
        "priority": 6
      },
      "minecraft:type_family": {
        "family": [ "boss", "cursed", "dragon", "monster", "dp", "real" ]
      },
      "minecraft:physics": {
      },
      "minecraft:behavior.knockback_roar": {
          "priority": 1,
          "duration": 2.08,
          "attack_time": 0.55,
          "knockback_damage": 50,
          "knockback_strength": 10,
          "knockback_range": 10,
          "knockback_filters": {
            "test": "is_family",
            "subject": "other",
            "operator": "!=",
            "value": "dragon"
          },
          "damage_filters": {
            "test": "is_family",
            "subject": "other",
            "operator": "!=",
            "value": "dragon"
          },
          "cooldown_time": 10
        }
      },
//BY RHEX MCPE
    "events": {
      "minecraft:entity_spawned": {
      },
      "minecraft:become_aggro": {
        "add": {
          "component_groups": [
            "a"
          ]
        }
      },
      "BS": {
        "add": {
          "component_groups": [
            "b"
          ]
        }
      },
      "minecraft:stop_aggro": {
        "remove": {
          "component_groups": [
            "a"
          ]
        }
      },
  "minecraft:on_tame": {
    "add": {
    "component_groups": [
    "Tame"
      ]
    }
   }
  }
 }
}
