{
  "format_version": "1.8.0",
  "minecraft:entity": {
    "description": {
      "identifier": "boss:dragon_clone",
      "is_spawnable": false,
      "is_summonable": true,
      "is_experimental": false
    },

    "components": {
      "minecraft:breathable": {
        "totalSupply": 15,
        "suffocateTime": 0,
        "breathesWater": true
      },
          "minecraft:explode": {
            "fuseLength": 12,
            "fuseLit": true,
            "power": 5,
            "causesFire": false,
            "destroyAffectedByGriefing": true
          },
      "minecraft:health": {
        "value": 999,
        "max": 999
      },
      "minecraft:collision_box": {
        "width": 1.7,
        "height": 4.2
      },
       "minecraft:follow_range": {
        "value": 70,
        "max": 70
      },

      "minecraft:behavior.nearest_attackable_target": {
        "priority": 3,
        "entity_types": [
          {
            "filters": { "test" :  "is_family", "subject" : "other", "value" :  "player"},
            "max_dist": 70
          },
          {
            "filters": {
               "all_of": [
                {
                  "test": "is_family",
                  "subject": "other",
                  "operator": "!=",
                  "value": "dp"
                },
                {
                  "test": "is_family",
                  "subject": "other",
                  "operator": "!=",
                  "value": "inanimate"
                }
              ]
            },
            "max_dist": 70
          }
        ],
        "must_see": true
      },
      "minecraft:damage_sensor": [
        {
          "on_damage": {
            "filters": {
              "test": "is_family",
              "subject": "other",
              "value": "dp"
            }
          },
          "deals_damage": false
        }
      ],
      "minecraft:attack": {
        "damage": 10
      },
      "minecraft:movement": {
        "value": 0.05
      },
      "minecraft:navigation.float": {	
        "can_path_over_water": true	
      },
      "minecraft:movement.basic": {
      },
      "minecraft:jump.static": {
      },
      "minecraft:scale": {
        "value": 3
      },
      "minecraft:navigation.climb": {
        "can_path_over_water": true
      },
      "minecraft:behavior.float": {
        "priority": 0
      },
      "minecraft:behavior.float_wander": {
        "xz_dist": 10,
        "y_dist": 7,
        "y_offset": -2.0,
        "random_reselect": true,
        "float_duration": [ 0.1, 0.35 ]
      },
      "minecraft:can_fly": {
      },
      "minecraft:behavior.hurt_by_target": {
        "priority": 1
      },
      "minecraft:behavior.look_at_player": {
        "priority": 6,
        "look_distance": 8
      },
      "minecraft:behavior.random_look_around": {
        "priority": 6
      },
	      "minecraft:behavior.ranged_attack": {
          "priority": 1,
          "attack_interval_min": 1,
          "attack_interval_max": 10,
          "attack_radius": 1000,
          "burst_shots": 50,
          "burst_interval": 0.1
        },
        "minecraft:shooter": {
          "def": "boss:dragonball"
        },
      "minecraft:type_family": {
        "family": [ "dp", "dragon", "clone", "monster" ]
      },
      "minecraft:physics": {
      },
      "minecraft:behavior.knockback_roar": {
          "priority": 1,
          "duration": 2.08,
          "attack_time": 0.55,
          "knockback_damage": 50,
          "knockback_strength": 10,
          "knockback_range": 10,
          "knockback_filters": {
            "test": "is_family",
            "subject": "other",
            "operator": "!=",
            "value": "dragon"
          },
          "damage_filters": {
            "test": "is_family",
            "subject": "other",
            "operator": "!=",
            "value": "dragon"
          },
          "cooldown_time": 10
        }
      },
//BYRHEX MCPE THE HANDSOME
    "events": {
      "minecraft:entity_spawned": {
      },
  "minecraft:on_tame": {
    "add": {
    "component_groups": [
    "Tame"
      ]
    }
   }
  }
 }
}
