{
  "format_version": "1.8.0",
  "minecraft:entity": {
    "description": {
      "identifier": "boss:dragoncrystalexplode",
      "is_spawnable": false,
      "is_summonable": true,
      "is_experimental": false,
      "runtime_identifier": "crystal"
    },
    "components": {
    "minecraft:explode": {
      "fuseLength": 7,
      "fuseLit": true,
      "power": 5,
      "causesFire": false,
      "destroyAffectedByGriefing": false
       },
      "minecraft:nameable": {
      },
      "minecraft:type_family": {
        "family": [ "monster", "cure", "dp" ]
      },
      "minecraft:health": {
        "value": 999,
        "max": 999
      },
      "minecraft:attack": {
        "damage": 10
      },
      "minecraft:collision_box": {
        "width": 0.4,
        "height": 0.8
      },
      "minecraft:movement": {
        "value": 0.10
      },
      "minecraft:fall_damage": {
        "value": 0.0
      },
      "minecraft:can_fly": {
      },
      "minecraft:flying_speed": {
        "value": 0.5
      },
      "minecraft:navigation.walk": {
        "can_path_over_water": true
      },
      "minecraft:movement.basic": {
      },
      "minecraft:jump.static": {
      },
      "minecraft:can_climb": {
      },
      "minecraft:fire_immune": true,
      "minecraft:behavior.float": {
        "priority": 0
      },
        "minecraft:behavior.nearest_attackable_target": {
          "priority": 1,
          "entity_types": [
            {
              "filters": {
                "test": "is_family",
                "subject": "other",
                "value": "real"
              },
              "max_dist": 1000
            }
          ],
          "must_see": true
        },
      "minecraft:behavior.random_stroll": {
      "priority": 5,   
      "speed_multiplier": 1
      
      },
      "minecraft:behavior.float_wander": {
          "priority": 2,
          "must_reach": true
        },
      "minecraft:behavior.look_at_player": {
        "priority": 9,
        "look_distance": 6.0,
        "probability": 0.02
	    },
      "minecraft:behavior.look_at_entity": {
        "priority": 9,
        "look_distance": 6.0,
        "probability": 0.02,
        "filters": { "test" :  "is_family", "subject" : "other", "value" :  "real"}
      },
      "minecraft:explode": {
      "fuseLength": 5,
      "fuseLit": true,
      "power": 1,
      "causesFire": false,
      "destroyAffectedByGriefing": true
       },
      "minecraft:behavior.hurt_by_target": {
        "priority": 1
      },
      "minecraft:physics": {
      }
    }
  }
}
