{
  "format_version": "1.8.0",
  "minecraft:entity": {
    "description": {
      "identifier": "boss:dragonball2",
      "is_spawnable": false,
      "is_summonable": true,
      "is_experimental": false,
	  "scripts": {
	    "animate": [ "particle" ]
      },
	  "animations": {
	    "particle": "controller.animation.particle"
	  }
    },

    "components": {
      "minecraft:type_family": {
        "family": [ "dp" ]
      },
	  "minecraft:spawn_entity": [
	    {
		  "min_wait_time": 1.04,
		  "max_wait_time": 1.04,
		  "num_to_spawn": 5,
		  "single_use": false,
		  "spawn_entity": "minecraft:lightning_bolt"
		}
	  ],
      "minecraft:explode": {
        "fuseLength": 1.60,
        "fuseLit": true,
        "power": 5,
        "causesFire": false,
        "destroyAffectedByGriefing": true
      },
      "minecraft:health":{
        "value":999,
        "max":999
      },
	  "minecraft:knockback_resistance": {
        "value": 99.0
      },
      "minecraft:collision_box": {
        "width": 0.98,
        "height": 0.98
      },
      "minecraft:scale": {
        "value": 2
      },
	  "minecraft:damage_sensor": [
	    {
		  "cause": "any",
		  "deals_damage": false
		}
	  ],
      "minecraft:physics": {
	  }
	}
  }
}