{
  "minecraft:entity": {
    "format_version": "1.8.0",
    "description": {
      "identifier": "boss:dragonball",
      "animations": {
        "particle": "controller.animation.particle"
      },
      "scripts": {
        "animate": [
          "particle"
         ]
      },
      "is_spawnable": false,
      "is_summonable": true,
      "is_experimental": false,
      "runtime_identifier": "minecraft:snowball"
    },
       "component_groups": {
    "minecraft:exploding": {
         "minecraft:explode": {
            "fuseLength": 0,
            "fuseLit": true,
            "power":5,
            "causesFire": false,
            "breaks_blocks":false,
            "destroyAffectedByGriefing": false
          }
    }
  },

    "components": {
        "minecraft:explode": {
     "fuseLength": 7,
     "fuseLit": true,
     "power": 0,
     "causesFire": true,
     "fireAffectedByGriefing": true,
     "destroyAffectedByGriefing": false
    },
       "minecraft:damage_sensor": [
        {
          "cause": "all",
          "deals_damage": false
        }
      ],
      "minecraft:behavior.nearest_attackable_target": {
        "priority": 3,
        "entity_types": [
          {
            "filters": { "test" :  "is_family", "subject" : "other", "value" :  "player"},
            "max_dist": 70
          },
          {
            "filters": {
               "all_of": [
                {
                  "test": "is_family",
                  "subject": "other",
                  "operator": "!=",
                  "value": "dp"
                },
                {
                  "test": "is_family",
                  "subject": "other",
                  "operator": "!=",
                  "value": "monster"
                }
              ]
            },
            "max_dist": 70
          }
        ],
        "must_see": true
      },
      "minecraft:damage_sensor": [
        {
          "on_damage": {
            "filters": {
              "test": "is_family",
              "subject": "other",
              "value": "dp"
            }
          },
          "deals_damage": false
        }
      ],
      "minecraft:collision_box": {
        "width": 0.5,
        "height": 0.5
      },
      "minecraft:projectile": {
        "particle": "explode",
        "onHit": {
               "definition_event": {
          "affectProjectile": true,
          "eventTrigger": {
            "event": "minecraft:explode",
            "target": "self"
          }
        },
         "mob_effect": {
          "effect": "slowness",
          "durationeasy": 10,
          "durationnormal": 10,
          "durationhard": 10,
          "amplifier": 1
        },

          "impact_damage": {
            "damage": 25,
            "knockback": true
          }
         },
        "offset": [0, 2.85, 0],       
        "power": 1.94,
        "gravity": 0.05,
        "uncertaintyBase": 4
      }
    },
  "events": {
   "minecraft:explode": {
    "add": {
     "component_groups": [
      "minecraft:exploding"
     ]
    }
   }
  }
 }
}
