{
  "format_version": "1.8.0",
  "minecraft:entity": {
    "description": {
      "identifier": "boss:exploded",
      "is_spawnable": false,
      "is_summonable": true,
      "is_experimental": false
    },

    "component_groups": {
      "from_explosion": {
        "minecraft:explode": {
          "fuseLength": {
            "range_min": 0,
            "range_max": 0
          },
          "fuseLit": true,
          "power": 0.25,
          "causesFire": false
        }
      }
    },
	
    "components": {
      "minecraft:behavior.nearest_attackable_target": {
        "priority": 3,
        "entity_types": [
          {
            "filters": { "test" :  "is_family", "subject" : "other", "value" :  "player"},
            "max_dist": 70
          },
          {
            "filters": {
               "all_of": [
                {
                  "test": "is_family",
                  "subject": "other",
                  "operator": "!=",
                  "value": "dp"
                },
                {
                  "test": "is_family",
                  "subject": "other",
                  "operator": "!=",
                  "value": "monster"
                }
              ]
            },
            "max_dist": 70
          }
        ],
        "must_see": true
      },
      "minecraft:damage_sensor": [
        {
          "on_damage": {
            "filters": {
              "test": "is_family",
              "subject": "other",
              "value": "dp"
            }
          },
          "deals_damage": false
        }
      ],
      "minecraft:collision_box": {
        "width": 0,
        "height": 0
      },

      "minecraft:explode": {
        "fuseLength": 0,
        "fuseLit": true,
        "power": 0.25,
        "causesFire": false
      },
      "minecraft:health":{
        "value":999,
        "max":999
      },
	  "minecraft:knockback_resistance": {
        "value": 99.0
      },
      "minecraft:scale": {
        "value": 1.35
      },
      "minecraft:type_family": {
        "family": [ "dp", "inanimate" ]
      },
	    "minecraft:physics": {
      }
    },
    
    "events": {
      "from_explosion": {
        "add": {
          "component_groups": [
            "from_explosion"
          ]
        }
      }
    }
  }
}
