{
  "format_version": "1.8.0",
  "minecraft:entity": {
    "description": {
      "identifier": "boss:spawner",
      "is_spawnable": true,
      "is_summonable": true,
      "is_experimental": false,
	  "scripts": {
	    "animate": [ "walk" ]
      },
	  "animations": {
	    "walk": "controller.animation.napalm_fuse"
	  }
    },

    "components": {
      "minecraft:type_family": {
        "family": [ "inanimate" ]
      },
	  "minecraft:spawn_entity": [
	    {
		  "min_wait_time": 1.97,
		  "max_wait_time": 1.97,
		  "num_to_spawn": 1,
		  "single_use": false,
		  "spawn_entity": "boss:cursed_dragon"
		},
		{
		  "min_wait_time": 1.95,
		  "max_wait_time": 1.95,
		  "num_to_spawn": 20,
		  "single_use": false,
		  "spawn_entity": "minecraft:lightning_bolt"
		}
	  ],
      "minecraft:explode": {
        "fuseLength": 1.7,
        "fuseLit": true,
        "power": 9,
        "causesFire": false,
        "destroyAffectedByGriefing": true
      },
      "minecraft:health":{
        "value":999,
        "max":999
      },
	  "minecraft:knockback_resistance": {
        "value": 99.0
      },
      "minecraft:collision_box": {
        "width": 0.98,
        "height": 0.98
      },
      "minecraft:scale": {
        "value": 3
      },
	  "minecraft:damage_sensor": [
	    {
		  "cause": "any",
		  "deals_damage": false
		}
	  ],
      "minecraft:physics": {
	  }
	}
  }
}