{
	"format_version": "1.16.100",
	"minecraft:item": {
		"description": {
			"identifier": "dm2:ender_boots",
			"category": "equipment"
		},
		"components": {
			"minecraft:max_stack_size": 1,
			"minecraft:enchantable": {
				"value": 9,
				"slot": "armor_feet"
			},
			"minecraft:armor": {
				"protection": 4
			},
			"minecraft:wearable": {
				"slot": "slot.armor.feet"
			},
		  "minecraft:durability": {
        "max_durability": 3122
      },
      			 "minecraft:repairable": {
      "repair_items": [
          {
              "items":[
                  "dm2:ender_boots"
              ],
              "repair_amount": 3122
          }
      ]
  },
					"minecraft:creative_category": {
				"parent": "itemGroup.name.boots"
			},
			"minecraft:icon": {
				"texture": "ender_boots"
			},
			"minecraft:render_offsets": "boots",
			"minecraft:display_name": {}
		}
	}
}