{
	"format_version": "1.10.0",
	"animation_controllers": {
		"controller.animation.fly_dragon": {
	"initial_state": "falling",
	"states": {
		"falling": {
			"on_entry": [
				"/effect @e[type=dm2:tamableaether,r=5,c=1] levitation 0 0 true",
				"/effect @e[type=dm2:tamableaether,r=5,c=1] slow_falling 1000000 250 true",
                "/effect @e[type=dm2:f_tamableaether,r=5,c=1] levitation 0 0 true",
				"/effect @e[type=dm2:f_tamableaether,r=5,c=1] slow_falling 1000000 250 true",
				//ender dragons
				"/effect @e[type=dm2:tamableender,r=5,c=1] levitation 0 0 true",
				"/effect @e[type=dm2:tamableender,r=5,c=1] slow_falling 1000000 250 true",
                "/effect @e[type=dm2:f_tamableender,r=5,c=1] levitation 0 0 true",
				"/effect @e[type=dm2:f_tamableender,r=5,c=1] slow_falling 1000000 250 true",
				//nether dragons
				"/effect @e[type=dm2:tamablenether,r=5,c=1] levitation 0 0 true",
				"/effect @e[type=dm2:tamablenether,r=5,c=1] slow_falling 1000000 250 true",
                "/effect @e[type=dm2:f_tamablenether,r=5,c=1] levitation 0 0 true",
				"/effect @e[type=dm2:f_tamablenether,r=5,c=1] slow_falling 1000000 250 true",
				//magma dripper
				"/effect @e[type=dm2:magma_dripper.tame,r=5,c=1] levitation 0 0 true",
				"/effect @e[type=dm2:magma_dripper.tame,r=5,c=1] slow_falling 1000000 250 true"
							],
			"transitions": [
				{ "rising": "query.is_jumping" }
			]
		},
		"rising": {
			"on_entry": [
				//aether dragons
				"/effect @e[type=dm2:tamableaether,r=5,c=1] levitation 100000 6 true",
				"/effect @e[type=dm2:tamableaether,r=5,c=1] slow_falling 1000000 250 true",
				"/effect @e[type=dm2:f_tamableaether,r=5,c=1] levitation 100000 6 true",
				"/effect @e[type=dm2:f_tamableaether,r=5,c=1] slow_falling 1000000 250 true",
				//ender dragons
				"/effect @e[type=dm2:tamableender,r=5,c=1] levitation 100000 6 true",
				"/effect @e[type=dm2:tamableender,r=5,c=1] slow_falling 1000000 250 true",
				"/effect @e[type=dm2:f_tamableender,r=5,c=1] levitation 100000 6 true",
				"/effect @e[type=dm2:f_tamableender,r=5,c=1] slow_falling 1000000 250 true",
				//nether dragons
				"/effect @e[type=dm2:tamablenether,r=5,c=1] levitation 100000 6 true",
				"/effect @e[type=dm2:tamablenether,r=5,c=1] slow_falling 1000000 250 true",
				"/effect @e[type=dm2:f_tamablenether,r=5,c=1] levitation 100000 6 true",
				"/effect @e[type=dm2:f_tamablenether,r=5,c=1] slow_falling 1000000 250 true",
				//magma dripper
				"/effect @e[type=dm2:magma_dripper.tame,r=5,c=1] levitation 100000 6 true",
				"/effect @e[type=dm2:magma_dripper.tame,r=5,c=1] slow_falling 1000000 250 true"
			],
			"transitions": [
				{ "falling": "!query.is_jumping" }
			]
		}
	}
},
"controller.animation.reset_dragon_levitation": {
	"initial_state": "no_rider",
	"states": {
		"no_rider": {
			"transitions": [
				{ "has_rider": "query.has_rider" }
			]
		},
		"has_rider": {
			"on_exit": [
				"/effect @s levitation 0 0"
			],
			"transitions": [
				{ "no_rider": "!query.has_rider" }
			]
		}
	}
}
		
	}
}