{
    "format_version": "1.10.0",
    "animation_controllers": {
        "controller.animation.minotaur_death": {
            "states": {
                "default": {
                    "transitions": [
                        {
                            "dead": "!query.is_alive"
                        }
                    ]
                },
                "dead": {
                    "on_entry": [
                        "/summon dm2:minotaur_death"
                    ]
                }
            }
        }
    }
}