{
  "format_version": [
    1,
    1,
    0
  ],
  "log": {
  "blockshape": "fence",
    "textures": {
      "up": "log_top",
      "down": "log_top",
      "side": "log_side"
    },
    "sound": "wood"
  },
  "log2": {
  "blockshape": "fence",
    "textures": {
      "up": "log_top2",
      "down": "log_top2",
      "side": "log_side2"
    },
    "sound": "wood"
  },
   "dakon:abyssal_lurker": {
  "blockshape": "lilypad",
    "textures": "abyssal_lurker",
    "sound": "grass"
  },
   "dakon:angelfish": {
  "blockshape": "lilypad",
    "textures": "angelfish",
    "sound": "grass"
  },
   "dakon:angler_fish": {
  "blockshape": "lilypad",
    "textures": "angler_fish",
    "sound": "grass"
  },
   "dakon:blaze_pike": {
  "blockshape": "lilypad",
    "textures": "blaze_pike",
    "sound": "grass"
  },
   "dakon:blue_jellyfish": {
  "blockshape": "lilypad",
    "textures": "blue_jellyfish",
    "sound": "grass"
  },
   "dakon:stonerock": {
  "blockshape": "lilypad",
    "textures": "stonerock",
    "sound": "grass"
  },
   "dakon:bone_fish": {
  "blockshape": "lilypad",
    "textures": "bone_fish",
    "sound": "grass"
  },
   "dakon:brown_shroomfin": {
  "blockshape": "lilypad",
    "textures": "brown_shroomfin",
    "sound": "grass"
  },
   "dakon:catfish": {
  "blockshape": "lilypad",
    "textures": "catfish",
    "sound": "grass"
  },
   "dakon:stonerock": {
  "blockshape": "lilypad",
    "textures": "stonerock",
    "sound": "grass"
  },
   "dakon:cave_trout": {
  "blockshape": "lilypad",
    "textures": "cave_trout",
    "sound": "grass"
  },
   "dakon:charged_bullhead": {
  "blockshape": "lilypad",
    "textures": "charged_bullhead",
    "sound": "grass"
  },
   "dakon:chorus_koi": {
  "blockshape": "lilypad",
    "textures": "chorus_koi",
    "sound": "grass"
  },
   "dakon:crystal_mullet": {
  "blockshape": "lilypad",
    "textures": "crystal_mullet",
    "sound": "grass"
  },
   "dakon:cursed_koi": {
  "blockshape": "lilypad",
    "textures": "cursed_koi",
    "sound": "grass"
  },
   "dakon:ender_shad": {
  "blockshape": "lilypad",
    "textures": "ender_shad",
    "sound": "grass"
  },
   "dakon:explosive_crucian": {
  "blockshape": "lilypad",
    "textures": "explosive_crucian",
    "sound": "grass"
  },
   "dakon:flarefin_koi": {
  "blockshape": "lilypad",
    "textures": "flarefin_koi",
    "sound": "grass"
  },
   "dakon:frost_minnow": {
  "blockshape": "lilypad",
    "textures": "frost_minnow",
    "sound": "grass"
  },
   "dakon:fungi_catfish": {
  "blockshape": "lilypad",
    "textures": "fungi_catfish",
    "sound": "grass"
  },
   "dakon:glacier_anchovy": {
  "blockshape": "lilypad",
    "textures": "glacier_anchovy",
    "sound": "grass"
  },
   "dakon:golden_koi": {
  "blockshape": "lilypad",
    "textures": "golden_koi",
    "sound": "grass"
  },
   "dakon:green_jellyfish": {
  "blockshape": "lilypad",
    "textures": "green_jellyfish",
    "sound": "grass"
  },
   "dakon:magikarp": {
  "blockshape": "lilypad",
    "textures": "magikarp",
    "sound": "grass"
  },
   "dakon:magma_jellyfish": {
  "blockshape": "lilypad",
    "textures": "magma_jellyfish",
    "sound": "grass"
  },
   "dakon:mandarinfish": {
  "blockshape": "lilypad",
    "textures": "mandarinfish",
    "sound": "grass"
  },
   "dakon:mud_tuna": {
  "blockshape": "lilypad",
    "textures": "mud_tuna",
    "sound": "grass"
  },
   "dakon:nether_sturgeon": {
  "blockshape": "lilypad",
    "textures": "nether_sturgeon",
    "sound": "grass"
  },
   "dakon:obsidian_bream": {
  "blockshape": "lilypad",
    "textures": "obsidian_bream",
    "sound": "grass"
  },
   "dakon:pearl_sardine": {
  "blockshape": "lilypad",
    "textures": "pearl_sardine",
    "sound": "grass"
  },
   "dakon:pike": {
  "blockshape": "lilypad",
    "textures": "pike",
    "sound": "grass"
  },
   "dakon:piranha": {
  "blockshape": "lilypad",
    "textures": "piranha",
    "sound": "grass"
  },
   "dakon:quartz_chub": {
  "blockshape": "lilypad",
    "textures": "quartz_chub",
    "sound": "grass"
  },
   "dakon:red_shroomfin": {
  "blockshape": "lilypad",
    "textures": "red_shroomfin",
    "sound": "grass"
  },
   "dakon:ruffe": {
  "blockshape": "lilypad",
    "textures": "ruffe",
    "sound": "grass"
  },
   "dakon:sandy_bass": {
  "blockshape": "lilypad",
    "textures": "sandy_bass",
    "sound": "grass"
  },
   "dakon:snowy_walleye": {
  "blockshape": "lilypad",
    "textures": "snowy_walleye",
    "sound": "grass"
  },
   "dakon:sparkling_eel": {
  "blockshape": "lilypad",
    "textures": "sparkling_eel",
    "sound": "grass"
  },
   "dakon:specular_snapper": {
  "blockshape": "lilypad",
    "textures": "specular_snapper",
    "sound": "grass"
  },
   "dakon:sponge_eater": {
  "blockshape": "lilypad",
    "textures": "sponge_eater",
    "sound": "grass"
  },
   "dakon:spookyfin": {
  "blockshape": "lilypad",
    "textures": "spookyfin",
    "sound": "grass"
  },
   "dakon:squid": {
  "blockshape": "lilypad",
    "textures": "squid",
    "sound": "grass"
  },
   "dakon:sunfish": {
  "blockshape": "lilypad",
    "textures": "sunfish",
    "sound": "grass"
  },
   "dakon:swamp_plaice": {
  "blockshape": "lilypad",
    "textures": "swamp_plaice",
    "sound": "grass"
  },
   "dakon:withered_crucian": {
  "blockshape": "lilypad",
    "textures": "withered_crucian",
    "sound": "grass"
  },
   "dakon:stonerock": {
  "blockshape": "lilypad",
    "textures": "stonerock",
    "sound": "grass"
  },
   "dakon:grass_string": {
  "blockshape": "lilypad",
    "textures": "grass_string",
    "sound": "grass"
  },
   "dakon:flint_shard": {
  "blockshape": "lilypad",
    "textures": "flint_shard",
    "sound": "grass"
  },
   "dakon:grass_fiber": {
  "blockshape": "lilypad",
    "textures": "grass_fiber",
    "sound": "grass"
  },

   "dakon:wind_talisman": {
  "blockshape": "lilypad",
    "textures": "wind_talisman",
    "sound": "grass"
  },
   "dakon:wind_gem": {
  "blockshape": "lilypad",
    "textures": "wind_gem",
    "sound": "grass"
  },
   "dakon:water_talisman": {
  "blockshape": "lilypad",
    "textures": "water_talisman",
    "sound": "grass"
  },
   "dakon:water_gem": {
  "blockshape": "lilypad",
    "textures": "water_gem",
    "sound": "grass"
  },
   "dakon:shock_talisman": {
  "blockshape": "lilypad",
    "textures": "shock_talisman",
    "sound": "grass"
  },
   "dakon:shock_gem": {
  "blockshape": "lilypad",
    "textures": "shock_gem",
    "sound": "grass"
  },
   "dakon:lifebelt": {
  "blockshape": "lilypad",
    "textures": "lifebelt",
    "sound": "grass"
  },
   "dakon:heat_talisman": {
  "blockshape": "lilypad",
    "textures": "heat_talisman",
    "sound": "grass"
  },
   "dakon:heat_gem": {
  "blockshape": "lilypad",
    "textures": "heat_gem",
    "sound": "grass"
  },
   "dakon:fire_talisman": {
  "blockshape": "lilypad",
    "textures": "fire_talisman",
    "sound": "grass"
  },
   "dakon:ender_talisman": {
  "blockshape": "lilypad",
    "textures": "ender_talisman",
    "sound": "grass"
  },
   "dakon:ender_gem": {
  "blockshape": "lilypad",
    "textures": "ender_gem",
    "sound": "grass"
  }
}