{
  "format_version": "1.16.100",
  "minecraft:item": {
    "description": {
      "identifier": "dm2:ddragonarmor",
      "category": "equipment"
    },
    "components": {
      "minecraft:max_stack_size": 1,
      "minecraft:armor": {
        "protection": 11
      },
  "minecraft:durability": {
        "max_durability": 1561
      },
            "minecraft:enchantable": {
        "value": 9,
        "slot": "armor_torso"
      },
             "minecraft:repairable": {
      "repair_items": [
          {
              "items":[
                  "dm2:ddragonarmor"
              ],
              "repair_amount": 1561
          }
      ]
  },
        "minecraft:creative_category": {
        "parent": "itemGroup.name.horsearmor"
      },
      "minecraft:icon": {
        "texture": "ddragonarmor"
      },
        "minecraft:render_offsets": {
    "main_hand": {
      "first_person": {
        "position": [0.5,0.2,-1.5],
        "rotation": [90,0,0],
        "scale": [0.05,0.05,0.05]
      },
      "third_person": {
        "position": [-1,0,0],
        "rotation": [0,0,0],
        "scale": [0.05,0.05,0.05]
      }
    },
    "off_hand": {
      "first_person": {
        "position": [0,0,0],
        "rotation": [0,0,0],
        "scale": [0.05,0.05,0.05]
      },
      "third_person": {
        "position": [0,0,0],
        "rotation": [0,0,0],
        "scale": [0.05,0.05,0.05]
      }
    }
  },
      "minecraft:display_name": {}
    }
  }
}