{
  "format_version": "1.12.0",
  "minecraft:block": {
    "description": {
      "identifier": "dm2:minotaur_boss_summon",
      "is_experimental": false,
      "register_to_creative_menu": true
    },
    "components": {
      "minecraft:material_instances": {
        "*": {
          "render_method": "alpha_test",
          "texture": "minotaur_boss_summon"
        }
      },
  "minecraft:on_interact": {
      "event": "summon_boss",
      "target": "self"
  },
      "minecraft:loot": "loot_tables/blocks/glowsne_bgm.json",
      "minecraft:breathability": "air",
      "minecraft:destroy_time": 90000,
      "minecraft:friction": 0.6,
      "minecraft:map_color": "#547c84",
      "minecraft:explosion_resistance": 900000.0,
      "minecraft:block_light_absorption": 0.0,
      "minecraft:block_light_emission": 0.0,
      "minecraft:preventsjumping": false,
      "minecraft:unwalkable": false,
      "minecraft:immovable": false,
      "minecraft:onlypistonpush": false,
      "minecraft:breakonpush": false,
      "minecraft:flammable": {
        "flame_odds": 0.0,
        "burn_odds": 0.0
      },
  "minecraft:geometry": "geometry.minotaur_head",
      "minecraft:pick_collision": {
        "origin": [
          -8,
          0,
          -8
        ],
        "size": [
          16,
          7,
          13.5
        ]
      },
      "minecraft:entity_collision": {
        "origin": [
          -8,
          0,
          -8
        ],
        "size": [
          16,
          7,
          13.5
        ]
      }
    },
        "events": {
        "summon_boss": {
    "run_command": {
        "command": ["summon dm2:minotaur ~ ~0.5 ~", "stopsound @a[r=10]"]
    },
        "die": {
            "target": "self"
        }
        }
    }
  }
}