{
  "format_version": "1.12.0",
  "minecraft:block": {
    "description": {
      "identifier": "dm2:scroll",
      "is_experimental": false,
      "register_to_creative_menu": true
    },
    "components": {
      "minecraft:material_instances": {
        "*": {
          "render_method": "alpha_test",
          "texture": "scroll"
        }
      },
  "minecraft:on_interact": {
      "event": "summon_boss",
      "target": "self"
  },
      "minecraft:loot": "loot_tables/blocks/glowsne_bgm.json",
      "minecraft:breathability": "air",
      "minecraft:destroy_time": 90000,
      "minecraft:friction": 0.6,
      "minecraft:map_color": "#547c84",
      "minecraft:explosion_resistance": 900000.0,
      "minecraft:block_light_absorption": 0.0,
      "minecraft:block_light_emission": 0.0,
      "minecraft:preventsjumping": false,
      "minecraft:unwalkable": false,
      "minecraft:immovable": false,
      "minecraft:onlypistonpush": false,
      "minecraft:breakonpush": false,
      "minecraft:flammable": {
        "flame_odds": 0.0,
        "burn_odds": 0.0
      },
  "minecraft:geometry": "geometry.scroll",
      "minecraft:pick_collision": {
        "origin": [
          -8,
          0,
          -8
        ],
        "size": [
          16,
          16,
          16
        ]
      },
      "minecraft:entity_collision": {
        "origin": [
          -8,
          0,
          -8
        ],
        "size": [
          0,
          0,
          0
        ]
      }
    },
        "events": {
        "summon_boss": {
    "run_command": {
        "command": ["stopsound @a[r=2] bgm.aether.1", "stopsound @a[r=2] bgm.aether.2", "stopsound @a[r=2] bgm.aether.3", "stopsound @a[r=2] bgm.aether.4", "kill @e[type=dm2:aether_bgm_1]", "kill @e[type=dm2:aether_bgm_2]", "kill @e[type=dm2:aether_bgm_3]", "kill @e[type=dm2:aether_bgm_4]", "playsound bgm.labyrinth @a[r=2]", "say *scroll* Welcome to the Labyrinth, a dangerous maze filled with many many monsters. However, it may be worth completing... as the prize will make you more powerful than you will ever imagine. Find the Minotaur room, and battle it to claim your prize."]
    }
        }
    }
  }
}