{
  "format_version": "1.13.0",
  "minecraft:entity": {

    "description": {
      "identifier": "dm2:aether",
      "is_spawnable": true,
      "is_summonable": true,
      "is_experimental": false
    },

    "component_groups": {

    },

    "components": {
                "minecraft:boss": {
"should_darken_sky": false,
"name": "Aether Dragon",
"hud_range": 120
},
      "minecraft:experience_reward": {
        "on_death": "query.last_hit_by_player ? 50 : 0"
      },
      "minecraft:addrider": {
          "entity_type": "dm2:aether_boss_breath"
        },
              "minecraft:rideable": {
        "seat_count": 1,
        "family_types": [
          "aether_boss_breath"
        ],
        "seats": {
          "position": [ 0.0, 1.3, 4.0 ]
        }
      },
      "minecraft:type_family": {
        "family": [ "aether", "dragon","mob" ]
      },
      "minecraft:loot": {
        "table": "loot_tables/entities/aether/aether_boss.json"
      },
      "minecraft:nameable": {
      },
      "minecraft:health": {
        "value": 300,
        "max": 300
      },
      "minecraft:hurt_on_condition": {
        "damage_conditions": [
          {
            "filters": { "test": "in_lava", "subject": "self", "operator": "==", "value": true },
            "cause": "lava",
            "damage_per_tick": 4
          }
        ]
      },
      "minecraft:physics": {
        "has_gravity": false
      },
      "minecraft:pushable": {
        "is_pushable": true,
        "is_pushable_by_piston": true
      },
      "minecraft:attack": {
        "damage": 15
      },
      "minecraft:breathable": {
        "total_supply": 15,
        "suffocate_time": 0,
        "breathes_air": true,
        "breathes_water": false
      },
      "minecraft:collision_box": {
        "width": 3,
        "height": 3
      },
      "minecraft:movement": {
        "value": 1.8
      },
            "minecraft:scale": {
        "value": 2
      },
      "minecraft:movement.glide": {
        "start_speed": 1,
        "speed_when_turning": 1
      },
      "minecraft:fire_immune": {
      },
      "minecraft:follow_range": {
        "value": 128,
        "max": 128
      },
      "minecraft:behavior.nearest_attackable_target": {
        "priority": 1,
        "within_radius": 128,
        "reselect_targets": true,
       "entity_types": [
            {
              "filters": {
                "any_of": [
                  {
                    "test": "is_family",
                    "subject": "other",
                    "value": "player"
                  },
                  {
                    "test": "is_family",
                    "subject": "other",
                    "value": "snowgolem"
                  },
                  {
                    "test": "is_family",
                    "subject": "other",
                    "value": "irongolem"
                  },
                                    {
                    "test": "is_family",
                    "subject": "other",
                    "value": "minotaur"
                  }
                ]
              },
              "max_dist": 128
            }
          ],
        "must_see": false,
        "must_see_forget_duration": 0.5,
        "scan_interval": 20,
        "target_search_height": 80.0
      },
      "minecraft:behavior.swoop_attack": {
        "priority": 2,
        "delay_range": [ 2.0, 3.0 ]
      },
      "minecraft:behavior.circle_around_anchor": {
        "priority": 3,
        "radius_range": [ 5.0, 15.0 ],
        "radius_change_chance": 250,
        "height_above_target_range": [ 20.0, 40.0 ],
        "height_offset_range": [ -4.0, 5.0 ],
        "height_change_chance": 350,
        "goal_radius": 1.0
      }
    }
  }
}