{
  "format_version": "1.8.0",
  "minecraft:entity": {
    "description": {
      "identifier": "dm2:spawn_aether",
      "is_spawnable": true,

      "is_summonable": true,

      "is_experimental": false
    },
    "component_groups": {
      "hatchfastm": {
        "minecraft:transformation": {
          "into": "dm2:tamableaether<minecraft:entity_spawned>",
          "delay": {
            "value": 0
          }
        }
    }, 
      "hatchfastf": {
        "minecraft:transformation": {
          "into": "dm2:f_tamableaether<minecraft:entity_spawned>",
          "delay": {
            "value": 0
          }
        }
    }
      }, 
    "components": {
      "minecraft:type_family": {
        "family": [ "egg" ]
      },
      "minecraft:health": {
        "value": 20,
        "max": 20
      },

      "minecraft:movement.basic": {
      },
      "minecraft:movement": {
        "value": 0.0
      },
      "minecraft:knockback_resistance": {
        "value": 100,
        "max": 100
      },
      "minecraft:push_through": {
      "value": 1
      },
        "minecraft:input_ground_controlled": {
      },
      "minecraft:behavior.controlled_by_player": {
      "priority": 0
      },
      "minecraft:fall_damage": {
      "value": 0.0
      },
      "minecraft:scale": {
        "value": 1.0
      },

      "minecraft:collision_box": {
        "width": 0.5,
        "height": 0.5
      },
      "minecraft:loot": {
        "table": "loot_tables/egg.json"
      },
      "minecraft:physics": {
      } 
    },
    "events": {
   "minecraft:entity_spawned": {
        "randomize": [
          {
            "weight": 50,
            "add": {
              "component_groups": [
                "hatchfastm"
              ]
            }
          },
          {
            "weight": 50,
            "add": {
              "component_groups": [
                "hatchfastf"
              ]
            }
          }
        ]
      }
    }
  }
} 