{
  "format_version": "1.10.0",
  "minecraft:client_entity": {
    "description": {
      "identifier": "dm2:f_tamablenether",
      "enable_attachables": true,
      "materials": { 
      "default": "iron_golem",
      "glow": "iron_golem"
       },   
      "textures": {
        "default": "textures/entity/nether/f_default",
        "glow": "textures/entity/nether/m_glow",
        "saddle": "textures/entity/nether/saddle",
        "chest": "textures/models/dragonchest"
      },
      "geometry": {
        "default": "geometry.dragonbase",
        "glow": "geometry.dragonglow",
        "eye_lid": "geometry.dragon_eye_lid",
        "saddle": "geometry.dragonsaddle",
        "chest": "geometry.dragonchest"
        },
      "animations": {
          "scale": "animation.dranbase.scale",
        "roaring": "animation.dragonbase.roaring",
        "biting": "animation.dragonbase.attack",
        "charge": "animation.dragonbase.tempt",
     "look_at_target": "animation.dragonbase.look_at_target",      
        "resting": "animation.dragonbase.sleep",
        "pe": "animation.dragonbase.pose",
        "sitting": "animation.dragonbase.sit",
        "setup": "animation.dragonbase.setup",
         "breath": "animation.dragonbase.breath",
        "walking": "animation.dragonbase.move",
        "idle": "animation.dragonbase.idle",
        "running": "animation.dragonbase.move",
      "temped": "animation.dragonbase.tempt",
        "hrotation": "animation.dragonbase.rot",
    "baby_transfrm": "animation.pig.baby_transform", 
        "flying": "animation.dragonbase.fly",
        "fly_rest": "animation.dragonbase.fly_rest",
        "fly_open": "animation.dragonbase.fly_open",
        "growl": "animation.dragonbase.growl",
        "eye_close": "animation.dragonbase.eye_close",

      
        "rest": "controller.animation.dragonbase.resting",
        "roar": "controller.animation.ravager.head_movement",
        "tempted": "controller.animation.dragonbase.tempted",
        "charging": "controller.animation.dragonbase.charging",
        "move": "controller.animation.dragonbase.move",
        "sit": "controller.animation.dragonbase.sitting",
        "look": "controller.animation.dragonbase.look_at_target"
      },
      "scripts": {
        "animate": [
          "fly", "scale","move", "rest", "tempted", "charging", "look", "sit", { "setup": "!query.is_sleeping && !query.is_on_ground && query.has_rider" },  "growl",
      { "baby_transform": "query.is_baby" }, { "breath": "query.is_powered" }, { "eye_close": "query.is_sleeping" }, {"idle": "query.is_on_ground && !query.is_sleeping && !query.is_moving && !query.is_sitting"}
        ], 
        "pre_animation": 
            [ 
            "variable.tail = query.ground_speed == 0 ? Math.cos(query.anim_time * 150) *  5.0 : Math.sin(-query.yaw_speed) * 10;",
            "variable.tail1 = query.ground_speed == 0 ? Math.cos(query.anim_time * 100) *  5.0 : Math.sin(-query.yaw_speed) * 10;",
            "variable.tail2 = query.ground_speed == 0 ? Math.cos(query.anim_time * 80) *  5.0 : Math.sin(-query.yaw_speed) * 10;",
            "variable.tail3 = query.ground_speed == 0 ? Math.cos(query.anim_time * 60) *  5.0 : Math.sin(-query.yaw_speed) * 10;",
            "variable.tail4 = query.ground_speed == 0 ? Math.cos(query.anim_time * 50) *  5.0 : Math.sin(-query.yaw_speed) * 10;",
            "variable.tail5 = query.ground_speed == 0 ? Math.cos(query.anim_time * 20) *  5.0 : Math.sin(-query.yaw_speed) * 10;",
            "variable.tail6 = query.ground_speed == 0 ? Math.cos(query.anim_time * 10) *  5.0 : Math.sin(-query.yaw_speed) * 10;", 
            "variable.neck = query.ground_speed == 0 ? Math.cos(query.anim_time * 150) *  5.0 : Math.sin(query.yaw_speed) * 10;",
            "variable.neck2 = query.ground_speed == 0 ? Math.cos(query.anim_time * 80) *  5.0 : Math.sin(query.yaw_speed) * 10;",
            "variable.neck3 = query.ground_speed == 0 ? Math.cos(query.anim_time * 60) *  5.0 : Math.sin(query.yaw_speed) * 10;",
            "variable.neck4 = query.ground_speed == 0 ? Math.cos(query.anim_time * 50) *  5.0 : Math.sin(query.yaw_speed) * 10;",
            "variable.neck5 = query.ground_speed == 0 ? Math.cos(query.anim_time * 20) *  5.0 : Math.sin(query.yaw_speed) * 10;",
            "variable.neck6 = query.ground_speed == 0 ? Math.cos(query.anim_time * 10) *  5.0 : Math.sin(query.yaw_speed) * 10;",
                   "variable.head = query.ground_speed == 0 ? Math.cos(query.anim_time * 10) *  5.0 : Math.sin(query.yaw_speed) * 10;"
            ]
      },
      "sound_effects": {
          "flyeffect": "mob.enderdragon.flap",
          "glideeffect": "dm2.glide",
          "breath": "dm2.dragon.firebreath",
          "growl": "mob.enderdragon.growl"
      },
      "render_controllers": [
         "controller.render.dragonbase",
         "controller.render.dragon_eye_lid",
         "controller.render.glow",
          "controller.render.saddle",
          "controller.render.chest"
      ],
  "spawn_egg": {
        "texture": "aether",
        "texture_index": 5
      }
    }
  }
}