{
  "format_version": "1.10.0",
  "minecraft:client_entity": {
    "description": {
      "identifier": "dm2:magma_dripper",
      "enable_attachables": true,
      "materials": { 
      "default": "iron_golem",
      "glow": "iron_golem"
       },   
      "textures": {
        "default": "textures/entity/nether/magma_dripper",
        "saddle": "textures/entity/nether/saddle",
        "chest": "textures/models/dragonchest"
      },
      "geometry": {
        "default": "geometry.magma_dripper",
        "chest": "geometry.dragonchest"
        },
      "animations": {
        "roar": "animation.magma_dripper.roar",
        "fly2": "animation.magma_dripper.fly2",
     "look_at_target": "animation.dragonbase.look_at_target",      
        "sitting": "animation.magma_dripper.sit",
        "attack": "animation.magma_dripper.attack",
        "attack2": "animation.magma_dripper.attack2",
        "setup": "animation.dragonbase.setup",
         "breath": "animation.magma_dripper.breath",
        "walking": "animation.magma_dripper.move",
        "idle": "animation.magma_dripper.idle",
        "summon":"animation.magma_dripper.summon",
        "resting": "animation.magma_dripper.sit",
      "temped": "animation.dragonbase.tempt",
        "hrotation": "animation.dragonbase.rot",
    "baby_transfrm": "animation.pig.baby_transform", 
        "flying": "animation.magma_dripper.fly",
        "fly_rest": "animation.magma_dripper.fly_rest",
        "fly_open": "animation.magma_dripper.open_wings",
        "growl": "animation.magma_dripper.growl",
        "eye_close": "animation.dragonbase.eye_close",

      
        "rest": "controller.animation.dragonbase.resting",
        "tempted": "controller.animation.dragonbase.tempted",
        "charging": "controller.animation.dragonbase.charging",
        "move": "controller.animation.magma_dripper.move",
        "sit": "controller.animation.dragonbase.sitting",
        "look": "controller.animation.dragonbase.look_at_target"
      },
      "scripts": {
        "animate": [
"scale",{"move": "!query.is_sheared"}, {"fly2": "query.is_sheared"}, "rest", "tempted", "charging", "look", "sit", { "setup": "!query.is_sleeping && !query.is_on_ground && query.has_rider" },  { "growl": "!query.is_roaring" }, { "breath": "query.is_powered" },
      {"idle": "query.is_on_ground && !query.is_sleeping && !query.is_moving && !query.is_sitting"}
        ], 
        "pre_animation": 
            [ 
            "variable.tail = query.ground_speed == 0 ? Math.cos(query.anim_time * 150) *  5.0 : Math.sin(-query.yaw_speed) * 10;",
            "variable.tail1 = query.ground_speed == 0 ? Math.cos(query.anim_time * 100) *  5.0 : Math.sin(-query.yaw_speed) * 10;",
            "variable.tail2 = query.ground_speed == 0 ? Math.cos(query.anim_time * 80) *  5.0 : Math.sin(-query.yaw_speed) * 10;",
            "variable.tail3 = query.ground_speed == 0 ? Math.cos(query.anim_time * 60) *  5.0 : Math.sin(-query.yaw_speed) * 10;",
            "variable.tail4 = query.ground_speed == 0 ? Math.cos(query.anim_time * 50) *  5.0 : Math.sin(-query.yaw_speed) * 10;",
            "variable.tail5 = query.ground_speed == 0 ? Math.cos(query.anim_time * 20) *  5.0 : Math.sin(-query.yaw_speed) * 10;",
            "variable.tail6 = query.ground_speed == 0 ? Math.cos(query.anim_time * 10) *  5.0 : Math.sin(-query.yaw_speed) * 10;", 
            "variable.neck = query.ground_speed == 0 ? Math.cos(query.anim_time * 150) *  5.0 : Math.sin(query.yaw_speed) * 10;",
            "variable.neck2 = query.ground_speed == 0 ? Math.cos(query.anim_time * 80) *  5.0 : Math.sin(query.yaw_speed) * 10;",
            "variable.neck3 = query.ground_speed == 0 ? Math.cos(query.anim_time * 60) *  5.0 : Math.sin(query.yaw_speed) * 10;",
            "variable.neck4 = query.ground_speed == 0 ? Math.cos(query.anim_time * 50) *  5.0 : Math.sin(query.yaw_speed) * 10;",
            "variable.neck5 = query.ground_speed == 0 ? Math.cos(query.anim_time * 20) *  5.0 : Math.sin(query.yaw_speed) * 10;",
            "variable.neck6 = query.ground_speed == 0 ? Math.cos(query.anim_time * 10) *  5.0 : Math.sin(query.yaw_speed) * 10;",
                   "variable.head = query.ground_speed == 0 ? Math.cos(query.anim_time * 10) *  5.0 : Math.sin(query.yaw_speed) * 10;"
            ]
      },
      "sound_effects": {
          "flyeffect": "mob.enderdragon.flap",
          "glideeffect": "dm2.glide",
          "breath": "dm2.dragon.firebreath",
          "growl": "dm2.magma_dripper.growl",
          "roar": "dm2.magma_dripper.roar"
      },
      "render_controllers": [
         "controller.render.dragonbase",
          "controller.render.chest"
      ],
  "spawn_egg": {
        "texture": "magma_dripper",
        "texture_index": 5
      }
    }
  }
}