{
  "format_version": "1.10.0",
  "minecraft:client_entity": {
    "description": {
      "identifier": "dm2:nether_egg",
      "materials": { "default": "iron_golem" },
      "textures": {
        "default": "textures/blocks/nether_egg"
      }, 
      "geometry": {
        "default": "geometry.dragon_egg"
      },
            "animations": {
        "cracking": "animation.dragon_egg.crack",
        "cracking.sound": "animation.dragon_egg.crack_sound"
      },
            "scripts": {
        "animate": [
      { "cracking": "query.is_sheared" }, { "cracking.sound": "query.is_sheared" }
        ]
      },
            "sound_effects": {
        "crack": "dm2.crack"
      },
      "render_controllers": [ "controller.render.default" ],
  "spawn_egg": {
        "texture": "aether",
        "texture_index": 5
      }
    }
  }
} 