{
	"format_version": "1.16.100",
	"minecraft:item": {
		"description": {
			"identifier": "dm2:aether_chestplate",
			"category": "equipment"
		},
		"components": {
			"minecraft:max_stack_size": 1,
			"minecraft:enchantable": {
				"value": 9,
				"slot": "armor_torso"
			},
			"minecraft:armor": {
				"protection": 10
			},
			"minecraft:wearable": {
				"slot": "slot.armor.chest"
			},
  "minecraft:durability": {
        "max_durability": 3122
      },
      			 "minecraft:repairable": {
      "repair_items": [
          {
              "items":[
                  "dm2:aether_chestplate"
              ],
              "repair_amount": 3122
          }
      ]
  },
      	"minecraft:creative_category": {
				"parent": "itemGroup.name.chestplate"
			},
			"minecraft:icon": {
				"texture": "aether_chestplate"
			},
			"minecraft:render_offsets": "chestplates",
			"minecraft:display_name": {}
		}
	}
}