{
	"format_version": "1.16.100",
	"minecraft:item": {
		"description": {
			"identifier": "dm2:aether_portal.item",
			"category": "items"
		},
		"components": {
			"minecraft:max_stack_size": 64,
					"minecraft:creative_category": {
				"parent": "itemGroup.name.aplin"
			},
			"minecraft:icon": {
				"texture": "aether_portal"
			},
"minecraft:display_name": {
  "value": "Aether Portal\nDoes not rotate!!"
},
			"minecraft:foil": true,
  "minecraft:entity_placer": {
    "entity": "dm2:aether_portal.entity"
  },
			"minecraft:render_offsets": "apple"
		}
	}
}