{
	"format_version": "1.16.100",
	"minecraft:item": {
		"description": {
			"identifier": "dm2:aether_helmet",
			"category": "equipment"
		},
		"components": {
			"minecraft:max_stack_size": 1,
			"minecraft:enchantable": {
				"value": 9,
				"slot": "armor_head"
			},
			"minecraft:armor": {
				"protection": 5
			},

			 "minecraft:repairable": {
      "repair_items": [
          {
              "items":[
                  "dm2:aether_helmet"
              ],
              "repair_amount": 3122
          }
      ]
  },
			"minecraft:wearable": {
				"slot": "slot.armor.head"
			},
		  "minecraft:durability": {
        "max_durability": 3122
      },
				"minecraft:creative_category": {
				"parent": "itemGroup.name.helmet"
			},
			"minecraft:icon": {
				"texture": "aether_helmet"
			},
			"minecraft:render_offsets": "helmets",
			"minecraft:display_name": {}
		}
	}
}