{
	"format_version": "1.16.100",
	"minecraft:item": {
		"description": {
			"identifier": "dm2:aether_leggings",
			"category": "equipment"
		},
		"components": {
			"minecraft:max_stack_size": 1,
			"minecraft:enchantable": {
				"value": 9,
				"slot": "armor_legs"
			},
			"minecraft:armor": {
				"protection": 8
			},

						 "minecraft:repairable": {
      "repair_items": [
          {
              "items":[
                  "dm2:aether_leggings"
              ],
              "repair_amount": 3122
          }
      ]
  },
			"minecraft:wearable": {
				"slot": "slot.armor.legs"
			},
	  "minecraft:durability": {
        "max_durability": 3122
      },
				"minecraft:creative_category": {
				"parent": "itemGroup.name.leggings"
			},
			"minecraft:icon": {
				"texture": "aether_leggings"
			},
			"minecraft:render_offsets": "leggings",
			"minecraft:display_name": {}
		}
	}
}