{
	"format_version": "1.16.100",
	"minecraft:item": {
		"description": {
			"identifier": "dm2:skyroot_log_item",
			"category": "nature"
		},
		"components": {
			"minecraft:max_stack_size": 64,
					"minecraft:creative_category": {
				"parent": "itemGroup.name.log"
			},
			"minecraft:icon": {
				"texture": "skyroot_log"
			},
			      "minecraft:block_placer": {
        "block": "dm2:skyroot_log",
        "use_block_description": true
      },
		        "minecraft:render_offsets": {
    "main_hand": {
      "first_person": {
        "position": [0.5,0.2,-1.5],
        "rotation": [90,0,0],
        "scale": [0.05,0.05,0.05]
      },
      "third_person": {
        "position": [-1,0,0],
        "rotation": [0,0,0],
        "scale": [0.05,0.05,0.05]
      }
    },
    "off_hand": {
      "first_person": {
        "position": [0,0,0],
        "rotation": [0,0,0],
        "scale": [0.05,0.05,0.05]
      },
      "third_person": {
        "position": [0,0,0],
        "rotation": [0,0,0],
        "scale": [0.05,0.05,0.05]
      }
    }
  },
			"minecraft:display_name": {}
		}
	}
}