{
	"format_version": "1.16.100",
	"minecraft:item": {
		"description": {
			"identifier": "dm2:skyroot_sapling_item",
			"category": "nature"
		},
		"components": {
			"minecraft:max_stack_size": 64,
					"minecraft:creative_category": {
				"parent": "itemGroup.name.sapling"
			},
			"minecraft:icon": {
				"texture": "skyroot_sapling"
			},
			      "minecraft:block_placer": {
        "block": "dm2:skyroot_sapling",
        "use_block_description": true
      },
			"minecraft:render_offsets": "apple",
			"minecraft:display_name": {}
		}
	}
}