{
	"format_version": "1.8.0",
	"animations": {
		"animation.dragoncrystal.crystal": {
			"loop": true,
			"animation_length": 2,
			"bones": {
				"bone": {
					"rotation": {
						"0.0": [0, 0, 0],
						"1.0": [-270, -180, -90],
						"2.0": [-90, 0, 90]
					}
				},
				"bone3": {
					"rotation": {
						"0.0": [0, 0, 0],
						"1.0": [180, 180, -180],
						"2.0": [0, 0, 0]
					},
					"position": {
						"0.0": [0, 0, 0],
						"1.0": [0, 5, 0],
						"2.0": [0, 0, 0]
					}
				},
				"bone4": {
					"rotation": {
						"0.0": [5, 0, 0],
						"1.0": [-180, 180, -360],
						"2.0": [5, 0, 0]
					}
				}
			}
		},
		"animation.dragoncrystal.spawn": {
			"animation_length": 4,
			"bones": {
				"bone3": {
					"rotation": {
						"0.0": [0, 0, 0],
						"1.0333": [0, 0, 0]
					},
					"position": {
						"0.0": [0, -70, 0],
						"1.0333": [0, 20, 0]
					},
					"scale": 2
				}
			}
		},
		"animation.dragoncrystal.attackd": {
			"animation_length": 3,
			"bones": {
				"bone3": {
					"position": {
						"0.0": [0, 150, 0],
						"1.0333": [0, 0, 0]
					},
					"scale": [2, 2, 1.9]
				}
			}
		}
	}
}