{
	"format_version": "1.8.0",
	"animations": {
		"animation.dragonball.move": {
			"loop": true,
			"animation_length": 1.2,
			"bones": {
				"unknown_bone": {
					"rotation": {
						"0.0": [0, 0, 0],
						"0.2": [0, 90, 0],
						"0.4": [0, 180, 0],
						"0.6": [0, 270, 0],
						"0.8": [0, 360, 0],
						"1.0": [0, 450, 0],
						"1.2": [0, 540, 0]
					}
				}
			}
		},
		"animation.dragonball.attackd": {
			"animation_length": 3,
			"bones": {
				"unknown_bone": {
					"rotation": {
						"0.0": [0, 0, 0],
						"1.0333": [0, 0, -295]
					},
					"position": {
						"0.0": [0, 150, 0],
						"1.0333": [0, 0, 0]
					},
					"scale": [2, 2, 2]
				}
			}
		}
	}
}