{
	"format_version": "1.8.0",
	"animations": {
		"animation.Witherdragon.idle": {
			"loop": true,
			"animation_length": 2.0833,
			"bones": {
				"Body": {
					"rotation": {
						"0.0": [0, 0, 0],
						"1.0333": [10, 0, 0],
						"2.0833": [0, 0, 0]
					}
				},
				"Body2": {
					"rotation": {
						"0.0": [0, 0, 0],
						"1.0333": [10, 0, 0],
						"2.0833": [0, 0, 0]
					}
				},
				"Tail3": {
					"rotation": {
						"0.0": [0, 0, 0],
						"1.0333": [10, 0, 0],
						"2.0833": [0, 0, 0]
					}
				},
				"Tail2": {
					"rotation": {
						"0.0": [0, 0, 0],
						"1.0333": [10, 0, 0],
						"2.0833": [0, 0, 0]
					}
				},
				"Tail": {
					"rotation": {
						"0.0": [0, 0, 0],
						"1.0333": [10, 0, 0],
						"2.0833": [0, 0, 0]
					}
				},
				"Wing": {
					"rotation": {
						"0.0": [0, 0, 0],
						"0.5167": [0, -30, 0],
						"1.0333": [0, 0, 0],
						"1.5667": [0, 30, 0],
						"2.0833": [0, 0, 0]
					}
				},
				"Wing2": {
					"rotation": {
						"0.0": [0, 0, 0],
						"0.5167": [0, -30, 0],
						"1.0333": [0, 0, 0],
						"1.5667": [0, 30, 0],
						"2.0833": [0, 0, 0]
					}
				},
				"Wing3": {
					"rotation": {
						"0.0": [0, 0, 0],
						"0.5167": [0, -30, 0],
						"1.0333": [0, 0, 0],
						"1.5667": [-10, 55, 0],
						"2.0833": [0, 0, 0]
					}
				},
				"Wing4": {
					"rotation": {
						"0.0": [0, 0, 0],
						"0.5167": [0, -30, 0],
						"1.0333": [0, 0, 0],
						"1.5667": [0, 30, 0],
						"2.0833": [0, 0, 0]
					}
				},
				"Wing5": {
					"rotation": {
						"0.0": [0, 0, 0],
						"0.5167": [0, -30, 0],
						"1.0333": [0, 0, 0],
						"1.5667": [0, 30, 0],
						"2.0833": [0, 0, 0]
					}
				},
				"Wing6": {
					"rotation": {
						"0.0": [0, 0, 0],
						"0.5167": [0, -30, 0],
						"1.0333": [0, 0, 0],
						"1.5667": [0, 30, 0],
						"2.0833": [0, 0, 0]
					}
				},
				"Wing7": {
					"rotation": {
						"0.0": [0, 0, 0],
						"0.5167": [0, 30, 0],
						"1.0333": [0, 0, 0],
						"1.5667": [0, -30, 0],
						"2.0833": [0, 0, 0]
					}
				},
				"Wing8": {
					"rotation": {
						"0.0": [0, 0, 0],
						"0.5167": [0, 30, 0],
						"1.0333": [0, 0, 0],
						"1.5667": [0, -30, 0],
						"2.0833": [0, 0, 0]
					}
				},
				"Wing9": {
					"rotation": {
						"0.0": [0, 0, 0],
						"0.5167": [0, 30, 0],
						"1.0333": [0, 0, 0],
						"1.5667": [0, -30, 0],
						"2.0833": [0, 0, 0]
					}
				},
				"Wing10": {
					"rotation": {
						"0.0": [0, 0, 0],
						"0.5167": [0, 30, 0],
						"1.0333": [0, 0, 0],
						"1.5667": [0, -30, 0],
						"2.0833": [0, 0, 0]
					}
				},
				"Wing11": {
					"rotation": {
						"0.0": [0, 0, 0],
						"0.5167": [0, 30, 0],
						"1.0333": [0, 0, 0],
						"1.5667": [0, -30, 0],
						"2.0833": [0, 0, 0]
					}
				},
				"Wing12": {
					"rotation": {
						"0.0": [0, 0, 0],
						"0.5167": [0, 30, 0],
						"1.0333": [0, 0, 0],
						"1.5667": [0, -50, 0],
						"2.0833": [0, 5, 0]
					}
				},
				"Hand": {
					"rotation": {
						"0.0": [0, 0, 0],
						"1.0333": [0, 0, 10],
						"2.0833": [0, 0, 0]
					}
				},
				"Hand2": {
					"rotation": {
						"0.0": [0, 0, 0],
						"1.0333": [0, 10, 0],
						"2.0833": [0, 0, 0]
					}
				},
				"Hand3": {
					"rotation": {
						"0.0": [0, 0, 0],
						"1.0333": [0, 0, -10],
						"2.0833": [0, 0, 0]
					}
				},
				"Hand4": {
					"rotation": {
						"0.0": [0, 0, 0],
						"1.0333": [0, -10, 0],
						"2.0833": [0, 0, 0]
					}
				}
			}
		},
		"animation.Witherdragon.roar": {
			"loop": true,
			"animation_length": 2.0833,
			"bones": {
				"Mouth": {
					"rotation": {
						"0.0": [0, 0, 0],
						"1.0333": [-15, 0, 0],
						"2.0833": [0, 0, 0]
					}
				},
				"Mouth2": {
					"rotation": {
						"0.0": [0, 0, 0],
						"1.0333": [15, 0, 0],
						"2.0833": [0, 0, 0]
					}
				},
				"Mouth3": {
					"rotation": {
						"0.0": [0, 0, 0],
						"1.0333": [-15, 0, 0],
						"2.0833": [0, 0, 0]
					}
				},
				"Mouth4": {
					"rotation": {
						"0.0": [0, 0, 0],
						"1.0333": [15, 0, 0],
						"2.0833": [0, 0, 0]
					}
				},
				"Mouth5": {
					"rotation": {
						"0.0": [0, 0, 0],
						"1.0333": [-15, 0, 0],
						"2.0833": [0, 0, 0]
					}
				},
				"Mouth6": {
					"rotation": {
						"0.0": [0, 0, 0],
						"1.0333": [15, 0, 0],
						"2.0833": [0, 0, 0]
					}
				}
			}
		},
		"animation.Witherdragon.attack": {
			"loop": true,
			"animation_length": 1.04,
			"bones": {
				"Body2": {
					"rotation": {
						"0.0": [0, 0, 0],
						"0.2833": [-50, 0, 0],
						"1.0333": [0, 0, 0]
					}
				},
				"Tail3": {
					"rotation": {
						"0.0": [0, 0, 0],
						"0.2833": [-50, 0, 0],
						"1.0333": [0, 0, 0]
					}
				},
				"Tail2": {
					"rotation": {
						"0.0": [0, 0, 0],
						"0.2833": [-50, 0, 0],
						"1.0333": [0, 0, 0]
					}
				},
				"Tail": {
					"rotation": {
						"0.0": [0, 0, 0],
						"0.2833": [-50, 0, 0],
						"1.0333": [0, 0, 0]
					}
				}
			}
		},
		"animation.Witherdragon.post": {
			"loop": true,
			"animation_length": 20.2,
			"bones": {
				"Body": {
					"rotation": {
						"20.0": [50, 0, 0],
						"20.2": [0, 0, 0],
						"7.0": [0, 0, 0],
						"7.2": [50, 0, 0]
					}
				}
			}
		},
		"animation.Witherdragon.idle2": {
			"loop": true,
			"animation_length": 2.08,
			"bones": {
				"Body2": {
					"rotation": {
						"0.0": [0, 0, 0],
						"0.5167": [0, -30, 0],
						"1.0333": [0, 0, 0],
						"1.5667": [0, 30, 0],
						"2.0833": [0, 0, 0]
					}
				},
				"Tail3": {
					"rotation": {
						"0.0": [0, 0, 0],
						"0.5167": [0, -30, 0],
						"1.0333": [0, 0, 0],
						"1.5667": [0, 30, 0],
						"2.0833": [0, 0, 0]
					}
				},
				"Tail2": {
					"rotation": {
						"0.0": [0, 0, 0],
						"0.5167": [0, 0, 35],
						"1.0333": [0, 0, 0],
						"1.5667": [0, 0, -30],
						"2.0833": [0, 0, 0]
					}
				},
				"Tail": {
					"rotation": {
						"0.0": [0, 0, 0],
						"0.5167": [0, 0, 30],
						"1.0333": [0, 0, 0],
						"1.5667": [0, 0, -30],
						"2.0833": [0, 0, 0]
					}
				}
			}
		}
	}
}