{
  "format_version": "1.12.0",
  "minecraft:block": {
    "description": {
      "identifier": "dm2:ender_egg_block",
      "is_experimental": false,
      "register_to_creative_menu": true
    },
    "components": {
      "minecraft:material_instances": {
        "*": {
          "render_method": "opaque",
          "texture": "dragon_egg"
        }
      },
       "minecraft:on_interact": {
      "event": "become_entity",
      "target": "self"
  },
      "minecraft:loot": "loot_tables/blocks/aether_e_block.json",
      "minecraft:breathability": "solid",
      "minecraft:destroy_time": 10000000,
      "minecraft:friction": 0.6,
      "minecraft:map_color": "#ed7923",
      "minecraft:explosion_resistance": 100000,
      "minecraft:block_light_absorption": 0.0,
      "minecraft:block_light_emission": 0.5,
      "minecraft:preventsjumping": false,
      "minecraft:unwalkable": false,
      "minecraft:immovable": false,
      "minecraft:onlypistonpush": false,
      "minecraft:breakonpush": false,
      "minecraft:flammable": {
        "flame_odds": 0.0,
        "burn_odds": 0.0
      },
      "minecraft:geometry": "geometry.dragon_egg",
      "minecraft:pick_collision": {
        "origin": [
          -8,
          0,
          -8
        ],
        "size": [
          16,
          16,
          16
        ]
      },
      "minecraft:entity_collision": {
        "origin": [
          -8,
          0,
          -8
        ],
        "size": [
          16,
          16,
          16
        ]
      }
    },
            "events": {
        "become_entity": {
    "run_command": {
        "command": ["summon dm2:ender_egg"]
    },
        "die": {
            "target": "self"
        }
        }
    }
  }
}