{
	"format_version": "1.8.0",
	"animations": {
		"animation.alce.walk": {
			"loop": true,
			"animation_length": 0.96,
			"bones": {
				"leg1": {
					"rotation": {
						"0.0": [0, 0, 0],
						"0.2333": [-45, 0, 0],
						"0.4833": [0, 0, 0],
						"0.7167": [45, 0, 0],
						"0.9667": [0, 0, 0]
					},
					"position": {
						"0.0": [0, 0, 0],
						"0.2333": [0, 8, -7],
						"0.4833": [0, 0, 0],
						"0.7167": [0, -6, 15],
						"0.9667": [0, 0, 0]
					}
				},
				"leg2": {
					"rotation": {
						"0.0": [0, 0, 0],
						"0.2333": [45, 0, 0],
						"0.4833": [0, 0, 0],
						"0.7167": [-45, 0, 0],
						"0.9667": [0, 0, 0]
					},
					"position": {
						"0.0": [0, 0, 0],
						"0.2333": [0, -6, 15],
						"0.4833": [0, 0, 0],
						"0.7167": [0, 8, -7],
						"0.9667": [0, 0, 0]
					}
				},
				"leg3": {
					"rotation": {
						"0.0": [0, 0, 0],
						"0.2333": [45, 0, 0],
						"0.4833": [0, 0, 0],
						"0.7167": [-45, 0, 0],
						"0.9667": [0, 0, 0]
					},
					"position": {
						"0.0": [0, 0, 0],
						"0.2333": [0, -5, 13],
						"0.4833": [0, 0, 0],
						"0.7167": [0, 7, -10],
						"0.9667": [0, 0, 0]
					}
				},
				"leg4": {
					"rotation": {
						"0.0": [0, 0, 0],
						"0.2333": [-45, 0, 0],
						"0.4833": [0, 0, 0],
						"0.7167": [45, 0, 0],
						"0.9667": [0, 0, 0]
					},
					"position": {
						"0.0": [0, 0, 0],
						"0.2333": [0, 7, -10],
						"0.4833": [0, 0, 0],
						"0.7167": [0, -5, 13],
						"0.9667": [0, 0, 0]
					}
				}
			}
		},
		"animation.alce.setup": {
			"loop": true,
			"bones": {
				"leg1": {
					"rotation": [0, 0, 0],
					"position": [0, 0, 0]
				},
				"leg2": {
					"rotation": [0, 0, 0],
					"position": [0, 0, 0]
				},
				"leg3": {
					"rotation": [0, 0, 0],
					"position": [0, 0, 0]
				},
				"leg4": {
					"rotation": [0, 0, 0],
					"position": [0, 0, 0]
				},
				"body": {
					"rotation": [0, 0, 0],
					"position": [0, 0, 0]
				},
				"head": {
					"rotation": [0, 0, 0],
					"position": [0, 0, 0]
				},
				"tail": {
					"rotation": [0, 0, 0],
					"position": [0, 0, 0]
				}
			}
		}
	}
}