{
	"format_version": "1.8.0",
	"animations": {
		"animation.alpaca.walk": {
			"loop": true,
			"animation_length": 0.9667,
			"bones": {
				"head": {
					"rotation": {
						"0.0": [0, 0, 0],
						"0.4833": [5, 0, 0],
						"0.9167": [0, 0, 0]
					},
					"position": [0, 0, 0]
				},
				"tail": {
					"rotation": {
						"0.0": [0, 0, 0],
						"0.2833": [0, 0, 15],
						"0.5667": [0, 0, 0],
						"0.7667": [0, 0, -10],
						"0.9667": [0, 0, 0]
					},
					"position": {
						"0.0": [0, 0, 0],
						"0.2833": [-3, 0, 0],
						"0.5667": [0, 0, 0],
						"0.7667": [2, 0, 0],
						"0.9667": [0, 0, 0]
					}
				},
				"leg0": {
					"rotation": {
						"0.0": [0, 0, 0],
						"0.2333": [50, 0, 0],
						"0.4833": [0, 0, 0],
						"0.7167": [-50, 0, 0],
						"0.9667": [0, 0, 0]
					},
					"position": {
						"0.0": [0, 0, 0],
						"0.2333": [0, 5, 3],
						"0.4833": [0, 0, 0],
						"0.7167": [0, -2, -7],
						"0.9667": [0, 0, 0]
					}
				},
				"leg1": {
					"rotation": {
						"0.0": [0, 0, 0],
						"0.2333": [-50, 0, 0],
						"0.4833": [0, 0, 0],
						"0.7167": [50, 0, 0],
						"0.9667": [0, 0, 0]
					},
					"position": {
						"0.0": [0, 0, 0],
						"0.2333": [0, -2, -7],
						"0.4833": [0, 0, 0],
						"0.7167": [0, 5, 3],
						"0.9667": [0, 0, 0]
					}
				},
				"leg2": {
					"rotation": {
						"0.0": [0, 0, 0],
						"0.2333": [50, 0, 0],
						"0.4833": [0, 0, 0],
						"0.7167": [-50, 0, 0],
						"0.9667": [0, 0, 0]
					},
					"position": {
						"0.0": [0, 0, 0],
						"0.2333": [0, 5, 4],
						"0.4833": [0, 0, 0],
						"0.7167": [0, -2, -7],
						"0.9667": [0, 0, 0]
					}
				},
				"leg3": {
					"rotation": {
						"0.0": [0, 0, 0],
						"0.2333": [-50, 0, 0],
						"0.4833": [0, 0, 0],
						"0.7167": [50, 0, 0],
						"0.9667": [0, 0, 0]
					},
					"position": {
						"0.0": [0, 0, 0],
						"0.2333": [0, -2, -6],
						"0.4833": [0, 0, 0],
						"0.7167": [0, 5, 4],
						"0.9667": [0, 0, 0]
					}
				}
			}
		},
		"animation.alpaca.setup": {
			"bones": {
				"body": {
					"rotation": [0, 0, 0],
					"position": [0, 0, 0]
				},
				"head": {
					"rotation": [0, 0, 0],
					"position": [0, 0, 0]
				},
				"tail": {
					"rotation": [0, 0, 0],
					"position": [0, 0, 0]
				},
				"leg0": {
					"rotation": [0, 0, 0],
					"position": [0, 0, 0]
				},
				"leg1": {
					"rotation": [0, 0, 0],
					"position": [0, 0, 0]
				},
				"leg2": {
					"rotation": [0, 0, 0],
					"position": [0, 0, 0]
				},
				"leg3": {
					"rotation": [0, 0, 0],
					"position": [0, 0, 0]
				}
			}
		}
	}
}