{
	"format_version": "1.8.0",
	"animations": {
		"animation.ant.base": {
			"loop": true,
			"bones": {
				"bodyb": {
					"rotation": [0, 0, 0],
					"position": [0, 0, 0]
				},
				"leg0": {
					"rotation": [0, 0, 0],
					"position": [0, 0, 0]
				},
				"leg1": {
					"rotation": [0, 0, 0],
					"position": [0, 0, 0]
				},
				"leg3": {
					"rotation": [0, 0, 0],
					"position": [0, 0, 0]
				},
				"leg2": {
					"rotation": [0, 0, 0],
					"position": [0, 0, 0]
				},
				"body": {
					"rotation": [0, 0, 0],
					"position": [0, 0, 0]
				},
				"head": {
					"rotation": [0, 0, 0],
					"position": [0, 0, 0]
				},
				"tail": {
					"rotation": [0, 0, 0],
					"position": [0, 0, 0]
				}
			}
		},
		"animation.ant.walk": {
			"loop": true,
			"animation_length": 0.92667,
			"bones": {
				"bodyb": {
					"rotation": {
						"0.0": [0, 0, 0],
						"0.2333": [-45, 0, 0],
						"0.45": [0, 0, 0],
						"0.6667": [40, 0, 0],
						"0.9": [0, 0, 0]
					},
					"position": {
						"0.0": [0, 0, 0],
						"0.2333": [0, 37, -3],
						"0.4333": [0, 37, -5],
						"0.6667": [0, 17, -4],
						"0.9": [0, 0, 0]
					}
				},
				"leg0": {
					"rotation": {
						"0.0": [0, 0, 0],
						"0.2333": [-55, 0, 0],
						"0.4833": [10, 0, 0],
						"0.6833": [55, 0, 0],
						"0.9167": [0, 0, 0]
					},
					"position": {
						"0.0": [0, 0, 0],
						"0.2333": [0, 3, -15],
						"0.4833": [0, 2, 2],
						"0.6833": [0, 9, 10],
						"0.9167": [0, 0, 0]
					}
				},
				"leg1": {
					"rotation": {
						"0.0": [0, 0, 0],
						"0.2333": [-80, 0, 0],
						"0.4833": [20, 0, 0],
						"0.6833": [45, 0, 0],
						"0.9167": [0, 0, 0]
					},
					"position": {
						"0.0": [0, 0, 0],
						"0.2333": [0, 8, -19],
						"0.4833": [0, 3, 5],
						"0.6833": [0, 8, 8],
						"0.9167": [0, 0, 0]
					}
				},
				"leg3": {
					"rotation": {
						"0.0": [0, 0, 0],
						"0.2333": [75, 0, 0],
						"0.4833": [-25, 0, 0],
						"0.9167": [0, 0, 0]
					},
					"position": {
						"0.0": [0, 0, 0],
						"0.1": [0, -5.67, 12],
						"0.2333": [0, -6, 27],
						"0.3333": [0, -6.32, 13.05],
						"0.35": [0, -5.71, 9.61],
						"0.4833": [0, 8, -4],
						"0.9167": [0, 0, 0]
					}
				},
				"leg2": {
					"rotation": {
						"0.0": [0, 0, 0],
						"0.2333": [60, 0, 0],
						"0.5": [-55, 0, 0],
						"0.9167": [0, 0, 0]
					},
					"position": {
						"0.0": [0, 0, 0],
						"0.1667": [0, -6.67, 14],
						"0.2333": [0, -7, 21],
						"0.3167": [0, -4.42, 6.79],
						"0.3833": [0, 2.99, 0.71],
						"0.5": [0, 17, -5],
						"0.9167": [0, 0, 0]
					}
				},
				"head": {
					"rotation": {
						"0.0": [0, 0, 0],
						"0.25": [40, 0, 0],
						"0.6": [10, 0, 0],
						"0.9333": [0, 0, 0]
					},
					"position": {
						"0.0": [0, 0, 0],
						"0.1333": [0, 0.63, 7.37],
						"0.25": [0, 5, 14],
						"0.6": [0, 0, 5],
						"0.9333": [0, 0, 0]
					}
				}
			}
		}
	}
}