{
	"format_version": "1.8.0",
	"animations": {
		"animation.anta.sit": {
			"loop": true,
			"animation_length": 2.75333,
			"bones": {
				"leg2": {
					"rotation": [0, 0, 0],
					"position": [0, 0, 0]
				},
				"leg1": {
					"rotation": [0, 0, 0],
					"position": [0, 0, 0]
				},
				"leg3": {
					"rotation": {
						"0.0": [0, 0, 0],
						"2.25": [0, 0, 0]
					},
					"position": {
						"0.0": [0, 0, 0],
						"2.25": [0, 0, 0],
						"2.3667": [0, 1, 0],
						"2.4667": [0, 0, 0]
					}
				},
				"leg0": {
					"rotation": {
						"0.0": [0, 0, 0],
						"2.4667": [0, 0, 0],
						"2.6": [5, 0, 0],
						"2.75": [0, 0, 0]
					},
					"position": {
						"0.0": [0, 0, 0],
						"2.4667": [0, 0, 0]
					}
				},
				"body": {
					"rotation": [0, 0, 0],
					"position": [0, 0, 0]
				},
				"head": {
					"rotation": {
						"0.0": [0, 0, 0],
						"0.2333": [0, 0, 0],
						"0.5167": [0, -45, 0],
						"0.6833": [0, -45, 0],
						"0.9167": [0, 0, 0],
						"1.0667": [0, 0, 0],
						"1.3833": [30, 0, 0],
						"1.5": [30, 0, 0],
						"1.6833": [28, 0, 0],
						"1.8333": [30, 0, 0],
						"2.0333": [0, 0, 0],
						"2.3333": [0, 0, 0],
						"2.4833": [0, 15, 0],
						"2.6167": [0, 0, 0]
					},
					"position": {
						"0.0": [0, 0, 0],
						"0.2333": [0, 0, 0],
						"0.5167": [-15, 2, -7],
						"0.6833": [-15, 2, -7],
						"0.9167": [0, 0, 0],
						"1.0667": [0, 0, 0],
						"1.3833": [0, 13, 5],
						"1.5": [0, 13, 5],
						"1.5833": [0, 12.91, 4.2],
						"1.6667": [0, 11.44, 4.4],
						"1.8167": [0, 12.07, 5.72],
						"1.8333": [0, 12.01, 5.22],
						"1.9667": [0, 4.65, 3.02],
						"2.0333": [0, 0, 0],
						"2.3333": [0, 0, 0],
						"2.4833": [5, 0, 1],
						"2.6167": [0, 0, 0]
					}
				},
				"tail": {
					"rotation": [0, 0, 0],
					"position": [0, 0, 0]
				}
			}
		},
		"animation.anta.walk": {
			"loop": true,
			"animation_length": 1.35333,
			"bones": {
				"leg2": {
					"rotation": {
						"0.0": [0, 0, 0],
						"0.3667": [30, 0, 0],
						"0.6833": [0, 0, 0],
						"1.0": [-30, 0, 0],
						"1.35": [0, 0, 0]
					},
					"position": {
						"0.0": [0, 0, 0],
						"0.3667": [0, -4, 5],
						"0.6833": [0, 0, 0],
						"1.0167": [0, 4, -3],
						"1.35": [0, 0, 0]
					}
				},
				"leg1": {
					"rotation": {
						"0.0": [0, 0, 0],
						"0.3667": [-30, 0, 0],
						"0.6833": [0, 0, 0],
						"1.0": [30, 0, 0],
						"1.35": [0, 0, 0]
					},
					"position": {
						"0.0": [0, 0, 0],
						"0.3667": [0, -5, -7],
						"0.6833": [0, 0, 0],
						"1.0167": [0, 5, 1],
						"1.0333": [0, 5, 1],
						"1.35": [0, 0, 0]
					}
				},
				"leg3": {
					"rotation": {
						"0.0": [0, 0, 0],
						"0.3667": [-30, 0, 0],
						"0.6833": [0, 0, 0],
						"1.0": [30, 0, 0],
						"1.35": [0, 0, 0]
					},
					"position": {
						"0.0": [0, 0, 0],
						"0.3667": [0, 4, -3],
						"0.6833": [0, 0, 0],
						"1.0167": [0, -4, 6],
						"1.35": [0, 0, 0]
					}
				},
				"leg0": {
					"rotation": {
						"0.0": [0, 0, 0],
						"0.3667": [30, 0, 0],
						"0.6833": [0, 0, 0],
						"1.0": [-30, 0, 0],
						"1.35": [0, 0, 0]
					},
					"position": {
						"0.0": [0, 0, 0],
						"0.3667": [0, 6, 1],
						"0.6833": [0, 0, 0],
						"1.0": [0, -5, -6],
						"1.35": [0, 0, 0]
					}
				},
				"body": {
					"rotation": [0, 0, 0],
					"position": [0, 0, 0]
				},
				"head": {
					"rotation": {
						"0.0": [0, 0, 0],
						"0.3333": [0, 0, 0]
					},
					"position": {
						"0.0": [0, 0, 0],
						"0.3333": [0, 0, 0],
						"0.5": [0, -0.5, 0],
						"0.65": [0, 0, 0]
					}
				},
				"tail": {
					"rotation": [0, 0, 0],
					"position": [0, 0, 0]
				}
			}
		},
		"animation.anta.base": {
			"loop": true,
			"bones": {
				"leg2": {
					"rotation": [0, 0, 0],
					"position": [0, 0, 0]
				},
				"leg1": {
					"rotation": [0, 0, 0],
					"position": [0, 0, 0]
				},
				"leg3": {
					"rotation": [0, 0, 0],
					"position": [0, 0, 0]
				},
				"leg0": {
					"rotation": [0, 0, 0],
					"position": [0, 0, 0]
				},
				"body": {
					"rotation": [0, 0, 0],
					"position": [0, 0, 0]
				},
				"head": {
					"rotation": [0, 0, 0],
					"position": [0, 0, 0]
				},
				"tail": {
					"rotation": [0, 0, 0],
					"position": [0, 0, 0]
				}
			}
		}
	}
}