{
	"format_version": "1.8.0",
	"animations": {
		"animation.anti.walk": {
			"loop": true,
			"animation_length": 1.35333,
			"bones": {
				"leg2": {
					"rotation": {
						"0.0": [0, 0, 0],
						"0.3333": [15, 0, 0],
						"1.0667": [0, 0, 0]
					},
					"position": {
						"0.0": [0, 0, 0],
						"0.3333": [0, 0, 3],
						"0.6167": [0, 1.81, 2],
						"0.65": [0, 2, 3],
						"0.6667": [0, 1.86, 1.71],
						"0.8167": [0, 0.08, 0.33],
						"0.9167": [0, -1, -1],
						"0.9333": [0, -0.83, -0.7],
						"1.0667": [0, 0, -3]
					}
				},
				"leg3": {
					"rotation": {
						"0.0": [0, 0, 0],
						"0.3333": [15, 0, 0],
						"1.0667": [0, 0, 0]
					},
					"position": {
						"0.0": [0, 0, 0],
						"0.3333": [0, 0, 3],
						"0.6167": [0, 1.81, 2],
						"0.65": [0, 2, 3],
						"0.6667": [0, 1.86, 1.71],
						"0.8167": [0, 0.03, 0.31],
						"0.9": [0, -1, -1],
						"0.9333": [0, -0.79, -0.83],
						"1.0667": [0, 0, -3]
					}
				},
				"leg0": {
					"rotation": {
						"0.0": [0, 0, 0],
						"0.3333": [-25, 0, 0],
						"0.9": [-10, 0, 0],
						"1.0667": [0, 0, 0]
					},
					"position": {
						"0.0": [0, 0, 0],
						"0.3333": [0, 1, -3],
						"0.65": [0, 0, -5],
						"0.9": [0, -1, -5],
						"1.0667": [0, 0, -4]
					}
				},
				"leg1": {
					"rotation": {
						"0.0": [0, 0, 0],
						"0.3333": [-25, 0, 0],
						"0.9": [-10, 0, 0],
						"1.0667": [0, 0, 0]
					},
					"position": {
						"0.0": [0, 0, 0],
						"0.3333": [0, 1, -3],
						"0.65": [0, -1, -5],
						"0.9": [0, -1, -5],
						"1.0667": [0, 0, -4]
					}
				},
				"body": {
					"rotation": {
						"0.0": [0, 0, 0],
						"0.3333": [-15, 0, 0],
						"0.65": [10, 0, 0],
						"0.9": [0, 0, 0]
					},
					"position": {
						"0.0": [0, 0, 0],
						"0.3333": [0, 0, 2],
						"0.65": [0, 2, 0],
						"0.9": [0, 1, -3]
					}
				},
				"head": {
					"rotation": {
						"0.0": [0, 0, 0],
						"0.3333": [10, 0, 0],
						"0.65": [25, 0, 0],
						"1.0667": [0, 0, 0]
					},
					"position": {
						"0.0": [0, 0, 0],
						"0.3333": [0, 2, 5],
						"0.65": [0, 1, 3],
						"0.9167": [0, 3, 0],
						"0.9333": [0, 2.48, -1.52],
						"1.0667": [0, 0, -3]
					}
				},
				"tail": {
					"rotation": [0, 0, 0],
					"position": {
						"0.0": [0, 0, 0],
						"0.3333": [0, -1, 3],
						"0.65": [0, 3, -1],
						"0.9167": [0, 1, -3]
					}
				}
			}
		},
		"animation.anti.setup": {
			"loop": true,
			"bones": {
				"leg2": {
					"rotation": [0, 0, 0],
					"position": [0, 0, 0]
				},
				"leg3": {
					"rotation": [0, 0, 0],
					"position": [0, 0, 0]
				},
				"leg0": {
					"rotation": [0, 0, 0],
					"position": [0, 0, 0]
				},
				"leg1": {
					"rotation": [0, 0, 0],
					"position": [0, 0, 0]
				},
				"body": {
					"rotation": [0, 0, 0],
					"position": [0, 0, 0]
				},
				"head": {
					"rotation": [0, 0, 0],
					"position": [0, 0, 0]
				},
				"tail": {
					"rotation": [0, 0, 0],
					"position": [0, 0, 0]
				}
			}
		}
	}
}