{
	"format_version": "1.8.0",
	"animations": {
		"animation.aquatitan.move": {
			"loop": true,
			"animation_length": 0.8,
			"bones": {
				"tail": {
					"rotation": {
						"0.0": [0, -35, 0],
						"0.4333": [0, 35, 0],
						"0.8": [0, -35, 0]
					}
				},
				"tail2": {
					"rotation": {
						"0.0": [0, -35, 0],
						"0.4333": [0, 35, 0],
						"0.8": [0, -35, 0]
					}
				},
				"tail3": {
					"rotation": {
						"0.0": [0, -35, 0],
						"0.4333": [0, 35, 0],
						"0.8": [0, -35, 0]
					}
				},
				"tail4": {
					"rotation": {
						"0.0": [0, -35, 0],
						"0.4333": [0, 35, 0],
						"0.8": [0, -35, 0]
					}
				},
				"tail5": {
					"rotation": {
						"0.0": [0, -35, 0],
						"0.4333": [0, 35, 0],
						"0.8": [0, -35, 0]
					}
				},
				"fin": {
					"rotation": {
						"0.0": [0, 0, -35],
						"0.4333": [0, 0, 35],
						"0.8": [0, 0, -35]
					}
				},
				"fin3": {
					"rotation": {
						"0.0": [0, 0, 35],
						"0.4333": [0, 0, -35],
						"0.8": [0, 0, 35]
					}
				},
				"fin2": {
					"rotation": {
						"0.0": [0, 0, 35],
						"0.4333": [0, 0, -35],
						"0.8": [0, 0, 35]
					}
				},
				"fin4": {
					"rotation": {
						"0.0": [0, 0, -35],
						"0.4333": [0, 0, 35],
						"0.8": [0, 0, -35]
					}
				}
			}
		}
	}
}