{
	"format_version": "1.8.0",
	"animations": {
		"animation.arraia.swim": {
			"loop": true,
			"animation_length": 0.95333,
			"bones": {
				"body": {
					"rotation": [0, 0, 0]
				},
				"body2": {
					"rotation": {
						"0.0": [0, 0, 0],
						"0.2333": [0, 0, -10],
						"0.4667": [0, 0, 0],
						"0.7167": [0, 0, 10],
						"0.95": [0, 0, 0]
					},
					"position": [0, 0, 0]
				},
				"body3": {
					"rotation": {
						"0.0": [0, 0, 0],
						"0.2333": [0, 0, 10],
						"0.4667": [0, 0, 0],
						"0.7167": [0, 0, -10],
						"0.95": [0, 0, 0]
					},
					"position": {
						"0.0": [0, 0, 0],
						"0.2333": [0, 0, 0]
					}
				},
				"body4": {
					"rotation": [0, 0, 0],
					"position": [0, 0, 0]
				},
				"body5": {
					"rotation": [0, 0, 0],
					"position": [0, 0, 0]
				}
			}
		}
	}
}