{
	"format_version": "1.8.0",
	"animations": {
		"animation.avestruz.base": {
			"loop": true,
			"bones": {
				"body": {
					"rotation": [0, 0, 0],
					"position": [0, 0, 0]
				},
				"tail": {
					"rotation": [0, 0, 0],
					"position": [0, 0, 0]
				},
				"wing0": {
					"rotation": [0, 0, 0],
					"position": [0, 0, 0]
				},
				"wing1": {
					"rotation": [0, 0, 0],
					"position": [0, 0, 0]
				},
				"head": {
					"rotation": [0, 0, 0],
					"position": [0, 0, 0]
				},
				"leg0": {
					"rotation": [0, 0, 0],
					"position": [0, 0, 0]
				},
				"leg1": {
					"rotation": [0, 0, 0],
					"position": [0, 0, 0]
				}
			}
		},
		"animation.avestruz.sit": {
			"loop": true,
			"bones": {
				"body1": {
					"rotation": [15, 0, 0],
					"position": [0, 3, 5]
				},
				"head": {
					"rotation": [165, 0, 0],
					"position": [0, 40, -15]
				}
			}
		},
		"animation.avestruz.walk": {
			"loop": true,
			"animation_length": 1.46997,
			"bones": {
				"leg0": {
					"rotation": {
						"0.0": [0, 0, 0],
						"0.2": [35, 0, 0],
						"0.4333": [5, 0, 0],
						"0.65": [0, 0, 0],
						"0.8833": [30, 0, 0],
						"1.15": [10, 0, 0],
						"1.4": [0, 0, 0]
					},
					"position": {
						"0.0": [0, 0, 0],
						"0.2": [0, 2, 8],
						"0.4333": [0, 1, 1],
						"0.65": [0, 1, 0],
						"0.8833": [0, 1, 6],
						"1.15": [0, 1, 2],
						"1.4": [0, 0, 0]
					}
				},
				"leg0a": {
					"rotation": {
						"0.0": [0, 0, 0],
						"0.2": [15, 0, 0],
						"0.65": [0, 0, 0],
						"0.8833": [-80, 0, 0],
						"1.15": [-35, 0, 0],
						"1.4": [0, 0, 0]
					},
					"position": {
						"0.0": [0, 0, 0],
						"0.2": [0, 0, 3],
						"0.65": [0, -1, 0],
						"0.8833": [0, 10, -12],
						"1.15": [0, 2, -6],
						"1.4": [0, 0, 0]
					}
				},
				"leg0b": {
					"rotation": {
						"0.0": [0, 0, 0],
						"0.2": [35, 0, 0],
						"0.65": [0, 0, 0],
						"0.8833": [30, 0, 0],
						"1.15": [0, 0, 0],
						"1.4": [0, 0, 0]
					},
					"position": {
						"0.0": [0, 0, 0],
						"0.2": [0, -0.5, 3],
						"0.65": [0, -1, 0],
						"0.8833": [0, 8, -12],
						"1.15": [0, 1, -6],
						"1.4": [0, 0, 0]
					}
				},
				"leg1": {
					"rotation": {
						"0.0": [0, 0, 0],
						"0.2": [35, 0, 0],
						"0.4333": [20, 0, 0],
						"0.65": [0, 0, 0],
						"0.8833": [35, 0, 0],
						"1.15": [10, 0, 0],
						"1.4": [0, 0, 0]
					},
					"position": {
						"0.0": [0, 0, 0],
						"0.2": [0, 2, 7],
						"0.4333": [0, 1, 4],
						"0.65": [0, 1, 0],
						"0.8833": [0, 2, 7],
						"1.15": [0, 1, 2],
						"1.4": [0, 1, 0]
					}
				},
				"leg1a": {
					"rotation": {
						"0.0": [0, 0, 0],
						"0.2167": [-80, 0, 0],
						"0.4333": [-45, 0, 0],
						"0.65": [0, 0, 0],
						"0.8833": [20, 0, 0],
						"1.15": [5, 0, 0],
						"1.4": [0, 0, 0]
					},
					"position": {
						"0.0": [0, 0, 0],
						"0.2167": [0, 10, -12],
						"0.4333": [0, 3, -8],
						"0.65": [0, -1, 0],
						"0.8833": [0, 0, 4],
						"1.15": [0, -1, 1],
						"1.4": [0, -1, 0]
					}
				},
				"leg1b": {
					"rotation": {
						"0.0": [0, 0, 0],
						"0.2167": [-30, 0, 0],
						"0.65": [0, 0, 0],
						"0.8833": [45, 0, 0],
						"1.4": [0, 0, 0]
					},
					"position": {
						"0.0": [0, 0, 0],
						"0.2167": [0, 9, -13],
						"0.4333": [0, 3, -8],
						"0.65": [0, -1, 0],
						"0.8833": [0, 0, 4],
						"1.15": [0, -1, 1],
						"1.4": [0, -1, 0]
					}
				},
				"tail1": {
					"rotation": {
						"0.0": [0, 0, 0],
						"0.3333": [25, 0, 0],
						"0.65": [0, 0, 0],
						"0.9667": [5, 0, 0],
						"1.45": [0, 0, 0]
					},
					"position": {
						"0.0": [0, 0, 0],
						"0.3333": [0, -3, 10],
						"0.65": [0, 0, 0]
					}
				},
				"head": {
					"rotation": {
						"0.0": [0, 0, 0],
						"0.3": [5, 0, 0],
						"0.5667": [0, 0, 0],
						"0.85": [5, 0, 0],
						"1.1167": [0, 0, 0],
						"1.4667": [0, 0, 0]
					},
					"position": [0, 0, 0]
				},
				"wing0": {
					"rotation": {
						"0.0": [0, 0, 0],
						"0.4833": [30, 0, 0],
						"0.9": [30, 20, 0],
						"1.4": [0, 0, 0]
					},
					"position": {
						"0.0": [0, 0, 0],
						"0.4833": [0, 5, 8],
						"0.9": [4, 5, 8],
						"1.4": [0, 0, 0]
					}
				},
				"wing1": {
					"rotation": {
						"0.0": [0, 0, 0],
						"0.4833": [30, 0, 0],
						"0.9": [30, -20, 0],
						"1.4": [0, 0, 0]
					},
					"position": {
						"0.0": [0, 0, 0],
						"0.4833": [0, 5, 8],
						"0.9": [-4, 5, 8],
						"1.4": [0, 0, 0]
					}
				}
			}
		}
	}
}