{
	"format_version": "1.8.0",
	"animations": {
		"animation.beluga.move": {
			"loop": true,
			"animation_length": 0.92,
			"bones": {
				"tail": {
					"rotation": {
						"0.0": [0, 0, 0],
						"0.2167": [15, 0, 0],
						"0.4333": [0, 0, 0],
						"0.6667": [-10, 0, 0],
						"0.9167": [0, 0, 0]
					},
					"position": {
						"0.0": [0, 0, 0],
						"0.2167": [0, -3, 1],
						"0.4333": [0, 0, 0],
						"0.6667": [0, 2, -3],
						"0.9167": [0, 0, 0]
					}
				},
				"tail2": {
					"rotation": {
						"0.0": [0, 0, 0],
						"0.2167": [20, 0, 0],
						"0.4333": [0, 0, 0],
						"0.6667": [-10, 0, 0],
						"0.9167": [0, 0, 0]
					},
					"position": {
						"0.0": [0, 0, 0],
						"0.2167": [0, -7, 3],
						"0.4333": [0, 0, 0],
						"0.6667": [0, 3, -2],
						"0.9167": [0, 0, 0]
					}
				},
				"tail3": {
					"rotation": {
						"0.0": [0, 0, 0],
						"0.2167": [20, 0, 0],
						"0.4333": [0, 0, 0],
						"0.6667": [-10, 0, 0],
						"0.9167": [0, 0, 0]
					},
					"position": {
						"0.0": [0, 0, 0],
						"0.2167": [0, -7, 4],
						"0.4333": [0, 0, 0],
						"0.6667": [0, 2, -1],
						"0.9167": [0, 0, 0]
					}
				},
				"tail4": {
					"rotation": {
						"0.0": [0, 0, 0],
						"0.2167": [20, 0, 0],
						"0.4333": [0, 0, 0],
						"0.6667": [-20, 0, 0],
						"0.9167": [0, 0, 0]
					},
					"position": {
						"0.0": [0, 0, 0],
						"0.2167": [0, -4, 0],
						"0.4333": [0, 0, 0],
						"0.6667": [0, 5, 0],
						"0.9167": [0, 0, 0]
					}
				},
				"tail5": {
					"rotation": {
						"0.0": [0, 0, 0],
						"0.2167": [20, 0, 0],
						"0.4333": [0, 0, 0],
						"0.6667": [-20, 0, 0],
						"0.9167": [0, 0, 0]
					},
					"position": {
						"0.0": [0, 0, 0],
						"0.2167": [0, -4, 0],
						"0.4333": [0, 0, 0],
						"0.6667": [0, 5, 0],
						"0.9167": [0, 0, 0]
					}
				},
				"fin": {
					"rotation": {
						"0.0": [0, 0, 0],
						"0.2667": [0, 0, 25],
						"0.5": [0, 0, 0],
						"0.7333": [0, 0, -20],
						"0.9167": [0, 0, 0]
					},
					"position": {
						"0.0": [0, 0, 0],
						"0.2667": [0, 4, 0],
						"0.5": [0, 0, 0],
						"0.7333": [0, -2, 0],
						"0.9167": [0, 0, 0]
					}
				},
				"fin2": {
					"rotation": {
						"0.0": [0, 0, 0],
						"0.2667": [0, 0, -25],
						"0.5": [0, 0, 0],
						"0.7333": [0, 0, 20],
						"0.9167": [0, 0, 0]
					},
					"position": {
						"0.0": [0, 0, 0],
						"0.2667": [0, 4, 0],
						"0.5": [0, 0, 0],
						"0.7333": [0, -2, 0],
						"0.9167": [0, 0, 0]
					}
				}
			}
		}
	}
}