{
	"format_version": "1.8.0",
	"animations": {
		"animation.bisao.walk": {
			"loop": true,
			"animation_length": 0.95333,
			"bones": {
				"leg0": {
					"rotation": {
						"0.0": [0, 0, 0],
						"0.2333": [50, 0, 0],
						"0.4667": [0, 0, 0],
						"0.7": [-50, 0, 0],
						"0.95": [0, 0, 0]
					},
					"position": {
						"0.0": [0, 0, 0],
						"0.2333": [0, 7, 3],
						"0.4667": [0, 0, 0],
						"0.7": [0, -4, -8],
						"0.95": [0, 0, 0]
					}
				},
				"leg1": {
					"rotation": {
						"0.0": [0, 0, 0],
						"0.2333": [-50, 0, 0],
						"0.4667": [0, 0, 0],
						"0.7": [50, 0, 0],
						"0.95": [0, 0, 0]
					},
					"position": {
						"0.0": [0, 0, 0],
						"0.2333": [0, -4, -7],
						"0.4667": [0, 0, 0],
						"0.7": [0, 7, 4],
						"0.95": [0, 0, 0]
					}
				},
				"leg2": {
					"rotation": {
						"0.0": [0, 0, 0],
						"0.2333": [50, 0, 0],
						"0.4667": [0, 0, 0],
						"0.7": [-50, 0, 0],
						"0.95": [0, 0, 0]
					},
					"position": {
						"0.0": [0, 0, 0],
						"0.2333": [0, -5, 11],
						"0.4667": [0, 0, 0],
						"0.7": [0, 8, -5],
						"0.95": [0, 0, 0]
					}
				},
				"leg3": {
					"rotation": {
						"0.0": [0, 0, 0],
						"0.2333": [-50, 0, 0],
						"0.4667": [0, 0, 0],
						"0.7": [50, 0, 0],
						"0.95": [0, 0, 0]
					},
					"position": {
						"0.0": [0, 0, 0],
						"0.2333": [0, 8, -5],
						"0.4667": [0, 0, 0],
						"0.7": [0, -6, 12],
						"0.95": [0, 0, 0]
					}
				}
			}
		}
	}
}