{
	"format_version": "1.8.0",
	"animations": {
		"animation.bongo.walk": {
			"loop": true,
			"animation_length": 1.0667,
			"bones": {
				"leg2": {
					"rotation": {
						"0.0": [0, 0, 0],
						"0.3333": [15, 0, 0],
						"0.5333": [25.91, 0, 0],
						"1.0667": [0, 0, 0]
					},
					"position": {
						"0.0": [0, 0, 0],
						"0.15": [0, -3, 5.38],
						"0.3333": [0, -7, 9],
						"0.35": [0, -6.87, 11],
						"0.5333": [0, -4.49, 8.15],
						"0.65": [0, 2, 3],
						"0.6667": [0, 1.77, 1.85],
						"0.8167": [0, 0.08, 0.33],
						"0.9167": [0, -1, -1],
						"0.9333": [0, -0.83, -0.7],
						"1.0667": [0, 0, -3]
					}
				},
				"leg3": {
					"rotation": {
						"0.0": [0, 0, 0],
						"0.3333": [15, 0, 0],
						"0.5333": [25.91, 0, 0],
						"1.0667": [0, 0, 0]
					},
					"position": {
						"0.0": [0, 0, 0],
						"0.15": [0, -3, 5.38],
						"0.3333": [0, -6, 9],
						"0.35": [0, -6.87, 11],
						"0.5333": [0, -4.49, 8.15],
						"0.65": [0, 2, 3],
						"0.6667": [0, 1.76, 1.84],
						"0.8167": [0, 0.03, 0.31],
						"0.9": [0, -1, -1],
						"0.9333": [0, -0.79, -0.83],
						"1.0667": [0, 0, -3]
					}
				},
				"leg0": {
					"rotation": {
						"0.0": [0, 0, 0],
						"0.3333": [-45, 0, 0],
						"0.9": [-10, 0, 0],
						"1.0667": [0, 0, 0]
					},
					"position": {
						"0.0": [0, 0, 0],
						"0.3333": [0, 1, -8],
						"0.5": [0, 0.49, -9.48],
						"0.65": [0, 0, -11],
						"0.9": [0, -1, -5],
						"1.0667": [0, 0, -4]
					}
				},
				"leg1": {
					"rotation": {
						"0.0": [0, 0, 0],
						"0.3333": [-45, 0, 0],
						"0.9": [-10, 0, 0],
						"1.0667": [0, 0, 0]
					},
					"position": {
						"0.0": [0, 0, 0],
						"0.3333": [0, 1, -8],
						"0.5": [0, -0.01, -9.48],
						"0.65": [0, -1, -11],
						"0.9": [0, -1, -5],
						"1.0667": [0, 0, -4]
					}
				},
				"body": {
					"rotation": {
						"0.0": [0, 0, 0],
						"0.3333": [-15, 0, 0],
						"0.65": [10, 0, 0],
						"0.9": [0, 0, 0]
					},
					"position": {
						"0.0": [0, 0, 0],
						"0.3333": [0, 0, 2],
						"0.65": [0, 2, 0],
						"0.9": [0, 1, -3]
					}
				},
				"head": {
					"rotation": {
						"0.0": [0, 0, 0],
						"0.3333": [10, 0, 0],
						"0.65": [25, 0, 0],
						"1.0667": [0, 0, 0]
					},
					"position": {
						"0.0": [0, 0, 0],
						"0.3333": [0, 2, 7],
						"0.65": [0, 1, 3],
						"0.9167": [0, 3, 0],
						"0.9333": [0, 2.48, -1.52],
						"1.0667": [0, 0, -3]
					}
				},
				"tail": {
					"rotation": [0, 0, 0],
					"position": {
						"0.0": [0, 0, 0],
						"0.1833": [0, -2.56, 3.68],
						"0.3333": [0, -6, 6],
						"0.3667": [0, -4.49, 6.49],
						"0.6": [0, 3.47, -1.47],
						"0.6333": [0, 3.19, -3.19],
						"0.65": [0, 4, -3],
						"0.7": [0, 4.63, -5.37],
						"0.9167": [0, 1, -3]
					}
				}
			}
		},
		"animation.bongo.setup": {
			"loop": true,
			"bones": {
				"leg2": {
					"rotation": [0, 0, 0],
					"position": [0, 0, 0]
				},
				"leg3": {
					"rotation": [0, 0, 0],
					"position": [0, 0, 0]
				},
				"leg0": {
					"rotation": [0, 0, 0],
					"position": [0, 0, 0]
				},
				"leg1": {
					"rotation": [0, 0, 0],
					"position": [0, 0, 0]
				},
				"body": {
					"rotation": [0, 0, 0],
					"position": [0, 0, 0]
				},
				"head": {
					"rotation": [0, 0, 0],
					"position": [0, 0, 0]
				},
				"tail": {
					"rotation": [0, 0, 0],
					"position": [0, 0, 0]
				}
			}
		},
		"animation.bongo.sit": {
			"loop": true,
			"bones": {
				"head": {
					"rotation": [65, 0, 0],
					"position": [0, 13, 14]
				},
				"head10": {
					"rotation": [0, 0, 0]
				}
			}
		}
	}
}