{
	"format_version": "1.8.0",
	"animations": {
		"animation.boto.swim": {
			"loop": true,
			"animation_length": 0.48,
			"bones": {
				"tail": {
					"rotation": {
						"0.0": [0, 0, 0],
						"0.25": [-15, 0, 0],
						"0.4833": [0, 0, 0]
					},
					"position": {
						"0.0": [0, 0, 0],
						"0.2333": [0, -3, -1.84],
						"0.25": [0, -2, -2],
						"0.4833": [0, 0, 0]
					}
				},
				"tail2": {
					"rotation": {
						"0.0": [0, 0, 0],
						"0.25": [-20, 0, 0],
						"0.4833": [0, 0, 0]
					},
					"position": {
						"0.0": [0, 0, 0],
						"0.2333": [0, 3, 0],
						"0.2667": [0, 2.59, 0],
						"0.4833": [0, 0, 0]
					}
				},
				"tail3": {
					"rotation": {
						"0.0": [0, 0, 0],
						"0.25": [-10, 0, 0],
						"0.4833": [0, 0, 0]
					},
					"position": {
						"0.0": [0, 0, 0],
						"0.2333": [0, 3, -0.92],
						"0.25": [0, 2, -1],
						"0.4833": [0, 0, 0]
					}
				},
				"tail4": {
					"rotation": {
						"0.0": [0, 0, 0],
						"0.4833": [0, 0, 0]
					},
					"position": {
						"0.0": [0, 0, 0],
						"0.2333": [0, 3, 0],
						"0.2667": [0, 1.59, 0],
						"0.4833": [0, 0, 0]
					}
				},
				"fin0": {
					"rotation": {
						"0.0": [0, 0, 0],
						"0.2667": [0, 0, -25],
						"0.4667": [0, 0, 0]
					},
					"position": {
						"0.0": [0, 0, 0],
						"0.2667": [-0.5, 1, 0],
						"0.4667": [0, 1, 0]
					}
				},
				"fin1": {
					"rotation": {
						"0.0": [0, 0, 0],
						"0.25": [0, 0, 25],
						"0.4667": [0, 0, 0]
					},
					"position": {
						"0.0": [0, 0, 0],
						"0.25": [-1, 1, 0],
						"0.4667": [0, 0, 0]
					}
				},
				"fin2": {
					"rotation": {
						"0.0": [0, 0, 0],
						"0.25": [-15, 0, 0],
						"0.4833": [0, 0, 0]
					},
					"position": {
						"0.0": [0, 0, 0],
						"0.25": [0, 0, -2],
						"0.4833": [0, 0, 0]
					}
				}
			}
		}
	}
}