{
	"format_version": "1.8.0",
	"animations": {
		"animation.camaleao.base": {
			"loop": true,
			"bones": {
				"body": {
					"rotation": [0, 0, 0],
					"position": [0, 0, 0]
				},
				"head": {
					"rotation": [0, 0, 0],
					"position": [0, 0, 0]
				},
				"tail": {
					"rotation": [0, 0, 0],
					"position": [0, 0, 0]
				},
				"leg0": {
					"rotation": [0, 0, 0],
					"position": [0, 0, 0]
				},
				"leg1": {
					"rotation": [0, 0, 0],
					"position": [0, 0, 0]
				}
			}
		},
		"animation.camaleao.walk": {
			"loop": true,
			"animation_length": 1.15333,
			"bones": {
				"head": {
					"rotation": {
						"0.0": [0, 0, 0],
						"0.2833": [0, 0, 0],
						"0.4667": [0, -20, 0],
						"0.6": [0, 0, 0]
					},
					"position": {
						"0.0": [0, 0, 0],
						"0.2833": [0, 0, 0],
						"0.4667": [-1, 0, 0],
						"0.6": [0, 0, 0]
					}
				},
				"tail": {
					"rotation": {
						"0.0": [0, 0, 0],
						"0.7333": [-5, 0, 0],
						"1.1333": [0, 0, 0]
					},
					"position": [0, 0, 0]
				},
				"leg0": {
					"rotation": [0, 0, 0],
					"position": {
						"0.0": [0, 0, 0],
						"0.3": [0, 0, 1],
						"0.5333": [0, 0, 0],
						"0.8833": [0, 0, -1],
						"1.15": [0, 0, 0]
					}
				},
				"leg1": {
					"rotation": [0, 0, 0],
					"position": {
						"0.0": [0, 0, 0],
						"0.3": [0, 0, -1],
						"0.5333": [0, 0, 0],
						"0.8833": [0, 0, 1],
						"1.15": [0, 0, 0]
					}
				}
			}
		}
	}
}