{
	"format_version": "1.8.0",
	"animations": {
		"animation.casuar.sleep": {
			"loop": true,
			"bones": {
				"body": {
					"position": [0, -10, 0]
				},
				"head": {
					"position": [0, -15, 1]
				}
			}
		},
		"animation.casuar.sit": {
			"loop": true,
			"bones": {
				"leg1": {
					"rotation": [15, 0, 0],
					"position": [0, 7, 0]
				}
			}
		},
		"animation.casuar.move" : {
			"anim_time_update" : "query.modified_distance_moved",
			"bones" : {
				"leg0" : {
					"rotation" : [ "math.cos(query.anim_time * 10.17) *  30.0", 0.0, 0.0 ]
				},
				"leg1" : {
					"rotation" : [ "math.cos(query.anim_time * 10.17) * -30.0", 0.0, 0.0 ]
				}
			},
			"loop" : true
		},
		"animation.casuar.crouch": {
			"loop": true,
			"bones": {
				"body": {
					"rotation": [10, 0, 0]
				},
				"body1": {
					"rotation": [35, 0, 0],
					"position": [0, 0, 9]
				},
				"body2": {
					"position": [0, 6, 0]
				},
				"head": {
					"position": [0, 4, -4]
				},
				"head1": {
					"position": [0, 1, 0]
				}
			}
		},
				"animation.casuar.wiggle": {
			"loop": true,
			"bones": {
				"body": {
					"rotation": [10, 0, 0]
				},
				"body1": {
					"rotation": [35, 0, 0],
					"position": [0, 0, 9]
				},
				"body2": {
					"position": [0, 6, 0]
				},
				"head": {
					"position": [0, 4, -4]
				},
				"head1": {
					"position": [0, 1, 0]
				}
			}
		},
		"animation.casuar.setup": {
			"loop": true,
			"bones": {
				"body": {
					"rotation": [0, 0, 0],
					"position": [0, 0, 0]
				},
				"head": {
					"rotation": [0, 0, 0],
					"position": [0, 0, 0]
				},
				"leg0": {
					"rotation": [0, 0, 0],
					"position": [0, 0, 0]
				},
				"leg1": {
					"rotation": [0, 0, 0],
					"position": [0, 0, 0]
				}
			}
		}
	}
}