{
	"format_version": "1.8.0",
	"animations": {
		"animation.coala.walk": {
			"loop": true,
			"animation_length": 1.26,
			"bones": {
				"leg0": {
					"rotation": {
						"0.0": [0, 0, 0],
						"0.3167": [35, 0, 0],
						"0.6167": [0, 0, 0],
						"0.9333": [-35, 0, 0],
						"1.2667": [0, 0, 0]
					},
					"position": {
						"0.0": [0, 0, 0],
						"0.3167": [0, 1, 2],
						"0.6167": [0, 0, 0],
						"0.9333": [0, 0, -2.8],
						"1.2667": [0, 0, 0]
					}
				},
				"leg1": {
					"rotation": {
						"0.0": [0, 0, 0],
						"0.3167": [-35, 0, 0],
						"0.6167": [0, 0, 0],
						"0.9333": [40, 0, 0],
						"1.2667": [0, 0, 0]
					},
					"position": {
						"0.0": [0, 0, 0],
						"0.3167": [0, 0, -3],
						"0.6167": [0, 0, 0],
						"0.9333": [0, 1.5, 2],
						"1.2667": [0, 0, 0]
					}
				},
				"leg3": {
					"rotation": {
						"0.0": [0, 0, 0],
						"0.3167": [-35, 0, 0],
						"0.6167": [0, 0, 0],
						"0.9333": [35, 0, 0],
						"1.2667": [0, 0, 0]
					},
					"position": {
						"0.0": [0, 0, 0],
						"0.3167": [0, 2, -2],
						"0.6167": [0, 0, 0],
						"0.9333": [0, -3, 3],
						"1.2667": [0, 0, 0]
					}
				},
				"leg2": {
					"rotation": {
						"0.0": [0, 0, 0],
						"0.3167": [35, 0, 0],
						"0.6167": [0, 0, 0],
						"0.9333": [-35, 0, 0],
						"1.2667": [0, 0, 0]
					},
					"position": {
						"0.0": [0, 0, 0],
						"0.3167": [0, -3, 3],
						"0.6167": [0, 0, 0],
						"0.9333": [0, 2, -2],
						"1.2667": [0, 0, 0]
					}
				}
			}
		}
	}
}