{
	"format_version": "1.8.0",
	"animations": {
		"animation.coala.base": {
			"bones": {
				"body": {
					"rotation": [0, 0, 0],
					"position": [0, 0, 0]
				},
				"leg0": {
					"rotation": [0, 0, 0],
					"position": [0, 0, 0]
				},
				"leg1": {
					"rotation": [0, 0, 0],
					"position": [0, 0, 0]
				},
				"leg3": {
					"rotation": [0, 0, 0],
					"position": [0, 0, 0]
				},
				"leg2": {
					"rotation": [0, 0, 0],
					"position": [0, 0, 0]
				},
				"tail": {
					"rotation": [0, 0, 0],
					"position": [0, 0, 0]
				},
				"head": {
					"rotation": [0, 0, 0],
					"position": [0, 0, 0]
				}
			}
		},
    "animation.coala.move": {
        "loop": true,
         "bones": {
           "leg0": { "rotation": [ "Math.cos(query.modified_distance_moved * 18.17) * 28.1 * query.modified_move_speed", 0.0, 0.0 ] },
           "leg3": { "rotation": [ "Math.cos(query.modified_distance_moved * 18.17 + 180.0) * 28.1 * query.modified_move_speed", 0.0, 0.0 ] },
           "leg1": { "rotation": [ "Math.cos(query.modified_distance_moved * 18.17 + 180.0) * 28.1 * query.modified_move_speed", 0.0, 0.0 ] },
           "leg2": { "rotation": [ "Math.cos(query.modified_distance_moved * 18.17) * 28.1 * query.modified_move_speed", 0.0, 0.0 ] }
            }
        },
		"animation.coala.sit": {
			"loop": true,
			"animation_length": 1.02,
			"bones": {
				"body": {
					"rotation": [-80, 0, 0],
					"position": [0, 6, -5]
				},
				"leg0": {
					"rotation": [-60, 0, 0],
					"position": [0, 5, -4]
				},
				"leg1": {
					"rotation": [-40, 340, 0],
					"position": [0, 4, -2]
				},
				"leg3": {
					"rotation": [-85, 15, 0],
					"position": [-2, 5, -4]
				},
				"leg2": {
					"rotation": [-80, -15, 0],
					"position": [2, 5, -4]
				},
				"tail": {
					"position": [0, -8, -2]
				},
				"head": {
					"position": [0, 4, 5]
				}
			}
		}
	}
}