{
	"format_version": "1.8.0",
	"animations": {
		"animation.crocog.setup": {
			"loop": true,
			"bones": {
				"leg1": {
					"rotation": [0, 0, 0],
					"position": [0, 0, 0]
				},
				"leg2": {
					"rotation": [0, 0, 0],
					"position": [0, 0, 0]
				},
				"leg3": {
					"rotation": [0, 0, 0],
					"position": [0, 0, 0]
				},
				"leg4": {
					"rotation": [0, 0, 0],
					"position": [0, 0, 0]
				},
				"body": {
					"rotation": [0, 0, 0],
					"position": [0, 0, 0]
				},
				"head": {
					"rotation": [0, 0, 0],
					"position": [0, 0, 0]
				},
				"tail": {
					"rotation": [0, 0, 0],
					"position": [0, 0, 0]
				}
			}
		},
		"animation.crocog.walk": {
			"loop": true,
			"animation_length": 1.06,
			"bones": {
				"leg1": {
					"rotation": [0, 0, 0],
					"position": {
						"0.0": [0, 0, 0],
						"0.2333": [0, 0, 2],
						"0.4833": [0, 0, 0],
						"0.7667": [0, 0, -2],
						"1.0333": [0, 0, 0]
					}
				},
				"leg2": {
					"rotation": [0, 0, 0],
					"position": {
						"0.0": [0, 0, 0],
						"0.2333": [0, 0, -2],
						"0.4833": [0, 0, 0],
						"0.7667": [0, 0, 2],
						"1.0333": [0, 0, 0]
					}
				},
				"leg3": {
					"rotation": [0, 0, 0],
					"position": {
						"0.0": [0, 0, 0],
						"0.2333": [0, 0, -2],
						"0.4833": [0, 0, 0],
						"0.7667": [0, 0, 2],
						"1.0333": [0, 0, 0]
					}
				},
				"leg4": {
					"rotation": [0, 0, 0],
					"position": {
						"0.0": [0, 0, 0],
						"0.2333": [0, 0, 2],
						"0.4833": [0, 0, 0],
						"0.7667": [0, 0, -2],
						"1.0333": [0, 0, 0]
					}
				},
				"body": {
					"rotation": [0, 0, 0],
					"position": [0, 0, 0]
				},
				"head": {
					"rotation": [0, 0, 0],
					"position": {
						"0.0": [0, 0, 0],
						"0.3": [-0.5, 0, 0],
						"0.6167": [0, 0, 0],
						"0.8167": [0.5, 0, 0],
						"1.0333": [0, 0, 0]
					}
				},
				"tail": {
					"rotation": {
						"0.0": [0, 0, 0],
						"0.2667": [0, 5, 0],
						"0.55": [0, 0, 0],
						"0.8333": [0, -5, 0],
						"1.0667": [0, 0, 0]
					},
					"position": [0, 0, 0]
				},
				"body3": {
					"rotation": {
						"0.0": [0, 0, 0],
						"0.2833": [0, 5, 0],
						"0.5667": [0, 0, 0],
						"0.8333": [0, -5, 0],
						"1.0667": [0, 0, 0]
					},
					"position": {
						"0.0": [0, 0, 0],
						"0.2833": [0, 0, 0]
					}
				}
			}
		},
		"animation.crocog.attack": {
			"loop": true,
			"bones": {
				"head": {
					"rotation": [-15, 0, 0],
					"position": [0, -2, -2]
				},
				"head2": {
					"rotation": [-10, 0, 0],
					"position": [0, -2, -1]
				},
				"head3": {
					"rotation": [20, 0, 0],
					"position": [0, 4, 1]
				}
			}
		},
		"animation.crocog.swim": {
			"loop": true,
			"animation_length": 1.02667,
			"bones": {
				"leg1": {
					"rotation": {
						"0.0": [0, 0, 20],
						"0.2333": [0, 0, 40],
						"0.4667": [0, 0, 20],
						"0.7333": [0, 0, 45],
						"1.0": [0, 0, 20]
					},
					"position": [-2, 0, 0]
				},
				"leg2": {
					"rotation": {
						"0.0": [0, 0, -20],
						"0.2333": [0, 0, -40],
						"0.4667": [0, 0, -20],
						"0.7333": [0, 0, -45],
						"1.0": [0, 0, -20]
					},
					"position": [2, 0, 0]
				},
				"leg3": {
					"rotation": {
						"0.0": [0, 0, 20],
						"0.2333": [0, 0, 30],
						"0.4667": [0, 0, 20],
						"0.7333": [0, 0, 30],
						"1.0": [0, 0, 20]
					},
					"position": [-2, -2, 0]
				},
				"leg4": {
					"rotation": {
						"0.0": [0, 0, -20],
						"0.2333": [0, 0, -30],
						"0.4667": [0, 0, -20],
						"0.7333": [0, 0, -30],
						"1.0": [0, 0, -20]
					},
					"position": [2, -2, 0]
				},
				"body": {
					"rotation": [0, 0, 0],
					"position": [0, 0, 0]
				},
				"head": {
					"rotation": [0, 0, 0],
					"position": [0, -1, 0]
				},
				"head3": {
					"rotation": {
						"0.0": [10, 0, 0],
						"0.4667": [5, 0, 0],
						"0.9667": [10, 0, 0]
					},
					"position": [0, 2, 1]
				},
				"tail": {
					"rotation": {
						"0.0": [0, 0, 0],
						"0.25": [0, 15, 0],
						"0.5": [5, 0, 0],
						"0.75": [0, -15, 0],
						"1.0167": [0, 0, 0]
					},
					"position": {
						"0.0": [0, 0, 0],
						"0.2667": [-1, 0, 0],
						"0.5": [0.42, -0.7, 0],
						"0.7667": [2, 0, 0],
						"1.0333": [0, 0, 0]
					}
				},
				"tail2": {
					"rotation": [10, 0, 0],
					"position": [0, -2, 1]
				},
				"tail3": {
					"rotation": [10, 0, 0],
					"position": [0, -2, 1]
				},
				"tail4": {
					"rotation": [10, 0, 0],
					"position": [0, -2, 1]
				},
				"tail5": {
					"rotation": [5, 0, 0],
					"position": [0, -1, 0]
				},
				"tail6": {
					"position": [0, 2, 0]
				}
			}
		},
		"animation.crocog.sit": {
			"loop": true,
			"bones": {
				"leg1": {
					"position": [0, -2, 0]
				},
				"leg1b": {
					"position": [0, 2, 0]
				},
				"leg2": {
					"position": [0, -2, 0]
				},
				"leg2b": {
					"position": [0, 2, 0]
				},
				"leg3": {
					"position": [0, -2, 0]
				},
				"leg3b": {
					"position": [0, 2, 0]
				},
				"leg4": {
					"position": [0, -2, 0]
				},
				"leg3b2": {
					"position": [0, 2, 0]
				},
				"body": {
					"position": [0, -2, 0]
				},
				"head": {
					"position": [0, -2, 0]
				},
				"head3": {
					"rotation": [5, 0, 0],
					"position": [0, 1, 0]
				},
				"tail": {
					"rotation": [10, 0, 0],
					"position": [0, -3, 0]
				},
				"tail4": {
					"rotation": [-5, 0, 0],
					"position": [0, 1, 0]
				},
				"tail5": {
					"rotation": [-5, 0, 0],
					"position": [0, 1, 0]
				},
				"tail6": {
					"rotation": [-5, 0, 0],
					"position": [0, 1, 0]
				}
			}
		}
	}
}