{
	"format_version": "1.8.0",
	"animations": {
		"animation.dik_dik.walk": {
			"loop": true,
			"animation_length": 0.96,
			"bones": {
				"leg1": {
					"rotation": {
						"0.0": [0, 0, 0],
						"0.2333": [45, 0, 0],
						"0.4833": [0, 0, 0],
						"0.7167": [-45, 0, 0],
						"0.9667": [0, 0, 0]
					},
					"position": {
						"0.0": [0, 0, 0],
						"0.2333": [0, -3, 11],
						"0.4833": [0, 0, 0],
						"0.7167": [0, 5, -6],
						"0.9667": [0, 0, 0]
					}
				},
				"leg2": {
					"rotation": {
						"0.0": [0, 0, 0],
						"0.2333": [-45, 0, 0],
						"0.4833": [0, 0, 0],
						"0.7167": [45, 0, 0],
						"0.9667": [0, 0, 0]
					},
					"position": {
						"0.0": [0, 0, 0],
						"0.2333": [0, 5, -6],
						"0.4833": [0, 0, 0],
						"0.7167": [0, -3, 11],
						"0.9667": [0, 0, 0]
					}
				},
				"leg3": {
					"rotation": {
						"0.0": [0, 0, 0],
						"0.2333": [-45, 0, 0],
						"0.4833": [0, 0, 0],
						"0.7167": [45, 0, 0],
						"0.9667": [0, 0, 0]
					},
					"position": {
						"0.0": [0, 0, 0],
						"0.2333": [0, -2, -12],
						"0.4833": [0, 0, 0],
						"0.7167": [0, 5, 4],
						"0.9667": [0, 0, 0]
					}
				},
				"leg4": {
					"rotation": {
						"0.0": [0, 0, 0],
						"0.2333": [45, 0, 0],
						"0.4833": [0, 0, 0],
						"0.7167": [-45, 0, 0],
						"0.9667": [0, 0, 0]
					},
					"position": {
						"0.0": [0, 0, 0],
						"0.2333": [0, 5, 4],
						"0.4833": [0, 0, 0],
						"0.7167": [0, -2, -12],
						"0.9667": [0, 0, 0]
					}
				}
			}
		}
	}
}