{
	"format_version": "1.8.0",
	"animations": {
  		"animation.esquilo.base": {
  		    "loop": true,
			"bones": {
				"leg2": {
					"rotation": [0, 0, 0],
					"position": [0, 0, 0]
				},
				"leg3": {
					"rotation": [0, 0, 0],
					"position": [0, 0, 0]
				},
				"leg0": {
					"position": [0, 0, 0]
				},
				"leg1": {
					"position": [0, 0, 0]
				},
				"body": {
					"rotation": [0, 0, 0],
					"position": [0, 0, 0]
				},
				"head": {
					"position": [0, 0, 0]
				},
				"tail": {
					"position": [0, 0, 0]
				}
			}
		},
		"animation.esquilo.walk": {
			"loop": true,
			"animation_length": 1.94667,
			"bones": {
				"body": {
					"rotation": [0, 0, 0],
					"position": [0, 0, 0]
				},
				"leg2": {
					"rotation": {
						"0.0": [0, 0, 0],
						"0.4167": [-25, 0, 0],
						"0.8333": [0, 0, 0],
						"1.2667": [25, 0, 0],
						"1.6667": [0, 0, 0]
					},
					"position": {
						"0.0": [0, 0, 0],
						"0.4167": [0, 2, 0],
						"0.8333": [0, 0, 1],
						"1.2667": [0, -2, 2],
						"1.6667": [0, 0, 0]
					}
				},
				"leg3": {
					"rotation": {
						"0.0": [0, 0, 0],
						"0.4167": [25, 0, 0],
						"0.8333": [0, 0, 0],
						"1.2667": [-25, 0, 0],
						"1.6667": [0, 0, 0]
					},
					"position": {
						"0.0": [0, 0, 0],
						"0.4167": [0, -2, 2],
						"0.8333": [0, 0, 1],
						"1.2667": [0, 2, -1],
						"1.6667": [0, 0, 0]
					}
				},
				"leg0": {
					"rotation": {
						"0.0": [0, 0, 0],
						"0.4167": [-25, 0, 0],
						"0.8333": [0, 0, 0],
						"1.2667": [25, 0, 0],
						"1.6667": [0, 0, 0]
					},
					"position": {
						"0.0": [0, 0, 0],
						"0.4167": [0, -2, -3],
						"0.8333": [0, 0, 0],
						"1.2667": [0, 2, 2],
						"1.6667": [0, 0, 0]
					}
				},
				"leg0a": {
					"position": [0, 0, 0]
				},
				"leg1": {
					"rotation": {
						"0.0": [0, 0, 0],
						"0.4167": [25, 0, 0],
						"0.8333": [0, 0, 0],
						"1.2667": [-25, 0, 0],
						"1.6667": [0, 0, 0]
					},
					"position": {
						"0.0": [0, 0, 0],
						"0.4167": [0, 2, 3],
						"0.8333": [0, 0, 0],
						"1.2667": [0, -2, -3],
						"1.6667": [0, 0, 0]
					}
				},
				"head": {
					"rotation": {
						"0.0": [0, 0, 0],
						"0.5167": [0, 0, 0],
						"0.8333": [0, -30, 0],
						"1.1": [0, 0, 0],
						"1.2667": [0, 0, 0],
						"1.5167": [15, 0, 0],
						"1.95": [0, 0, 0]
					},
					"position": {
						"0.0": [0, 0, 0],
						"0.5167": [0, 0, 0],
						"0.8333": [-3, 0, 0],
						"1.1": [0, 0, 0],
						"1.2667": [0, 0, 0],
						"1.5167": [0, 2, 2],
						"1.95": [0, 0, 0]
					}
				},
				"tail": {
					"rotation": {
						"0.0": [0, 0, 0],
						"0.3": [-15, 0, 0],
						"0.7": [5, 0, 0]
					},
					"position": {
						"0.0": [0, 0, 0],
						"0.3": [0, 3, 0],
						"0.7": [0, 0, 1]
					}
				}
			}
		},
		"animation.esquilo.sit": {
			"loop": true,
			"animation_length": 3.98667,
			"bones": {
				"body": {
					"rotation": [-40, 0, 0],
					"position": [0, 3, -2]
				},
				"leg2": {
					"position": [0, -2, -1]
				},
				"leg2a": {
					"position": [0, 2, 0]
				},
				"leg2b": {
					"position": [0, 2, 0]
				},
				"leg2c": {
					"position": [0, 2, 0]
				},
				"leg3": {
					"position": [0, -2, -1]
				},
				"leg3a": {
					"position": [0, 2, 0]
				},
				"leg3b": {
					"position": [0, 2, 0]
				},
				"leg3c": {
					"position": [0, 2, 0]
				},
				"leg0": {
					"rotation": [-100, 0, 0],
					"position": [0, 8, -7]
				},
				"leg0a": {
					"rotation": [60, 0, 0],
					"position": [0, 5, 3]
				},
				"leg0b": {
					"rotation": [170, 0, 0],
					"position": [0, 4, -3]
				},
				"leg0c": {
					"rotation": [170, 0, 0],
					"position": [0, 4, -3]
				},
				"leg1": {
					"rotation": [-90, 0, 0],
					"position": [0, 7, -6]
				},
				"leg1a": {
					"rotation": [80, 0, 0],
					"position": [0, 7, 3]
				},
				"leg1b": {
					"rotation": [190, 0, 0],
					"position": [0, 4, -2]
				},
				"leg1c": {
					"rotation": [-190, 0, 0],
					"position": [0, 6, -1.5]
				},
				"head": {
					"rotation": {
						"0.0": [10, 0, 0],
						"0.4333": [10, 0, 0],
						"0.7333": [10, -30, 0],
						"1.0833": [10, -30, 0],
						"1.5": [10, 0, 0],
						"2.0": [10, 0, 0],
						"2.4667": [50, 0, 0],
						"2.8333": [10, 0, 0],
						"3.2167": [10, 0, 0],
						"3.6": [10, 10, 0],
						"3.9833": [10, 0, 0]
					},
					"position": {
						"0.0": [0, 8, 8],
						"0.4333": [0, 8, 8],
						"0.7333": [-5, 8, 7],
						"1.0833": [-5, 8, 7],
						"1.5": [0, 8, 8],
						"2.0": [0, 8, 8],
						"2.4667": [0, 16, 12],
						"2.8333": [0, 8, 9],
						"3.2167": [0, 8, 9],
						"3.6": [1, 8, 8],
						"3.9833": [0, 8, 8]
					}
				},
				"tail": {
					"rotation": [-60, 0, 0],
					"position": [0, 8, -3]
				}
			}
		}
	}
}