{
	"format_version": "1.8.0",
	"animations": {
		"animation.gamba.base": {
			"loop": true,
			"bones": {
				"body": {
					"rotation": [0, 0, 0],
					"position": [0, 0, 0]
				},
				"head": {
					"rotation": [0, 0, 0],
					"position": [0, 0, 0]
				},
				"tail": {
					"rotation": [0, 0, 0],
					"position": [0, 0, 0]
				},
				"leg1": {
					"rotation": [0, 0, 0],
					"position": [0, 0, 0]
				},
				"leg2": {
					"rotation": [0, 0, 0],
					"position": [0, 0, 0]
				},
				"leg3": {
					"rotation": [0, 0, 0],
					"position": [0, 0, 0]
				},
				"leg4": {
					"rotation": [0, 0, 0],
					"position": [0, 0, 0]
				}
			}
		},
		"animation.gamba.walk": {
			"loop": true,
			"animation_length": 1.02667,
			"bones": {
				"head": {
					"rotation": {
						"0.0": [0, 0, 0],
						"0.5": [-10, 0, 0],
						"1.0": [0, 0, 0]
					},
					"position": {
						"0.0": [0, 0, 0],
						"0.5": [0, -1, -2],
						"1.0": [0, 0, 0]
					}
				},
				"tail": {
					"rotation": {
						"0.0": [0, 0, 0],
						"0.2667": [0, 5, 0],
						"0.5167": [0, 0, 0],
						"0.7667": [0, -5, 0],
						"1.0": [0, 0, 0]
					},
					"position": {
						"0.0": [0, 0, 0],
						"0.2667": [-1, 0, 0],
						"0.5167": [0, 0, 0],
						"0.7667": [1, 0, 0],
						"1.0": [0, 0, 0]
					}
				},
				"leg1": {
					"rotation": [0, 0, 0],
					"position": {
						"0.0": [0, 0, 0],
						"0.2667": [0, 0, 2],
						"0.5": [0, 0, 0],
						"0.7667": [0, 0, -2],
						"1.0333": [0, 0, 0]
					}
				},
				"leg2": {
					"rotation": [0, 0, 0],
					"position": {
						"0.0": [0, 0, 0],
						"0.2667": [0, 0, -2],
						"0.5": [0, 0, 0],
						"0.7667": [0, 0, 2],
						"1.0333": [0, 0, 0]
					}
				},
				"leg3": {
					"rotation": [0, 0, 0],
					"position": {
						"0.0": [0, 0, 0],
						"0.2667": [0, 0, -2],
						"0.5": [0, 0, 0],
						"0.7667": [0, 0, 2],
						"1.0333": [0, 0, 0]
					}
				},
				"leg4": {
					"rotation": [0, 0, 0],
					"position": {
						"0.0": [0, 0, 0],
						"0.2667": [0, 0, 2],
						"0.5": [0, 0, 0],
						"0.7667": [0, 0, -2],
						"1.0333": [0, 0, 0]
					}
				}
			}
		},
		"animation.gamba.sit": {
			"loop": true,
			"animation_length": 0.62,
			"bones": {
				"tail": {
					"rotation": [70, 0, 0],
					"position": [0, -3, 11]
				}
			}
		}
	}
}