{
	"format_version": "1.8.0",
	"animations": {
		"animation.girafa.walk": {
			"loop": true,
			"animation_length": 0.96,
			"bones": {
				"upperLeg0": {
					"rotation": {
						"0.0": [0, 0, 0],
						"0.2333": [-40, 0, 0],
						"0.4833": [0, 0, 0],
						"0.7167": [40, 0, 0],
						"0.9667": [0, 0, 0]
					},
					"position": [0, 0, 0]
				},
				"upperLeg1": {
					"rotation": {
						"0.0": [0, 0, 0],
						"0.2333": [40, 0, 0],
						"0.4833": [0, 0, 0],
						"0.7167": [-40, 0, 0],
						"0.9667": [0, 0, 0]
					},
					"position": {
						"0.0": [0, 0, 0],
						"0.4833": [0, 0, 0]
					}
				},
				"upperLeg2": {
					"rotation": {
						"0.0": [0, 0, 0],
						"0.2333": [-40, 0, 0],
						"0.4833": [0, 0, 0],
						"0.7167": [40, 0, 0],
						"0.9667": [0, 0, 0]
					},
					"position": [0, 0, 0]
				},
				"upperLeg3": {
					"rotation": {
						"0.0": [0, 0, 0],
						"0.2333": [40, 0, 0],
						"0.4833": [0, 0, 0],
						"0.7167": [-40, 0, 0],
						"0.9667": [0, 0, 0]
					},
					"position": [0, 0, 0]
				}
			}
		},
		"animation.girafa.setup": {
			"loop": true,
			"bones": {
				"body": {
					"rotation": [0, 0, 0],
					"position": [0, 0, 0]
				},
				"upperBody": {
					"rotation": [0, 0, 0],
					"position": [0, 0, 0]
				},
				"upperLeg0": {
					"rotation": [0, 0, 0],
					"position": [0, 0, 0]
				},
				"upperLeg1": {
					"rotation": [0, 0, 0],
					"position": [0, 0, 0]
				},
				"upperLeg2": {
					"rotation": [0, 0, 0],
					"position": [0, 0, 0]
				},
				"upperLeg3": {
					"rotation": [0, 0, 0],
					"position": [0, 0, 0]
				}
			}
		}
	}
}