{
	"format_version": "1.8.0",
	"animations": {
		"animation.hiena.base": {
			"loop": true,
			"bones": {
				"head0": {
					"rotation": [0, 0, 0],
					"position": [0, 0, 0]
				},
				"body0": {
					"rotation": [0, 0, 0],
					"position": [0, 0, 0]
				},
				"leg0": {
					"rotation": [0, 0, 0],
					"position": [0, 0, 0]
				},
				"leg1": {
					"rotation": [0, 0, 0],
					"position": [0, 0, 0]
				},
				"leg3": {
					"rotation": [0, 0, 0],
					"position": [0, 0, 0]
				},
				"leg2": {
					"rotation": [0, 0, 0],
					"position": [0, 0, 0]
				},
				"tail": {
					"rotation": [0, 0, 0],
					"position": [0, 0, 0]
				}
			}
		},
		"animation.hiena.walk": {
			"loop": true,
			"animation_length": 0.96,
			"bones": {
				"leg0": {
					"rotation": {
						"0.0": [0, 0, 0],
						"0.2333": [40, 0, 0],
						"0.4833": [0, 0, 0],
						"0.7167": [-40, 0, 0],
						"0.9667": [0, 0, 0]
					},
					"position": [0, 0, 0]
				},
				"leg1": {
					"rotation": {
						"0.0": [0, 0, 0],
						"0.2333": [-40, 0, 0],
						"0.4833": [0, 0, 0],
						"0.7167": [40, 0, 0],
						"0.9667": [0, 0, 0]
					},
					"position": [0, 0, 0]
				},
				"leg3": {
					"rotation": {
						"0.0": [0, 0, 0],
						"0.2333": [-40, 0, 0],
						"0.4833": [0, 0, 0],
						"0.7167": [40, 0, 0],
						"0.9667": [0, 0, 0]
					},
					"position": [0, 0, 0]
				},
				"leg2": {
					"rotation": {
						"0.0": [0, 0, 0],
						"0.2333": [40, 0, 0],
						"0.4833": [0, 0, 0],
						"0.7167": [-40, 0, 0],
						"0.9667": [0, 0, 0]
					},
					"position": [0, 0, 0]
				}
			}
		}
	}
}