{
	"format_version": "1.8.0",
	"animations": {
		"animation.hipo.setup": {
			"loop": true,
			"bones": {
				"leg3": {
					"rotation": [0, 0, 0],
					"position": [0, 0, 0]
				},
				"leg1": {
					"rotation": [0, 0, 0],
					"position": [0, 0, 0]
				},
				"leg2": {
					"rotation": [0, 0, 0],
					"position": [0, 0, 0]
				},
				"leg0": {
					"rotation": [0, 0, 0],
					"position": [0, 0, 0]
				},
				"body": {
					"rotation": [0, 0, 0],
					"position": [0, 0, 0]
				},
				"head": {
					"rotation": [0, 0, 0],
					"position": [0, 0, 0]
				}
			}
		},
		"animation.hipo.attack": {
			"loop": true,
			"bones": {
				"head4": {
					"rotation": [-15, 0, 0],
					"position": [0, -4, -3]
				},
				"head5": {
					"rotation": [-15, 0, 0],
					"position": [0, -4, -3]
				},
				"head6": {
					"rotation": [15, 0, 0],
					"position": [0, 5, 2]
				},
				"head9": {
					"rotation": [-15, 0, 0],
					"position": [0, -4, -3]
				},
				"head10": {
					"rotation": [-15, 0, 0],
					"position": [0, -4, -3]
				},
				"head11": {
					"rotation": [-15, 0, 0],
					"position": [0, -4, -3]
				},
				"head12": {
					"rotation": [-15, 0, 0],
					"position": [0, -4, -3]
				},
				"head13": {
					"rotation": [-15, 0, 0],
					"position": [0, -4, -3]
				},
				"head14": {
					"rotation": [-15, 0, 0],
					"position": [0, -4, -3]
				}
			}
		},
		"animation.hipo.swim": {
			"loop": true,
			"animation_length": 0.96,
			"bones": {
				"leg3": {
					"rotation": [40, 0, 0],
					"position": [-2, -2, 10]
				},
				"leg3a": {
					"position": [0, 0, 0]
				},
				"leg1": {
					"rotation": [-40, 0, 15],
					"position": [-2, 12, 2]
				},
				"leg2": {
					"rotation": [40, 0, 0],
					"position": [2, -2, 10]
				},
				"leg2a": {
					"position": [0, 0, 0]
				},
				"leg0": {
					"rotation": [-40, 0, -20],
					"position": [3, 11, 2]
				},
				"leg0a": {
					"position": [0, 0, 0]
				},
				"body": {
					"rotation": [-40, 0, 0],
					"position": [0, 6, 0]
				},
				"head": {
					"rotation": [-15, 0, 0],
					"position": [0, 8, 5]
				}
			}
		},
		"animation.hipo.walk": {
			"loop": true,
			"animation_length": 1.04,
			"bones": {
				"leg3": {
					"rotation": {
						"0.0": [0, 0, 0],
						"0.2667": [35, 0, 0],
						"0.5": [0, 0, 0],
						"0.7667": [-35, 0, 0],
						"1.0333": [0, 0, 0]
					},
					"position": {
						"0.0": [0, 0, 0],
						"0.2667": [0, -3, 6],
						"0.5": [0, 0, 0],
						"0.7667": [0, 3, -2],
						"1.0333": [0, 0, 0]
					}
				},
				"leg3a": {
					"rotation": [0, 0, 0]
				},
				"leg1": {
					"rotation": {
						"0.0": [0, 0, 0],
						"0.2667": [-35, 0, 0],
						"0.5": [0, 0, 0],
						"0.7667": [35, 0, 0],
						"1.0333": [0, 0, 0]
					},
					"position": {
						"0.0": [0, 0, 0],
						"0.2667": [0, 3, 0],
						"0.5": [0, 0, 0],
						"0.7667": [0, -3, 7],
						"1.0333": [0, 0, 0]
					}
				},
				"leg1a": {
					"rotation": [0, 0, 0]
				},
				"leg2": {
					"rotation": {
						"0.0": [0, 0, 0],
						"0.2667": [-35, 0, 0],
						"0.5": [0, 0, 0],
						"0.7667": [35, 0, 0],
						"0.95": [0, 0, 0]
					},
					"position": {
						"0.0": [0, 0, 0],
						"0.2667": [0, 3, -2],
						"0.5": [0, 0, 0],
						"0.7667": [0, -3, 6],
						"1.0333": [0, 0, 0]
					}
				},
				"leg2a": {
					"rotation": [0, 0, 0]
				},
				"leg0": {
					"rotation": {
						"0.0": [0, 0, 0],
						"0.2667": [35, 0, 0],
						"0.5": [0, 0, 0],
						"0.7667": [-35, 0, 0],
						"1.0333": [0, 0, 0]
					},
					"position": {
						"0.0": [0, 0, 0],
						"0.2667": [0, -3, 6],
						"0.5": [0, 0, 0],
						"0.7667": [0, 3, 0],
						"1.0333": [0, 0, 0]
					}
				},
				"leg0a": {
					"position": [0, 0, 0]
				},
				"body7": {
					"rotation": {
						"0.0": [0, 0, 0],
						"0.5": [-10, 0, 0],
						"1.0": [0, 0, 0]
					},
					"position": {
						"0.0": [0, 0, 0],
						"0.5": [0, 1, -2],
						"1.0": [0, 0, 0]
					}
				},
				"head7": {
					"rotation": {
						"0.0": [0, 0, 0],
						"0.3667": [0, 0, 0],
						"0.4333": [0, 0, 5],
						"0.4667": [0, 0, 0]
					},
					"position": {
						"0.0": [0, 0, 0],
						"0.3667": [0, 0, 0],
						"0.4333": [-0.5, 0, 0],
						"0.4667": [0, 0, 0]
					}
				}
			}
		}
	}
}