{
	"format_version": "1.8.0",
	"animations": {
		"animation.kiwi.base": {
			"loop": true,
			"bones": {
				"body": {
					"rotation": [0, 0, 0],
					"position": [0, 0, 0]
				},
				"head": {
					"rotation": [0, 0, 0],
					"position": [0, 0, 0]
				},
				"leg0": {
					"rotation": [0, 0, 0],
					"position": [0, 0, 0]
				},
				"leg1": {
					"rotation": [0, 0, 0],
					"position": [0, 0, 0]
				}
			}
		},
		"animation.kiwi.walk": {
			"loop": true,
			"animation_length": 0.98,
			"bones": {
				"leg0": {
					"rotation": {
						"0.0": [0, 0, 0],
						"0.2333": [-60, 0, 0],
						"0.4667": [0, 0, 0],
						"0.7167": [60, 0, 0],
						"0.9833": [0, 0, 0]
					},
					"position": {
						"0.0": [0, 0, 0],
						"0.2333": [0, 1, -2],
						"0.4667": [0, 0, 0],
						"0.7167": [0, 0, 2],
						"0.9833": [0, 0, 0]
					}
				},
				"leg1": {
					"rotation": {
						"0.0": [0, 0, 0],
						"0.2333": [60, 0, 0],
						"0.4667": [0, 0, 0],
						"0.7167": [-60, 0, 0],
						"0.9833": [0, 0, 0]
					},
					"position": {
						"0.0": [0, 0, 0],
						"0.2333": [0, 0, 2],
						"0.4667": [0, 0, 0],
						"0.7167": [0, 1, -2],
						"0.9833": [0, 0, 0]
					}
				}
			}
		},
		"animation.kiwi.sit": {
			"loop": true,
			"animation_length": 0.49333,
			"bones": {
				"head": {
					"rotation": [45, 0, 0],
					"position": {
						"0.0": [0, 4, 3],
						"0.25": [0, 3, 3],
						"0.5": [0, 4, 3]
					}
				}
			}
		}
	}
}