{
	"format_version": "1.8.0",
	"animations": {
		"animation.komodo.base": {
			"loop": true,
			"bones": {
				"leg1": {
					"rotation": [0, 0, 0],
					"position": [0, 0, 0]
				},
				"leg2": {
					"rotation": [0, 0, 0],
					"position": [0, 0, 0]
				},
				"leg3": {
					"rotation": [0, 0, 0],
					"position": [0, 0, 0]
				},
				"leg4": {
					"rotation": [0, 0, 0],
					"position": [0, 0, 0]
				},
				"body": {
					"rotation": [0, 0, 0],
					"position": [0, 0, 0]
				},
				"head": {
					"rotation": [0, 0, 0],
					"position": [0, 0, 0]
				},
				"tail": {
					"rotation": [0, 0, 0],
					"position": [0, 0, 0]
				}
			}
		},
		"animation.komodo.walk": {
			"loop": true,
			"animation_length": 0.9333,
			"bones": {
				"leg1": {
					"rotation": [0, 0, 0],
					"position": {
						"0.0167": [0, 0, 0],
						"0.25": [0, 0, -4],
						"0.45": [0, 0, 0],
						"0.7": [0, 0, 4],
						"0.9333": [0, 0, 0]
					}
				},
				"leg2": {
					"rotation": [0, 0, 0],
					"position": {
						"0.0167": [0, 0, 0],
						"0.25": [0, 0, 4],
						"0.45": [0, 0, 0],
						"0.7": [0, 0, -4],
						"0.9333": [0, 0, 0]
					}
				},
				"leg3": {
					"rotation": [0, 0, 0],
					"position": {
						"0.0167": [0, 0, 0],
						"0.25": [0, 0, 4],
						"0.45": [0, 0, 0],
						"0.7": [0, 0, -4],
						"0.9333": [0, 0, 0]
					}
				},
				"leg4": {
					"rotation": {
						"0.0167": [0, 0, 0],
						"0.25": [0, 0, 0]
					},
					"position": {
						"0.0167": [0, 0, 0],
						"0.25": [0, 0, -4],
						"0.45": [0, 0, 0],
						"0.7": [0, 0, 4],
						"0.9333": [0, 0, 0]
					}
				},
				"tail": {
					"rotation": {
						"0.0": [0, 0, 0],
						"0.25": [0, 10, 0],
						"0.45": [0, 0, 0],
						"0.7": [0, -10, 0],
						"0.9333": [0, 0, 0]
					},
					"position": {
						"0.0": [0, 0, 0],
						"0.25": [-1, 0, 0],
						"0.45": [0, 0, 0],
						"0.7": [1, 0, 0],
						"0.9333": [0, 0, 0]
					}
				}
			}
		}
	}
}