{
	"format_version": "1.8.0",
	"animations": {
		"animation.lontra.base": {
			"loop": true,
			"bones": {
				"leg1": {
					"rotation": [0, 0, 0],
					"position": [0, 0, 0]
				},
				"leg2": {
					"rotation": [0, 0, 0],
					"position": [0, 0, 0]
				},
				"leg3": {
					"rotation": [0, 0, 0],
					"position": [0, 0, 0]
				},
				"leg4": {
					"rotation": [0, 0, 0],
					"position": [0, 0, 0]
				},
				"body": {
					"rotation": [0, 0, 0],
					"position": [0, 0, 0]
				},
				"head": {
					"rotation": [0, 0, 0],
					"position": [0, 0, 0]
				},
				"tail": {
					"rotation": [0, 0, 0],
					"position": [0, 0, 0]
				}
			}
		},
		"animation.lontra.swim": {
			"loop": true,
			"animation_length": 0.51333,
			"bones": {
				"leg1": {
					"rotation": {
						"0.0": [0, 0, 0],
						"0.25": [60, 0, 0],
						"0.5": [0, 0, 0]
					},
					"position": {
						"0.0": [0, -3, 0],
						"0.25": [0, -4, 10],
						"0.5": [0, 0, 0]
					}
				},
				"leg2": {
					"rotation": {
						"0.0": [0, 0, 0],
						"0.2667": [60, 0, 0],
						"0.5": [0, 0, 0]
					},
					"position": {
						"0.0": [0, -3, 0],
						"0.2667": [0, -4, 10],
						"0.5": [0, 0, 0]
					}
				},
				"leg3": {
					"rotation": {
						"0.0": [0, 0, 0],
						"0.25": [50, 0, 0],
						"0.5": [0, 0, 0]
					},
					"position": {
						"0.0": [0, -2, 0],
						"0.25": [0, -4, 7],
						"0.5": [0, 0, 0]
					}
				},
				"leg3a": {
					"position": [0, 0, 0]
				},
				"leg3b": {
					"position": [0, 0, 0]
				},
				"leg4": {
					"rotation": {
						"0.0": [0, 0, 0],
						"0.25": [50, 0, 0],
						"0.5": [0, 0, 0]
					},
					"position": {
						"0.0": [0, -2, 0],
						"0.25": [0, -4, 7],
						"0.5": [0, 0, 0]
					}
				},
				"head": {
					"rotation": {
						"0.0": [0, 0, 0],
						"0.25": [5, 0, 0],
						"0.5": [0, 0, 0]
					},
					"position": {
						"0.0": [0, 0, 0],
						"0.2667": [0, 1, 0],
						"0.5167": [0, 0, 0]
					}
				},
				"tail": {
					"rotation": {
						"0.0": [0, 0, 0],
						"0.15": [0, 20, 0],
						"0.2667": [0, 0, 0],
						"0.3667": [0, -20, 0],
						"0.5": [0, 0, 0]
					},
					"position": {
						"0.0": [0, 0, 0],
						"0.15": [-5, 0, 1],
						"0.2667": [0, 0, 0],
						"0.3667": [5, 0, 1],
						"0.5": [0, 0, 0]
					}
				}
			}
		},
		"animation.lontra.walk": {
			"loop": true,
			"animation_length": 0.95,
			"bones": {
				"leg1": {
					"rotation": {
						"0.0": [0, 0, 0],
						"0.2333": [-30, 0, 0],
						"0.4667": [0, 0, 0],
						"0.7167": [30, 0, 0],
						"0.95": [0, 0, 0]
					},
					"position": {
						"0.0": [0, 0, 0],
						"0.2333": [0, 3, -2],
						"0.4667": [0, 0, 0],
						"0.7167": [0, -1, 5],
						"0.95": [0, 0, 0]
					}
				},
				"leg2": {
					"rotation": {
						"0.0": [0, 0, 0],
						"0.2333": [30, 0, 0],
						"0.4667": [0, 0, 0],
						"0.7167": [-30, 0, 0],
						"0.95": [0, 0, 0]
					},
					"position": {
						"0.0": [0, 0, 0],
						"0.2333": [0, -1, 5],
						"0.4667": [0, 0, 0],
						"0.7167": [0, 3, -2],
						"0.95": [0, 0, 0]
					}
				},
				"leg3": {
					"rotation": {
						"0.0": [0, 0, 0],
						"0.2333": [-30, 0, 0],
						"0.4667": [0, 0, 0],
						"0.7": [30, 0, 0],
						"0.95": [0, 0, 0]
					},
					"position": {
						"0.0": [0, 0, 0],
						"0.2333": [0, 3, -2],
						"0.4667": [0, 0, 0],
						"0.7": [0, -1, 5],
						"0.95": [0, 0, 0]
					}
				},
				"leg4": {
					"rotation": {
						"0.0": [0, 0, 0],
						"0.2333": [30, 0, 0],
						"0.4667": [0, 0, 0],
						"0.7": [-30, 0, 0],
						"0.95": [0, 0, 0]
					},
					"position": {
						"0.0": [0, 0, 0],
						"0.2333": [0, -1, 5],
						"0.4667": [0, 0, 0],
						"0.7": [0, 3, -2],
						"0.95": [0, 0, 0]
					}
				},
				"leg4b": {
					"position": [0, 0, 0]
				},
				"head": {
					"rotation": {
						"0.0": [0, 0, 0],
						"0.4667": [0, -15, 0],
						"0.9333": [0, 0, 0]
					},
					"position": {
						"0.0": [0, 0, 0],
						"0.4667": [-2, 0, 0],
						"0.9333": [0, 0, 0]
					}
				},
				"tail": {
					"rotation": {
						"0.0": [0, 0, 0],
						"0.4833": [0, -5, 0],
						"0.9333": [0, 0, 0]
					},
					"position": {
						"0.0": [0, 0, 0],
						"0.4833": [1, 0, 0],
						"0.9333": [0, 0, 0]
					}
				}
			}
		}
	}
}