{
	"format_version": "1.8.0",
	"animations": {
		"animation.morsa.base": {
			"loop": true,
			"bones": {
				"body": {
					"rotation": [0, 0, 0],
					"position": [0, 0, 0]
				},
				"body8": {
					"rotation": [0, 0, 0]
				},
				"leg1": {
					"rotation": [0, 0, 0],
					"position": [0, 0, 0]
				},
				"leg2": {
					"rotation": [0, 0, 0],
					"position": [0, 0, 0]
				},
				"head": {
					"rotation": [0, 0, 0],
					"position": [0, 0, 0]
				}
			}
		},
		"animation.morsa.walk": {
			"loop": true,
			"animation_length": 0.52,
			"bones": {
				"leg1": {
					"rotation": {
						"0.0": [0, 0, 0],
						"0.2667": [0, 40, 0],
						"0.5167": [0, 0, 0]
					},
					"position": {
						"0.0": [0, 0, 0],
						"0.2667": [7, 0, 2],
						"0.5167": [0, 0, 0]
					}
				},
				"leg2": {
					"rotation": {
						"0.0": [0, 0, 0],
						"0.2667": [0, -40, 0],
						"0.5167": [0, 0, 0]
					},
					"position": {
						"0.0": [0, 0, 0],
						"0.2667": [-7, 0, 2],
						"0.5167": [0, 0, 0]
					}
				}
			}
		},
		"animation.morsa.swim": {
			"loop": true,
			"animation_length": 0.74667,
			"bones": {
				"body5": {
					"rotation": {
						"0.0": [0, 0, 0],
						"0.25": [-25, 0, 0],
						"0.5": [30, 0, 0],
						"0.7333": [0, 0, 0]
					},
					"position": {
						"0.0": [0, 0, 0],
						"0.25": [0, 2, -3],
						"0.5": [0, -1, 5],
						"0.7333": [0, 0, 0]
					}
				},
				"leg1": {
					"rotation": {
						"0.0": [0, 0, 0],
						"0.2667": [0, 0, 25],
						"0.5167": [0, 0, 0],
						"0.75": [0, 0, -15]
					},
					"position": {
						"0.0": [0, 0, 0],
						"0.2667": [-1, 4, 0],
						"0.5167": [0, 0, 0],
						"0.75": [0, -3, 0]
					}
				},
				"leg2": {
					"rotation": {
						"0.0": [0, 0, 0],
						"0.2667": [0, 0, -25],
						"0.5167": [0, 0, 0],
						"0.75": [0, 0, 15]
					},
					"position": {
						"0.0": [0, 0, 0],
						"0.2667": [1, 4, 0],
						"0.5167": [0, 0, 0],
						"0.75": [0, -3, 0]
					}
				},
				"leg2a": {
					"rotation": [0, 0, 0]
				},
				"head": {
					"rotation": {
						"0.0": [0, 0, 0],
						"0.2333": [10, 0, 0],
						"0.6667": [0, 0, 0]
					},
					"position": {
						"0.0": [0, -3, 0],
						"0.2333": [0, 1, 1],
						"0.6667": [0, -3, 0]
					}
				}
			}
		}
	}
}