{
	"format_version": "1.8.0",
	"animations": {
		"animation.narwhal.move": {
			"loop": true,
			"animation_length": 0.68,
			"bones": {
				"tail": {
					"rotation": {
						"0.0": [30, 0, 0],
						"0.3667": [-30, 0, 0],
						"0.6833": [30, 0, 0]
					}
				},
				"tail2": {
					"rotation": {
						"0.0": [30, 0, 0],
						"0.3667": [-30, 0, 0],
						"0.6833": [30, 0, 0]
					}
				},
				"fin": {
					"rotation": {
						"0.0": [0, 0, -30],
						"0.3667": [0, 0, 30],
						"0.6833": [0, 0, -30]
					}
				},
				"fin2": {
					"rotation": {
						"0.0": [0, 0, 30],
						"0.3667": [0, 0, -30],
						"0.6833": [0, 0, 30]
					}
				}
			}
		}
	}
}