{
	"format_version": "1.8.0",
	"animations": {
		"animation.greatshark.move": {
			"loop": true,
			"animation_length": 0.68,
			"bones": {
				"body": {
					"rotation": {
						"0.0": [0, 15, 0],
						"0.3667": [0, -15, 0],
						"0.6833": [0, 15, 0]
					}
				},
				"head": {
					"rotation": {
						"0.0": [0, 15, 0],
						"0.3667": [0, -15, 0],
						"0.6833": [0, 15, 0]
					}
				},
				"body2": {
					"rotation": {
						"0.0": [0, 15, 0],
						"0.3667": [0, -15, 0],
						"0.6833": [0, 15, 0]
					}
				},
				"fin2": {
					"rotation": {
						"0.0": [45, 0, 0],
						"0.3667": [45, -55, 0],
						"0.6833": [45, 0, 0]
					}
				},
				"fin": {
					"rotation": {
						"0.0": [45, 0, 0],
						"0.3667": [45, 55, 0],
						"0.6833": [45, 0, 0]
					}
				},
				"body3": {
					"rotation": {
						"0.0": [0, 15, 0],
						"0.3667": [0, -15, 0],
						"0.6833": [0, 15, 0]
					}
				},
				"tail": {
					"rotation": {
						"0.0": [0, 15, 0],
						"0.3667": [0, -15, 0],
						"0.6833": [0, 15, 0]
					}
				},
				"tail2": {
					"rotation": {
						"0.0": [0, 15, 0],
						"0.3667": [0, -15, 0],
						"0.6833": [0, 15, 0]
					}
				},
				"tail3": {
					"rotation": {
						"0.0": [0, 15, 0],
						"0.3667": [0, -15, 0],
						"0.6833": [0, 15, 0]
					}
				},
				"tailtip": {
					"rotation": {
						"0.0": [0, 15, 0],
						"0.3667": [0, -15, 0],
						"0.6833": [0, 15, 0]
					}
				}
			}
		}
	}
}