{
	"format_version": "1.8.0",
	"animations": {
		"animation.orca.move": {
			"loop": true,
			"animation_length": 0.8,
			"bones": {
				"fin2": {
					"rotation": {
						"0.0": [45, 0, 0],
						"0.4": [45, 55, 0],
						"0.8": [45, 0, 0]
					}
				},
				"fin": {
					"rotation": {
						"0.0": [45, 0, 0],
						"0.4": [45, -55, 0],
						"0.8": [45, 0, 0]
					}
				},
				"tail": {
					"rotation": {
						"0.0": [25, 0, 0],
						"0.4": [-25, 0, 0],
						"0.8": [25, 0, 0]
					}
				},
				"tail2": {
					"rotation": {
						"0.0": [25, 0, 0],
						"0.4": [-25, 0, 0],
						"0.8": [25, 0, 0]
					}
				}
			}
		}
	}
}