{
  "format_version": "1.8.0",
  "animations": {
		"animation.pantera.crouch": {
			"loop": true,
			"bones": {
				"body": {
					"rotation": [15, 0, 0],
					"position": [0, 3, 3]
				},
				"head": {
					"rotation": [0, 0, 15],
					"position": [-3, -3, 1]
				},
				"tail": {
					"rotation": [80, 0, 0],
					"position": [0, 9, 20]
				}
			}
		},
		"animation.pantera.setup": {
			"loop": true,
			"bones": {
				"leg2": {
					"rotation": [0, 0, 0],
					"position": [0, 0, 0]
				},
				"leg1": {
					"rotation": [0, 0, 0],
					"position": [0, 0, 0]
				},
				"body": {
					"rotation": [0, 0, 0],
					"position": [0, 0, 0]
				},
				"leg3": {
					"rotation": [0, 0, 0],
					"position": [0, 0, 0]
				},
				"leg0": {
					"rotation": [0, 0, 0],
					"position": [0, 0, 0]
				},
				"head": {
					"rotation": [0, 0, 0],
					"position": [0, 0, 0]
				},
				"tail": {
					"rotation": [0, 0, 0],
					"position": [0, 0, 0]
				}
			}
		},
		"animation.pantera.sit": {
			"loop": true,
			"bones": {
				"leg1": {
					"position": [2, 0, 10]
				},
				"body": {
					"rotation": [-50, 0, 0],
					"position": [0, 0, -5]
				},
				"leg0": {
					"position": [-2, 0, 10]
				},
				"head": {
					"position": [0, 14, 16]
				},
				"tail": {
					"rotation": [15, 0, 0],
					"position": [0, -13, 8]
				}
			}
		},
		"animation.pantera.sleep": {
			"loop": true,
			"bones": {
				"leg2": {
					"position": [0, -3, 0]
				},
				"leg2a": {
					"position": [0, 2, 0]
				},
				"leg2b": {
					"position": [0, 3, 0]
				},
				"leg1": {
					"rotation": [-85, -30, 0],
					"position": [6, -13, -24]
				},
				"leg1b": {
					"rotation": [115, 0, 0],
					"position": [0, 16, -19]
				},
				"body": {
					"position": [0, -5, 0]
				},
				"leg3": {
					"position": [0, -3, 0]
				},
				"leg3a": {
					"position": [0, 2, 0]
				},
				"leg3b": {
					"position": [0, 3, 0]
				},
				"leg0": {
					"rotation": [-85, 20, 0],
					"position": [-4, -13, -28]
				},
				"leg0b": {
					"rotation": [105, 0, 0],
					"position": [0, 18, -16]
				},
				"head": {
					"rotation": [65, 0, 0],
					"position": [0, 26, 3]
				},
				"tail": {
					"position": [0, -6, 0]
				},
				"tail1": {
					"rotation": [-15, 0, 0],
					"position": [0, 3, -4]
				},
				"tail2": {
					"rotation": [-15, 0, 0],
					"position": [0, 3, -4]
				},
				"tail3": {
					"rotation": [10, 0, 0],
					"position": [0, -5, 0]
				},
				"tail4": {
					"rotation": [10, 0, 0],
					"position": [0, -5, 0]
				}
			}
		},
		"animation.pantera.wiggle": {
			"loop": true,
			"bones": {
				"body": {
					"rotation": [15, 0, 0],
					"position": [0, 3, 3]
				},
				"head": {
					"rotation": [0, 0, 15],
					"position": [-3, -3, 1]
				},
				"tail": {
					"rotation": [80, 0, 0],
					"position": [0, 9, 20]
				}
			}
		},
		"animation.pantera.stuck": {
			"loop": true,
			"bones": {
				"leg2": {
					"position": [0, 0, 4]
				},
				"leg1": {
					"position": [0, -15, 14]
				},
				"body": {
					"rotation": [65, 0, 0],
					"position": [0, 5, 15]
				},
				"leg3": {
					"position": [0, 0, 4]
				},
				"leg0": {
					"position": [0, -15, 14]
				},
				"head": {
					"rotation": [85, 0, 0],
					"position": [0, 12, 11]
				},
				"tail": {
					"rotation": [90, 0, 0],
					"position": [0, 9, 21]
				}
			}
		},
		"animation.pantera.pounce": {
			"loop": true,
			"bones": {
				"body": {
					"rotation": [15, 0, 0],
					"position": [0, 3, 3]
				},
				"head": {
					"rotation": [0, 0, 15],
					"position": [-3, -3, 1]
				},
				"tail": {
					"rotation": [80, 0, 0],
					"position": [0, 9, 20]
				}
			}
		}
    }
}