{
	"format_version": "1.8.0",
	"animations": {
		"animation.pantera.walk": {
			"loop": true,
			"animation_length": 1.98667,
			"bones": {
				"body": {
					"rotation": [0, 0, 0],
					"position": {
						"0.0": [0, 0, 0],
						"0.4333": [0, 0, 0]
					}
				},
				"leg2": {
					"rotation": {
						"0.0": [0, 0, 0],
						"0.4167": [25, 0, 0],
						"0.9333": [0, 0, 0]
					},
					"position": {
						"0.0": [0, 0, 0],
						"0.4167": [0, 0, 6],
						"0.9333": [0, 0, 0]
					}
				},
				"leg2a": {
					"rotation": {
						"0.0": [0, 0, 0],
						"0.6": [-30, 0, 0],
						"0.9333": [0, 0, 0],
						"1.9333": [0, 0, 0]
					},
					"position": {
						"0.0": [0, 0, 0],
						"0.6": [0, 3, -5],
						"0.9333": [0, 0, 0],
						"1.4333": [0, 0, -3],
						"1.9333": [0, 0, 0]
					}
				},
				"leg2b": {
					"rotation": {
						"0.0": [0, 0, 0],
						"0.9333": [0, 0, 0],
						"1.2167": [30, 0, 0],
						"1.65": [15, 0, 0],
						"1.9333": [0, 0, 0]
					},
					"position": {
						"0.0": [0, 0, 0],
						"0.6": [0, 0, -5],
						"0.9333": [0, 0, 0],
						"1.2167": [0, -2, -1.64],
						"1.4333": [0, 0, -3],
						"1.65": [0, -1, -4],
						"1.9333": [0, 0, 0]
					}
				},
				"leg1": {
					"rotation": [0, 0, 0],
					"position": [0, 0, 0]
				},
				"leg1a": {
					"rotation": {
						"0.0": [0, 0, 0],
						"0.4167": [-25, 0, 0],
						"0.95": [0, 0, 0],
						"1.4667": [25, 0, 0],
						"1.65": [15.45, 0, 0],
						"1.95": [0, 0, 0]
					},
					"position": {
						"0.0": [0, 0, 0],
						"0.4167": [0, -5, -5],
						"0.5833": [0, -4, -4.69],
						"0.65": [0, -3, -4],
						"0.95": [0, 0, 0],
						"1.4667": [0, 6, 3],
						"1.5167": [0, 7, 3],
						"1.6167": [0, 4.64, 3],
						"1.65": [0, 3.2, 3],
						"1.7": [0, 3.4, 3],
						"1.7833": [0, 2, 3],
						"1.8": [0, 1.28, 2.64],
						"1.95": [0, 0, 0]
					}
				},
				"leg1b": {
					"rotation": {
						"0.0": [0, 0, 0],
						"0.4167": [30, 0, 0],
						"0.6667": [25, 0, 0],
						"0.95": [0, 0, 0],
						"1.3": [25, 0, 0],
						"1.5167": [30, 0, 0],
						"1.7333": [31.54, 0, 0],
						"1.7833": [20, 0, 0],
						"1.95": [0, 0, 0]
					},
					"position": {
						"0.0": [0, 0, 0],
						"0.4167": [0, 9, -2],
						"0.75": [0, 7, -4],
						"0.7833": [0, 5.83, -2.33],
						"0.95": [0, 0, 0],
						"1.3": [0, 7, 1],
						"1.5167": [0, 8, 2],
						"1.5333": [0, 8.77, 2],
						"1.6": [0, 8.42, 2],
						"1.6167": [0, 6.92, 2],
						"1.75": [0, 9.38, 2],
						"1.7833": [0, 5, 2],
						"1.9": [0, 2.4, 0.56],
						"1.95": [0, 0, 0]
					}
				},
				"leg3": {
					"rotation": {
						"0.0": [0, 0, 0],
						"1.4667": [40, 0, 0],
						"1.4833": [30, 0, 0],
						"1.95": [0, 0, 0]
					},
					"position": {
						"0.0": [0, 0, 0],
						"1.4667": [0, 0, 9],
						"1.4833": [0, 0, 7],
						"1.95": [0, 0, 0]
					}
				},
				"leg3a": {
					"rotation": {
						"0.0": [0, 0, 0],
						"1.4833": [-30, 0, 0],
						"1.95": [0, 0, 0]
					},
					"position": {
						"0.0": [0, 0, 0],
						"0.4333": [0, 0, -2],
						"0.9667": [0, 1, -5.14],
						"1.0": [0, 1, -3],
						"1.05": [0, 0.29, -3.39],
						"1.4833": [0, 3, -4],
						"1.7167": [0, 3, -5],
						"1.95": [0, 0, 0]
					}
				},
				"leg3b": {
					"rotation": {
						"0.0": [0, 0, 0],
						"0.7167": [20, 0, 0],
						"0.8667": [0, 0, 0],
						"1.7167": [-45, 0, 0],
						"1.95": [0, 0, 0]
					},
					"position": {
						"0.0": [0, 0, 0],
						"0.4167": [0, -1, -2],
						"0.7167": [0, -2, -2],
						"0.9667": [0, -0.28, -6.28],
						"1.0": [0, 0, -3],
						"1.05": [0, -1, -4.49],
						"1.4833": [0, 3, -5],
						"1.7167": [0, 4, -6],
						"1.95": [0, 0, 0]
					}
				},
				"leg0": {
					"rotation": [0, 0, 0],
					"position": [0, 0, 0]
				},
				"leg0a": {
					"rotation": {
						"0.0": [0, 0, 0],
						"0.4333": [30, 0, 0],
						"0.9333": [30, 0, 0],
						"0.9667": [0, 0, 0],
						"1.2833": [-20, 0, 0],
						"1.9333": [0, 0, 0]
					},
					"position": {
						"0.0": [0, 0, 0],
						"0.4333": [0, 8, 3],
						"0.5333": [0, 7.72, 3.43],
						"0.5833": [0, 8.55, 2.08],
						"0.6833": [0, 8.37, 3.48],
						"0.7667": [0, 7.58, 2.16],
						"0.8": [0, 8.34, 2.44],
						"0.8667": [0, 6.97, 2.85],
						"0.9": [0, 9.49, 3.43],
						"0.9333": [0, 8, 3],
						"0.9667": [0, 0, 0],
						"1.2833": [0, -4, -3],
						"1.4667": [0, -3, -3],
						"1.9333": [0, 0, 0]
					}
				},
				"leg0b": {
					"rotation": {
						"0.0": [0, 0, 0],
						"0.4333": [20, 0, 0],
						"0.7": [40, 0, 0],
						"0.9333": [0, 0, 0],
						"1.25": [13.89, 0, 0],
						"1.4667": [15, 0, 0],
						"1.75": [40, 0, 0],
						"1.9333": [0, 0, 0]
					},
					"position": {
						"0.0": [0, 0, 0],
						"0.2667": [0, 4.84, 1],
						"0.3667": [0, 5.6, 2.35],
						"0.4333": [0, 6, 2],
						"0.4667": [0, 7, 2],
						"0.5167": [0, 6, 2],
						"0.5667": [0, 8.54, 2],
						"0.7": [0, 11, 2],
						"0.9": [0, 3.57, 1.14],
						"0.9333": [0, 0, 0],
						"1.0833": [0, 2.45, -0.45],
						"1.1833": [0, 4.23, -0.72],
						"1.25": [0, 5.74, -0.91],
						"1.2833": [0, 5, -1],
						"1.4667": [0, 6, -1],
						"1.75": [0, 13, -2],
						"1.9333": [0, 0, 0]
					}
				},
				"head": {
					"rotation": [0, 0, 0],
					"position": [0, 0, 0]
				},
				"head3": {
					"position": [0, 0, 0]
				},
				"tail": {
					"rotation": {
						"0.0": [0, 0, 0],
						"1.0": [-10, 0, 0],
						"1.9667": [0, 0, 0]
					},
					"position": {
						"0.0": [0, 0, 0],
						"1.0": [0, 2, -3],
						"1.9667": [0, 0, 0]
					}
				}
			}
		}
	}
}