{
	"format_version": "1.8.0",
	"animations": {
		"animation.pavao.sit": {
			"loop": true,
			"bones": {
				"f0": {
					"rotation": [105, 0, 0],
					"position": [-2.5, 2.2, -10]
				},
				"f1": {
					"rotation": [105, 40, 0],
					"position": [0, 12, 8]
				},
				"f10": {
					"rotation": [105, -50, 0],
					"position": [-4, 11.8, 7]
				}
			}
		},
		"animation.pavao.walk": {
			"loop": true,
			"animation_length": 0.64,
			"bones": {
				"leg0": {
					"rotation": {
						"0.0": [0, 0, 0],
						"0.1667": [75, 0, 0],
						"0.3167": [0, 0, 0],
						"0.4833": [-75, 0, 0],
						"0.6333": [0, 0, 0]
					},
					"position": [0, 0, 0]
				},
				"leg1": {
					"rotation": {
						"0.0": [0, 0, 0],
						"0.1667": [-75, 0, 0],
						"0.3167": [0, 0, 0],
						"0.4833": [75, 0, 0],
						"0.6333": [0, 0, 0]
					},
					"position": [0, 0, 0]
				}
			}
		},
		"animation.pavao.setup": {
			"loop": true,
			"bones": {
				"head": {
					"rotation": [0, 0, 0],
					"position": [0, 0, 0]
				},
				"body0": {
					"rotation": [0, 0, 0],
					"position": [0, 0, 0]
				},
				"wing0": {
					"rotation": [0, 0, 0],
					"position": [0, 0, 0]
				},
				"wing1": {
					"rotation": [0, 0, 0],
					"position": [0, 0, 0]
				},
				"body1": {
					"rotation": [0, 0, 0],
					"position": [0, 0, 0]
				},
				"tail0": {
					"rotation": [0, 0, 0],
					"position": [0, 0, 0]
				},
				"leg0": {
					"rotation": [0, 0, 0],
					"position": [0, 0, 0]
				},
				"leg1": {
					"rotation": [0, 0, 0],
					"position": [0, 0, 0]
				},
				"f0": {
					"rotation": [0, 0, 0],
					"position": [0, 0, 0]
				},
				"f1": {
					"rotation": [0, 0, 0],
					"position": [0, 0, 0]
				},
				"f10": {
					"rotation": [0, 0, 0],
					"position": [0, 0, 0]
				}
			}
		}
	}
}