{
	"format_version": "1.8.0",
	"animations": {
		"animation.preguica.base": {
			"loop": true,
			"bones": {
				"body": {
					"rotation": [0, 0, 0],
					"position": [0, 0, 0]
				},
				"leg4": {
					"rotation": [0, 0, 0],
					"position": [0, 0, 0]
				},
				"leg1": {
					"rotation": [0, 0, 0],
					"position": [0, 0, 0]
				},
				"leg3": {
					"rotation": [0, 0, 0],
					"position": [0, 0, 0]
				},
				"leg2": {
					"rotation": [0, 0, 0],
					"position": [0, 0, 0]
				},
				"tail": {
					"rotation": [0, 0, 0],
					"position": [0, 0, 0]
				},
				"head": {
					"rotation": [0, 0, 0],
					"position": [0, 0, 0]
				}
			}
		},
		"animation.preguica.sit": {
			"loop": true,
			"bones": {
				"body": {
					"rotation": [-85, 0, 0],
					"position": [0, 7, 0]
				},
				"body2": {
					"rotation": [30, 0, 0],
					"position": [0, 1, 2]
				},
				"leg1": {
					"position": [0, -2, 0]
				},
				"leg1a": {
					"position": [0, 2, 0]
				},
				"leg2": {
					"position": [0, -2, 0]
				},
				"leg2a": {
					"position": [0, 2, 0]
				},
				"leg3": {
					"position": [1, 5, 5]
				},
				"leg3a": {
					"rotation": [70, 0, 0],
					"position": [1, -5, 2]
				},
				"leg4": {
					"position": [-1, 5, 4]
				},
				"leg4a": {
					"rotation": [55, 0, 0],
					"position": [-1, -4, 1]
				},
				"head": {
					"position": [0, 12, 10]
				}
			}
		},
		"animation.preguica.walk": {
			"loop": true,
			"animation_length": 1,
			"bones": {
				"body": {
					"position": [0, 0, 0]
				},
				"leg1": {
					"rotation": {
						"0.0": [0, 0, 0],
						"0.5333": [-40, 0, 0],
						"1.0": [0, 0, 0]
					},
					"position": {
						"0.0": [0, 0, 0],
						"0.5333": [0, 2.47, -1],
						"1.0": [0, 0, 0]
					}
				},
				"leg1a": {
					"rotation": {
						"0.0": [0, 0, 0],
						"0.5333": [50, 0, 0],
						"1.0": [0, 0, 0]
					},
					"position": {
						"0.0": [0, 0, 0],
						"0.5333": [0, -4, 1],
						"1.0": [0, 0, 0]
					}
				},
				"leg2": {
					"rotation": {
						"0.0": [0, 0, 0],
						"0.5167": [40, 0, 0],
						"1.0": [0, 0, 0]
					},
					"position": {
						"0.0": [0, 0, 0],
						"0.5167": [0, -2, 4],
						"1.0": [0, 0, 0]
					}
				},
				"leg2a": {
					"rotation": {
						"0.0": [0, 0, 0],
						"0.5167": [-15, 0, 0],
						"1.0": [0, 0, 0]
					},
					"position": {
						"0.0": [0, 0, 0],
						"0.5167": [0, 1, 0],
						"1.0": [0, 0, 0]
					}
				},
				"leg3": {
					"rotation": {
						"0.0": [0, 0, 0],
						"0.5333": [40, 0, 0],
						"1.0": [0, 0, 0]
					},
					"position": {
						"0.0": [0, 0, 0],
						"0.5333": [0, -2, 4],
						"1.0": [0, 0, 0]
					}
				},
				"leg3a": {
					"rotation": {
						"0.0": [0, 0, 0],
						"0.5333": [-30, 0, 0],
						"1.0": [0, 0, 0]
					},
					"position": {
						"0.0": [0, 0, 0],
						"0.5333": [0, 2, 0],
						"1.0": [0, 0, 0]
					}
				},
				"leg4": {
					"rotation": {
						"0.0": [0, 0, 0],
						"0.5167": [-40, 0, 0],
						"1.0": [0, 0, 0]
					},
					"position": {
						"0.0": [0, 0, 0],
						"0.5167": [0, 3, -3],
						"1.0": [0, 0, 0]
					}
				},
				"leg4a": {
					"rotation": {
						"0.0": [0, 0, 0],
						"0.5167": [50, 0, 0],
						"1.0": [0, 0, 0]
					},
					"position": {
						"0.0": [0, 0, 0],
						"0.5167": [0, -4, 0],
						"1.0": [0, 0, 0]
					}
				}
			}
		}
	}
}