{
	"format_version": "1.8.0",
	"animations": {
		"animation.seaserpent.move": {
			"loop": true,
			"animation_length": 0.68,
			"bones": {
				"tail1": {
					"rotation": {
						"0.0": [0, -25, 0],
						"0.3667": [0, 25, 0],
						"0.6833": [0, -25, 0]
					}
				},
				"tail2": {
					"rotation": {
						"0.0": [0, -25, 0],
						"0.3667": [0, 25, 0],
						"0.6833": [0, -25, 0]
					}
				},
				"tail3": {
					"rotation": {
						"0.0": [0, -15, 0],
						"0.3667": [0, 15, 0],
						"0.6833": [0, -15, 0]
					}
				},
				"tail4": {
					"rotation": {
						"0.0": [0, -15, 0],
						"0.3667": [0, 15, 0],
						"0.6833": [0, -15, 0]
					}
				},
				"tail5": {
					"rotation": {
						"0.0": [0, -25, 0],
						"0.3667": [0, 25, 0],
						"0.6833": [0, -25, 0]
					}
				},
				"tail6": {
					"rotation": {
						"0.0": [0, -30, 0],
						"0.3667": [0, 30, 0],
						"0.6833": [0, -30, 0]
					}
				},
				"head": {
					"rotation": {
						"0.0": [0, -45, 0],
						"0.3667": [0, 45, 0],
						"0.6833": [0, -45, 0]
					}
				},
				"jaw": {
					"rotation": {
						"0.0": [20, 0, 0],
						"0.3667": [0, 0, 0],
						"0.6833": [20, 0, 0]
					}
				}
			}
		}
	}
}