{
	"format_version": "1.8.0",
	"animations": {
		"animation.shark.move": {
			"loop": true,
			"animation_length": 0.52,
			"bones": {
				"tail": {
					"rotation": {
						"0.0": [0, 30, 0],
						"0.2833": [0, -30, 0],
						"0.5167": [0, 30, 0]
					}
				},
				"tail2": {
					"rotation": {
						"0.0": [0, 35, 0],
						"0.2833": [0, -35, 0],
						"0.5167": [0, 35, 0]
					}
				},
				"sharkfin": {
					"rotation": {
						"0.0": [0, 0, 70],
						"0.2833": [0, 0, -5],
						"0.5167": [0, 0, 70]
					}
				},
				"sharkfin2": {
					"rotation": {
						"0.0": [0, 0, -70],
						"0.2833": [0, 0, -5],
						"0.5167": [0, 0, -70]
					}
				}
			}
		}
	}
}