{
	"format_version": "1.8.0",
	"animations": {
		"animation.suri.walk": {
		    "loop": true,
			"animation_length": 1.14667,
			"bones": {
				"body": {
					"rotation": [0, 0, 0],
					"position": [0, 0, 0]
				},
				"tail": {
					"rotation": [0, 0, 0],
					"position": [0, 0, 0]
				},
				"head": {
					"rotation": [0, 0, 0],
					"position": [0, 0, 0]
				},
				"leg0": {
					"rotation": {
						"0.0": [0, 0, 0],
						"0.2667": [40, 0, 0],
						"0.5333": [0, 0, 0],
						"0.8333": [-40, 0, 0],
						"1.15": [0, 0, 0]
					},
					"position": {
						"0.0": [0, 0, 0],
						"0.2667": [0, 5.5, 1.8],
						"0.5333": [0, 0, 0],
						"0.8333": [0, -4, -5],
						"1.15": [0, 0, 0]
					}
				},
				"leg1": {
					"rotation": {
						"0.0": [0, 0, 0],
						"0.2667": [-40, 0, 0],
						"0.5333": [0, 0, 0],
						"0.8333": [40, 0, 0],
						"1.15": [0, 0, 0]
					},
					"position": {
						"0.0": [0, 0, 0],
						"0.2667": [0, -4, -5],
						"0.5333": [0, 0, 0],
						"0.8333": [0, 5.5, 1.8],
						"1.15": [0, 0, 0]
					}
				},
				"leg2": {
					"rotation": {
						"0.0": [0, 0, 0],
						"0.2667": [40, 0, 0],
						"0.5333": [0, 0, 0],
						"0.8333": [-40, 0, 0],
						"1.15": [0, 0, 0]
					},
					"position": {
						"0.0": [0, 0, 0],
						"0.2667": [0, 0, 4],
						"0.5333": [0, 0, 0],
						"0.8333": [0, 2, -4],
						"1.15": [0, 0, 0]
					}
				},
				"leg3": {
					"rotation": {
						"0.0": [0, 0, 0],
						"0.2667": [-40, 0, 0],
						"0.5333": [0, 0, 0],
						"0.8333": [40, 0, 0],
						"1.15": [0, 0, 0]
					},
					"position": {
						"0.0": [0, 0, 0],
						"0.2667": [0, 2, -4],
						"0.5333": [0, 0, 0],
						"0.8333": [0, 0, 4],
						"1.15": [0, 0, 0]
					}
				}
			}
		},
		"animation.suri.base": {
			"bones": {
				"body": {
					"rotation": [0, 0, 0],
					"position": [0, 0, 0]
				},
				"tail": {
					"rotation": [0, 0, 0],
					"position": [0, 0, 0]
				},
				"head": {
					"rotation": [0, 0, 0],
					"position": [0, 0, 0]
				},
				"leg0": {
					"rotation": [0, 0, 0],
					"position": [0, 0, 0]
				},
				"leg1": {
					"rotation": [0, 0, 0],
					"position": [0, 0, 0]
				},
				"leg2": {
					"rotation": [0, 0, 0],
					"position": [0, 0, 0]
				},
				"leg3": {
					"rotation": [0, 0, 0],
					"position": [0, 0, 0]
				}
			}
		},
		"animation.suri.sit": {
			"loop": true,
			"animation_length": 1.38667,
			"bones": {
				"body": {
					"rotation": [-75, 0, 0],
					"position": [0, 6, -5]
				},
				"body2": {
					"rotation": [50, 0, 0],
					"position": [0, 8, 3.5]
				},
				"tail": {
					"rotation": {
						"0.0": [-115, 0, 0],
						"0.2833": [-115, 0, 0],
						"0.35": [-108.45, 0, 0],
						"0.5333": [-70, 0, 0],
						"0.75": [-110, 0, 0]
					},
					"position": {
						"0.0": [0, 13, -3],
						"0.2833": [0, 13, -3],
						"0.35": [0, 12.2, -3.51],
						"0.5333": [0, 6, -5],
						"0.75": [0, 12, -3]
					}
				},
				"head": {
					"rotation": {
						"0.0": [0, 0, 0],
						"0.4833": [0, 0, 0],
						"0.6333": [0, -40, 0],
						"0.8833": [0, -40, 0],
						"1.0667": [0, -30, 0],
						"1.25": [0, -20, 0],
						"1.3833": [0, 0, 0]
					},
					"position": {
						"0.0": [0, 8, 9],
						"0.4833": [0, 8, 9],
						"0.6333": [-6, 8, 6],
						"0.8833": [-6, 8, 6],
						"1.0667": [-5, 8, 7],
						"1.25": [-3, 8, 7],
						"1.3833": [0, 8, 9]
					}
				},
				"leg0": {
					"rotation": [-10, 0, 0],
					"position": [0, 5.8, 5]
				},
				"leg1": {
					"rotation": [5, 0, 0],
					"position": [0, 7.9, 6.6]
				},
				"leg2": {
					"rotation": [0, 0, 0],
					"position": [0, 0, 0]
				},
				"leg3": {
					"rotation": [0, 0, 0],
					"position": [0, 0, 0]
				}
			}
		}
	}
}