{
	"format_version": "1.8.0",
	"animations": {
		"animation.tart.setup": {
			"loop": true,
			"bones": {
				"leg1": {
					"rotation": [0, 0, 0],
					"position": [0, 0, 0]
				},
				"leg2": {
					"rotation": [0, 0, 0],
					"position": [0, 0, 0]
				},
				"leg3": {
					"rotation": [0, 0, 0],
					"position": [0, 0, 0]
				},
				"leg4": {
					"rotation": [0, 0, 0],
					"position": [0, 0, 0]
				},
				"body": {
					"rotation": [0, 0, 0],
					"position": [0, 0, 0]
				},
				"head": {
					"rotation": [0, 0, 0],
					"position": [0, 0, 0]
				},
				"tail": {
					"rotation": [0, 0, 0],
					"position": [0, 0, 0]
				}
			}
		},
		"animation.tart.walk": {
			"loop": true,
			"animation_length": 1.04,
			"bones": {
				"leg1": {
					"rotation": [0, 0, 0],
					"position": {
						"0.0": [0, 0, 0],
						"0.2833": [0, 0, 2],
						"0.5333": [0, 0, 0],
						"0.7833": [0, 0, -2],
						"1.0333": [0, 0, 0]
					}
				},
				"leg2": {
					"rotation": [0, 0, 0],
					"position": {
						"0.0": [0, 0, 0],
						"0.2833": [0, 0, -2],
						"0.5333": [0, 0, 0],
						"0.7833": [0, 0, 2],
						"1.0333": [0, 0, 0]
					}
				},
				"leg3": {
					"rotation": [0, 0, 0],
					"position": {
						"0.0": [0, 0, 0],
						"0.2833": [0, 0, -2],
						"0.5333": [0, 0, 0],
						"0.7833": [0, 0, 2],
						"1.0333": [0, 0, 0]
					}
				},
				"leg4": {
					"rotation": [0, 0, 0],
					"position": {
						"0.0": [0, 0, 0],
						"0.2833": [0, 0, 2],
						"0.5333": [0, 0, 0],
						"0.7833": [0, 0, -2],
						"1.0333": [0, 0, 0]
					}
				}
			}
		}
	}
}