{
	"format_version": "1.8.0",
	"animations": {
		"animation.tigre.walk": {
			"loop": true,
			"animation_length": 0.96,
			"bones": {
				"leg1": {
					"rotation": {
						"0.0": [0, 0, 0],
						"0.2333": [45, 0, 0],
						"0.4833": [0, 0, 0],
						"0.7167": [-45, 0, 0],
						"0.9667": [0, 0, 0]
					},
					"position": {
						"0.0": [0, 0, 0],
						"0.2333": [0, -3, 10],
						"0.4833": [0, 0, 0],
						"0.7167": [0, 7, -5],
						"0.9667": [0, 0, 0]
					}
				},
				"leg2": {
					"rotation": {
						"0.0": [0, 0, 0],
						"0.2333": [-45, 0, 0],
						"0.4833": [0, 0, 0],
						"0.7167": [45, 0, 0],
						"0.9667": [0, 0, 0]
					},
					"position": {
						"0.0": [0, 0, 0],
						"0.2333": [0, 6, -5],
						"0.4833": [0, 0, 0],
						"0.7167": [0, -3, 11],
						"0.9667": [0, 0, 0]
					}
				},
				"leg3": {
					"rotation": {
						"0.0": [0, 0, 0],
						"0.2333": [-45, 0, 0],
						"0.4833": [0, 0, 0],
						"0.7167": [45, 0, 0],
						"0.9667": [0, 0, 0]
					},
					"position": {
						"0.0": [0, 0, 0],
						"0.2333": [0, 7, -5],
						"0.4833": [0, 0, 0],
						"0.7167": [0, -4, 9],
						"0.9667": [0, 0, 0]
					}
				},
				"leg4": {
					"rotation": {
						"0.0": [0, 0, 0],
						"0.2333": [45, 0, 0],
						"0.4833": [0, 0, 0],
						"0.7167": [-45, 0, 0],
						"0.9667": [0, 0, 0]
					},
					"position": {
						"0.0": [0, 0, 0],
						"0.2333": [0, -3, 9],
						"0.4833": [0, 0, 0],
						"0.7167": [0, 6, -6],
						"0.9667": [0, 0, 0]
					}
				}
			}
		},
		"animation.tigre.attack": {
			"loop": true,
			"animation_length": 0.72,
			"bones": {
				"leg1": {
					"rotation": {
						"0.0": [0, 0, 0],
						"0.2333": [70, 0, 0],
						"0.7167": [0, 0, 0]
					},
					"position": {
						"0.0": [0, 0, 0],
						"0.2333": [0, -1, 14],
						"0.7167": [0, 0, 0]
					}
				},
				"leg2": {
					"rotation": {
						"0.0": [0, 0, 0],
						"0.2333": [55, 0, 0],
						"0.7167": [0, 0, 0]
					},
					"position": {
						"0.0": [0, 0, 0],
						"0.2333": [0, -3, 11],
						"0.7167": [0, 0, 0]
					}
				},
				"leg3": {
					"rotation": {
						"0.0": [0, 0, 0],
						"0.2333": [-70, 0, 0],
						"0.7167": [0, 0, 0]
					},
					"position": {
						"0.0": [0, 0, 0],
						"0.2333": [0, 13, -5],
						"0.7167": [0, 0, 0]
					}
				},
				"leg4": {
					"rotation": {
						"0.0": [0, 0, 0],
						"0.2333": [-40, 0, 0],
						"0.7167": [0, 0, 0]
					},
					"position": {
						"0.0": [0, 0, 0],
						"0.2333": [0, 5, -5],
						"0.7167": [0, 0, 0]
					}
				},
				"tail": {
					"rotation": [0, 0, 0],
					"position": [0, 0, 0]
				},
				"tail2": {
					"rotation": [0, 0, 0]
				},
				"body0": {
					"rotation": {
						"0.0": [0, 0, 0],
						"0.2333": [-45, 0, 0],
						"0.4833": [45, 0, 0],
						"0.7167": [0, 0, 0]
					},
					"position": {
						"0.0": [0, 0, 0],
						"0.2333": [0, 19, 0],
						"0.4833": [0, 15, -2],
						"0.7167": [0, 0, -2]
					}
				}
			}
		},
		"animation.tigre.setup": {
			"loop": true,
			"bones": {
				"body0": {
					"rotation": [0, 0, 0],
					"position": [0, 0, 0]
				}
			}
		}
	}
}