{
	"format_version": "1.8.0",
	"animations": {
		"animation.toupeira.walk": {
			"loop": true,
			"animation_length": 0.46667,
			"bones": {
				"leg0": {
					"rotation": {
						"0.0": [0, 0, 0],
						"0.2333": [0, -25, 0],
						"0.4667": [0, 0, 0]
					},
					"position": {
						"0.0": [0, 0, 0],
						"0.4667": [0, 0, 0]
					}
				},
				"leg3": {
					"rotation": {
						"0.0": [0, 0, 0],
						"0.2333": [0, -25, 0],
						"0.4667": [0, 0, 0]
					},
					"position": {
						"0.0": [0, 0, 0],
						"0.2333": [3, -3, 0],
						"0.4667": [0, 0, 0]
					}
				},
				"leg3a": {
					"position": {
						"0.0": [0, 0, 0],
						"0.2333": [0, -1, 0],
						"0.4667": [0, 0, 0]
					}
				},
				"leg1": {
					"rotation": {
						"0.0": [0, 0, 0],
						"0.2333": [0, 25, 0],
						"0.4667": [0, 0, 0]
					},
					"position": {
						"0.0": [0, 0, 0],
						"0.4667": [0, 0, 0]
					}
				},
				"leg2": {
					"rotation": {
						"0.0": [0, 0, 0],
						"0.2333": [0, 25, 0],
						"0.4667": [0, 0, 0]
					},
					"position": {
						"0.0": [0, 0, 0],
						"0.2333": [-2, -3, 0],
						"0.4667": [0, 0, 0]
					}
				}
			}
		}
	}
}