{
	"format_version": "1.8.0",
	"animations": {
		"animation.urso.base": {
			"loop": true,
			"bones": {
				"body": {
					"rotation": [0, 0, 0],
					"position": [0, 0, 0]
				},
				"leg2": {
					"rotation": [0, 0, 0],
					"position": [0, 0, 0]
				},
				"leg1": {
					"rotation": [0, 0, 0],
					"position": [0, 0, 0]
				},
				"leg3": {
					"rotation": [0, 0, 0],
					"position": [0, 0, 0]
				},
				"leg0": {
					"rotation": [0, 0, 0],
					"position": [0, 0, 0]
				},
				"tail": {
					"rotation": [0, 0, 0],
					"position": [0, 0, 0]
				},
				"head": {
					"rotation": [0, 0, 0],
					"position": [0, 0, 0]
				}
			}
		},
		"animation.urso.walk": {
			"loop": true,
			"animation_length": 1.03333,
			"bones": {
				"leg2": {
					"rotation": {
						"0.0": [0, 0, 0],
						"0.2667": [35, 0, 0],
						"0.5": [0, 0, 0],
						"0.7833": [-35, 0, 0],
						"1.0333": [0, 0, 0]
					},
					"position": {
						"0.0": [0, 0, 0],
						"0.2667": [0, -1, 6],
						"0.5": [0, 0, 0],
						"0.7833": [0, 2, -5],
						"1.0333": [0, 0, 0]
					}
				},
				"leg2b": {
					"rotation": [0, 0, 0]
				},
				"leg1": {
					"rotation": {
						"0.0": [0, 0, 0],
						"0.2667": [-35, 0, 0],
						"0.5": [0, 0, 0],
						"0.7833": [35, 0, 0],
						"1.0333": [0, 0, 0]
					},
					"position": {
						"0.0": [0, 0, 0],
						"0.2667": [0, -9, -7],
						"0.5": [0, 0, 0],
						"0.7833": [0, 10, 0],
						"1.0333": [0, 0, 0]
					}
				},
				"leg3": {
					"rotation": {
						"0.0": [0, 0, 0],
						"0.25": [-35, 0, 0],
						"0.5": [0, 0, 0],
						"0.7833": [35, 0, 0],
						"1.0333": [0, 0, 0]
					},
					"position": {
						"0.0": [0, 0, 0],
						"0.25": [0, 2, -6],
						"0.5": [0, 0, 0],
						"0.7833": [0, -1, 6],
						"1.0333": [0, 0, 0]
					}
				},
				"leg0": {
					"rotation": {
						"0.0": [0, 0, 0],
						"0.25": [35, 0, 0],
						"0.5": [0, 0, 0],
						"0.7833": [-35, 0, 0],
						"1.0333": [0, 0, 0]
					},
					"position": {
						"0.0": [0, 0, 0],
						"0.25": [0, 10, 2],
						"0.5": [0, 0, 0],
						"0.7833": [0, -8, -8],
						"1.0333": [0, 0, 0]
					}
				},
				"face": {
					"rotation": {
						"0.0": [0, 0, 0],
						"0.5": [-10, 0, 0],
						"0.9833": [0, 0, 0]
					},
					"position": {
						"0.0": [0, 0, 0],
						"0.5": [0, -3, -3],
						"0.9833": [0, 0, 0]
					}
				}
			}
		},
		"animation.urso.attack": {
			"loop": true,
			"animation_length": 1.02,
			"bones": {
				"body": {
					"rotation": [-80, 0, 0],
					"position": [0, 15, -8]
				},
				"leg2": {
					"rotation": {
						"0.0": [0, 0, 0],
						"0.2333": [-10, 0, 0],
						"0.5": [0, 0, 0],
						"0.7667": [15, 0, 0],
						"1.0167": [0, 0, 0]
					},
					"position": [0, 0, 0]
				},
				"leg1": {
					"rotation": [-75, 0, 0],
					"position": [0, 13, -8]
				},
				"leg1b": {
					"rotation": [120, 0, 0],
					"position": [0, 9, -13]
				},
				"leg3": {
					"rotation": {
						"0.0": [0, 0, 0],
						"0.2333": [15, 0, 0],
						"0.5": [0, 0, 0],
						"0.7667": [-15, 0, 0],
						"1.0167": [0, 0, 0]
					},
					"position": [0, 0, 0]
				},
				"leg0": {
					"rotation": [-30, 0, 0],
					"position": [0, 15, 5]
				},
				"tail": {
					"rotation": [-80, 0, 0],
					"position": [0, 16, -7]
				},
				"head": {
					"position": [0, 12, 21]
				},
				"face": {
					"rotation": [10, 0, 0],
					"position": [0, 21, 2]
				}
			}
		},
		"animation.urso.sit": {
			"loop": true,
			"bones": {
				"body": {
					"rotation": [-35, 0, 0],
					"position": [0, 1, -7]
				},
				"leg2": {
					"position": [0, -1, -3]
				},
				"leg2b": {
					"position": [0, 1, 0]
				},
				"leg1": {
					"position": [0, 0, 6]
				},
				"leg3": {
					"position": [0, -1, -3]
				},
				"leg3b": {
					"position": [0, 1, 0]
				},
				"leg0": {
					"position": [0, 0, 6]
				},
				"tail": {
					"rotation": [-35, 0, 0],
					"position": [0, 1, -7]
				},
				"head": {
					"position": [0, 10, 5]
				}
			}
		},
		"animation.urso.sleep": {
			"loop": true,
			"bones": {
				"body": {
					"rotation": [0, 0, -25],
					"position": [0, -3, 0]
				},
				"leg2": {
					"rotation": [0, 0, -25],
					"position": [1, -4, 0]
				},
				"leg2a": {
					"rotation": [-70, 0, 0],
					"position": [-1, 17, -2]
				},
				"leg2b": {
					"rotation": [0, 20, 0],
					"position": [-5, 7, -8]
				},
				"leg1": {
					"position": [-4, -4, 0]
				},
				"leg1a": {
					"position": [0, 4, 0]
				},
				"leg1b": {
					"rotation": [0, 15, 0],
					"position": [1, 4, -3]
				},
				"leg3": {
					"rotation": [0, 0, -25],
					"position": [0, -4, 0]
				},
				"leg3a": {
					"rotation": [-75, 0, 0],
					"position": [0, 11, 2]
				},
				"leg3b": {
					"rotation": [0, 0, 25],
					"position": [0, 4, -5]
				},
				"leg0": {
					"rotation": [0, 0, -20],
					"position": [0, -4, 0]
				},
				"leg0a": {
					"rotation": [-65, 0, 0],
					"position": [0, -6, -11]
				},
				"leg0b": {
					"rotation": [0, 0, 20],
					"position": [0, 4, -6]
				},
				"tail": {
					"rotation": [0, 0, -25],
					"position": [0, -3, 0]
				},
				"head": {
					"rotation": [-5, 0, -15],
					"position": [-3, -6, 0]
				},
				"face": {
					"rotation": [10, -25, 0],
					"position": [-9, 4, -2]
				}
			}
		},
		"animation.urso.swim": {
			"loop": true,
			"animation_length": 0.48,
			"bones": {
				"body": {
					"rotation": [-25, 0, 0],
					"position": [0, -14, 0]
				},
				"leg2": {
					"rotation": {
						"0.0": [50, 0, 0],
						"0.2333": [10, 0, 0],
						"0.4833": [50, 0, 0]
					},
					"position": {
						"0.0": [0, -18, 13],
						"0.2333": [0, -20, 5],
						"0.4833": [0, -18, 13]
					}
				},
				"leg1": {
					"rotation": {
						"0.0": [-65, 0, 0],
						"0.2333": [-75, 0, 0],
						"0.4667": [-65, 0, 0]
					},
					"position": {
						"0.0": [0, -16, -12],
						"0.4667": [0, -16, -12]
					}
				},
				"leg1b": {
					"rotation": {
						"0.0": [50, 0, 0],
						"0.2333": [90, 0, 0],
						"0.4667": [50, 0, 0]
					},
					"position": {
						"0.0": [0, 7, -4],
						"0.2333": [0, 10, -9],
						"0.4667": [0, 7, -4]
					}
				},
				"leg3": {
					"rotation": {
						"0.0": [35, 0, 0],
						"0.2333": [70, 0, 0],
						"0.4667": [35, 0, 0]
					},
					"position": {
						"0.0": [0, -19, 10],
						"0.2333": [0, -15, 15],
						"0.4667": [0, -19, 10]
					}
				},
				"leg0": {
					"rotation": {
						"0.0": [-40, 0, 0],
						"0.2333": [-20, 0, 0],
						"0.4667": [-40, 0, 0]
					},
					"position": {
						"0.0": [0, -15, -3],
						"0.2333": [0, -13, 1],
						"0.4667": [0, -15, -3]
					}
				},
				"tail": {
					"rotation": [-25, 0, 0],
					"position": [0, -14, 0]
				},
				"head": {
					"rotation": {
						"0.0": [-10, 0, 0],
						"0.25": [-15, 0, 0],
						"0.4667": [-10, 0, 0]
					},
					"position": {
						"0.0": [0, -10, 5],
						"0.25": [0, -12, 3],
						"0.4667": [0, -10, 5]
					}
				}
			}
		}
	}
}