{
	"format_version": "1.8.0",
	"animations": {
		"animation.urubu.flying": {
			"loop": true,
			"animation_length": 0.52,
			"bones": {
				"body": {
					"rotation": [30, 0, 0],
					"position": [0, 3, 3]
				},
				"leg0": {
					"rotation": [30, 0, 0],
					"position": [0, 0, 3]
				},
				"leg1": {
					"rotation": [30, 0, 0],
					"position": [0, 0, 3]
				},
				"wing0": {
					"rotation": {
						"0.0": [0, 80, 0],
						"0.2667": [0, 30, 0],
						"0.5167": [0, 80, 0]
					},
					"position": {
						"0.0": [-6, 0, 3],
						"0.2667": [-1, 0, 3],
						"0.5167": [-6, 0, 3]
					}
				},
				"wing1": {
					"rotation": {
						"0.0": [0, -80, 0],
						"0.2667": [0, -30, 0],
						"0.5167": [0, -80, 0]
					},
					"position": {
						"0.0": [6, 0, 3],
						"0.2667": [1, 0, 3],
						"0.5167": [6, 0, 3]
					}
				}
			}
		}
	}
}