{
	"format_version": "1.8.0",
	"animations": {
		"animation.whalereal.move": {
			"loop": true,
			"animation_length": 0.76,
			"bones": {
				"tail": {
					"rotation": {
						"0.0": [-15, 0, 0],
						"0.3667": [15, 0, 0],
						"0.7667": [-15, 0, 0]
					}
				},
				"tail2": {
					"rotation": {
						"0.0": [-15, 0, 0],
						"0.3667": [15, 0, 0],
						"0.7667": [-15, 0, 0]
					}
				},
				"tail3": {
					"rotation": {
						"0.0": [-15, 0, 0],
						"0.3667": [15, 0, 0],
						"0.7667": [-15, 0, 0]
					}
				},
				"tailtip": {
					"rotation": {
						"0.0": [-15, 0, 0],
						"0.3667": [15, 0, 0],
						"0.7667": [-15, 0, 0]
					}
				},
				"fin": {
					"rotation": {
						"0.0": [-45, 0, 0],
						"0.3667": [-45, -75, 0],
						"0.7667": [-45, 0, 0]
					}
				},
				"fin2": {
					"rotation": {
						"0.0": [-45, 0, 0],
						"0.3667": [-45, 75, 0],
						"0.7667": [-45, 0, 0]
					}
				}
			}
		}
	}
}