{
  "format_version": "1.10.0",
  "minecraft:client_entity": {
    "description": {
      "identifier": "dm2:flying_cow",
      "materials": { "default": "cow" },
      "textures": {
        "default": "textures/entity/cow/flying_cow",
        "wings": "textures/blocks/gold_block",
         "saddled": "textures/entity/cow/flying_cow_saddle"
      },
      "geometry": {
        "default": "geometry.cow",
        "wings": "geometry.flying_cow_wings"

      },
      "animations": {
        "setup": "animation.cow.setup.v1.0",
        "walk": "animation.quadruped.walk",
        "look_at_target": "animation.common.look_at_target",
        "baby_transform": "animation.cow.baby_transform",
        "flying_cow_wings": "animation.flying_cow_wings.open"
      },
      "scripts": {
        "animate": [
          "setup",
          { "walk": "query.modified_move_speed" },
          "look_at_target",
          { "baby_transform": "query.is_baby" },
           { "flying_cow_wings": "!query.is_on_ground" }
        ]
      },
      "render_controllers": [ "controller.render.cow", "controller.render.flying_cow_wings" ],
      "spawn_egg": {
        "base_color": "#cdcdcd",
        "overlay_color": "#cdae2e"
      }
    }
  }
}