{
  "format_version": "1.10.0",
  "minecraft:client_entity": {
    "description": {
      "identifier": "dm2:lightning_bird",
      "materials": { "default": "drowned" },
      "textures": {
        "default": "textures/entity/dungeon/lightning_bird"
      },
      "geometry": {
        "default": "geometry.lightning_bird"
      },
    "spawn_egg": {
        "base_color": "#242526",
        "overlay_color": "#0048b3"
      },
      "animations": {
        "move": "animation.lightning_bird.move",
        "attack": "animation.lightning_bird.attack",
        "base_pose": "animation.phantom.base_pose"
      },
            "scripts": {
        "animate": [
          "move", { "attack": "query.is_powered" }, "base_pose"
        ]
      },
      "render_controllers": [ "controller.render.default" ]
    }
  }
}