{
  "format_version": "1.10.0",
  "minecraft:client_entity": {
    "description": {
      "identifier": "dm2:minotaur_death",
      "textures": {
        "default": "textures/entity/aether/minotaur"
      },
      "materials": {
        "default": "iron_golem"
      },
      "geometry": {
        "default": "geometry.minotaur"
      },
      "render_controllers": [
        "controller.render.default"
      ],
      "spawn_egg": {
        "texture": "spawn_egg",
        "texture_index": 1
      },
      "animations": {
        "move": "animation.minotaur.move",
        "look_at_target": "animation.common.look_at_target",
        "stunned": "animation.ravager.stunned",
        "attack": "animation.minotaur.attack",
          "attack2": "animation.minotaur.attack2",
        "head": "controller.animation.ravager.head_movement",
        "biting": "animation.ravager.biting",
         "death": "animation.minotaur.death"
      },
      "scripts": {
        "animate": [
          "death"
        ]
      }
    }
  }
}