{
  "format_version": "1.10.0",
  "minecraft:client_entity": {
    "description": {
      "identifier": "dm2:minotaur",
      "textures": {
        "default": "textures/entity/aether/minotaur"
      },
      "materials": {
        "default": "iron_golem"
      },
      "geometry": {
        "default": "geometry.minotaur"
      },
      "render_controllers": [
        "controller.render.default"
      ],
      "spawn_egg": {
        "texture": "spawn_egg",
        "texture_index": 1
      },
      "animations": {
        "move": "animation.minotaur.move",
        "look_at_target": "animation.common.look_at_target",
        "stunned": "animation.ravager.stunned",
        "attack": "animation.minotaur.attack",
          "attack2": "animation.minotaur.attack2",
        "head": "controller.animation.ravager.head_movement",
        "biting": "animation.ravager.biting"
      },
      "scripts": {
        "animate": [
          { "move": "query.modified_move_speed" }, { "attack": "query.is_roaring && query.is_powered && !query.is_saddled" },
          { "attack2": "query.is_roaring && query.is_saddled && !query.is_powered" }
        ]
      }
    }
  }
}