{
  "format_version": "1.10.0",
  "minecraft:client_entity": {
    "description": {
      "identifier": "dm2:phyg",
      "materials": { "default": "pig" },
      "textures": {
        "default": "textures/entity/pig/pig",
        "saddled": "textures/entity/pig/pig_saddle",
        "wings": "textures/blocks/gold_block"
      },
      "geometry": {
        "default": "geometry.pig",
         "wings": "geometry.phyg_wings"
      },
      "animations": {
        "setup": "animation.pig.setup.v1.0",
        "walk": "animation.quadruped.walk",
        "look_at_target": "animation.common.look_at_target",
        "baby_transform": "animation.pig.baby_transform",
        "flying_cow_wings": "animation.flying_cow_wings.open"
      },
      "scripts": {
        "animate": [
          "setup",
          { "walk": "query.modified_move_speed" },
          "look_at_target",
          { "baby_transform": "query.is_baby" },
           { "flying_cow_wings": "!query.is_on_ground" }
        ]
      },
      "render_controllers": [ "controller.render.pig", "controller.render.flying_cow_wings" ],
      "spawn_egg": {
        "base_color": "#f2b7c5",
        "overlay_color": "#cdae2e"
      }
    }
  }
}
