{
  "format_version": "1.10.0",
  "minecraft:client_entity": {
    "description": {
      "identifier": "dm2:spawn_swet",
      "materials": {
        "default": "slime",
        "outer": "slime_outer"
      },
      "textures": {
        "default": "textures/entity/aether/swet_golden"
      },
      "geometry": {
        "default": "geometry.slime",
        "armor": "geometry.slime.armor"
      },
            "animations": {
        "walk": "animation.swet.move"
      },
            "scripts": {
        "animate": [
          { "walk": "query.modified_move_speed" }
        ]
      },
      "render_controllers": [
        "controller.render.slime",
        "controller.render.slime_armor"
      ],
      "spawn_egg": {
        "texture": "spawn_egg",
        "texture_index": 46
      }
    }
  }
}