{
  "format_version": "1.8.0",
  "animations": {
    "animation.aether_boots_effect": {
      "loop": true,
      "animation_length": 0.31,
      "timeline": {
	"0.01": [
	  "/effect @p speed 2 2 true"
	],
    "0.02": [
  ],
        "0.3": ""
      }
    },
        "animation.nether_chestplate_effect": {
      "loop": true,
      "animation_length": 0.31,
      "timeline": {
  "0.01": [
    "/effect @s fire_resistance 2 2 true"
  ],
    "0.02": [
  ],
        "0.3": ""
      }
    }
  }
}