
{
    "format_version": "1.16",
    "minecraft:recipe_shaped": {
        "description": {
            "identifier": "minecraft:noteblock_from_skyroot_planks"
        },
        "tags": [
            "crafting_table"
        ],
        "pattern": [
            "AAA",
            "ABA",
            "AAA"
        ],
        "key": {
            "A": {
                "item": "dm2:skyroot_planks"
            },
            "B": {
                "item": "redstone"
            }
        },
        "result": {
            "item": "noteblock",
            "count": 1
        },
        "priority": 2
    }
}