{
    "format_version": "1.16",
    "minecraft:recipe_shaped": {
        "description": {
            "identifier": "minecraft:smithing_table_from_skyroot_planks"
        },
        "tags": [
            "crafting_table"
        ],
        "pattern": [
            "AA",
            "BB",
            "BB"
        ],
        "key": {
            "A": {
                "item": "iron_ingot"
            },
            "B": {
                "item": "dm2:skyroot_planks"
            }
        },
        "result": {
            "item": "smithing_table",
            "count": 1
        },
        "priority": 2
    }
}