{
    "format_version": "1.16",
    "minecraft:recipe_shaped": {
        "description": {
            "identifier": "minecraft:grindstone_from_skyroot_planks_item"
        },
        "tags": [
            "crafting_table"
        ],
        "pattern": [
            "ABA",
            "C C"
        ],
        "key": {
            "A": {
                "item": "stick"
            },
            "B": {
                "item": "stone_slab"
            },
            "C": {
                "item": "dm2:skyroot_planks_item"
            }
        },
        "result": {
            "item": "grindstone",
            "count": 1
        },
        "priority": 2
    }
}