{
    "format_version": "1.16",
    "minecraft:recipe_shaped": {
        "description": {
            "identifier": "minecraft:wooden_hoe_from_skyroot_planks_item"
        },
        "tags": [
            "crafting_table"
        ],
        "pattern": [
            "AA ",
            " B ",
            " B "
        ],
        "key": {
            "A": {
                "item": "dm2:skyroot_planks_item"
            },
            "B": {
                "item": "stick"
            }
        },
        "result": {
            "item": "wooden_hoe",
            "count": 1
        },
        "priority": 2
    }
}