{
  "format_version": "1.12.0",
  "minecraft:block": {
    "description": {
      "identifier": "dm2:skyroot_slab_upper",
      "is_experimental": false,
      "register_to_creative_menu": true
    },
    "components": {
      "tag:wood":{},
      "minecraft:loot": "loot_tables/blocks/skyroot_slab_upper.json",
      "minecraft:breathability": "air",
      "minecraft:destroy_time": 2,
      "minecraft:friction": 0.6,
            "minecraft:material_instances": {
        "*": {
          "render_method": "alpha_test",
          "texture": "skyroot_planks"
        }
      },
      "minecraft:map_color": "#ced4d4",
      "minecraft:explosion_resistance": 2,
      "minecraft:block_light_absorption": 0.0,
      "minecraft:block_light_emission": 0.0,
      "minecraft:preventsjumping": false,
      "minecraft:unwalkable": false,
      "minecraft:immovable": false,
      "minecraft:onlypistonpush": false,
      "minecraft:breakonpush": false,
      "minecraft:flammable": {
        "flame_odds": 1,
        "burn_odds": 1
      },
  "minecraft:geometry": "geometry.slab_upper",
      "minecraft:pick_collision": {
        "origin": [
          -8,
          8,
          -8
        ],
        "size": [
          16,
          8,
          16
        ]
      },
      "minecraft:entity_collision": {
        "origin": [
          -8,
          8,
          -8
        ],
        "size": [
          16,
          8,
          16
        ]
      }
    }
  }
}