{
  "format_version": "1.12.0",
  "minecraft:block": {
    "description": {
      "identifier": "dm2:skyroot_crafting_table",
      "is_experimental": false,
      "register_to_creative_menu": true
    },
    "components": {
      "minecraft:crafting_table": {
         "grid_size": 3,
     "crafting_tags": [
     "crafting_table"
           ],
     "custom_description": "Crafting"
        },
      "tag:wood":{},
      "minecraft:loot": "loot_tables/blocks/skyroot_crafting_table.json",
      "minecraft:breathability": "solid",
      "minecraft:destroy_time": 2,
      "minecraft:friction": 0.6,
         "minecraft:unit_cube":{},
      "minecraft:map_color": "#ced4d4",
      "minecraft:explosion_resistance": 2,
      "minecraft:block_light_absorption": 0.0,
      "minecraft:block_light_emission": 0.0,
      "minecraft:preventsjumping": false,
      "minecraft:unwalkable": false,
      "minecraft:immovable": false,
      "minecraft:onlypistonpush": false,
      "minecraft:breakonpush": false,
      "minecraft:flammable": {
        "flame_odds": 1,
        "burn_odds": 1
      },
      "minecraft:pick_collision": {
        "origin": [
          -8,
          0,
          -8
        ],
        "size": [
          16,
          16,
          16
        ]
      },
      "minecraft:entity_collision": {
        "origin": [
          -8,
          0,
          -8
        ],
        "size": [
          16,
          16,
          16
        ]
      }
    }
  }
}