{
  "format_version": "1.12.0",
  "minecraft:block": {
    "description": {
      "identifier": "dm2:skyroot_sapling",
      "is_experimental": false,
      "register_to_creative_menu": true
    },
    "components": {
      "minecraft:material_instances": {
        "*": {
          "render_method": "alpha_test",
          "texture": "skyroot_sapling"
        }
      },
                  "minecraft:placement_filter": {
                "conditions": [
                    {
                        "allowed_faces": ["up"],
                        "block_filter": ["dm2:aether_grass", "dm2:aether_dirt"]
                    }
                ]
            },
               "minecraft:on_interact":{
            "event":"grow_tree",
            "condition":"query.get_equipped_item_name == 'bone_meal'"
         },
      "minecraft:loot": "loot_tables/blocks/skyroot_sapling.json",
      "minecraft:breathability": "air",
         "minecraft:destroy_time":0,
         "minecraft:explosion_resistance":0,
      "minecraft:friction": 0.6,
      "minecraft:map_color": "#547c84",
      "minecraft:block_light_absorption": 0.0,
      "minecraft:block_light_emission": 0,
      "minecraft:preventsjumping": false,
      "minecraft:unwalkable": false,
      "minecraft:immovable": false,
      "minecraft:onlypistonpush": false,
      "minecraft:breakonpush": false,
      "minecraft:flammable": {
        "flame_odds": 0.0,
        "burn_odds": 0.0
      },
  "minecraft:geometry": "geometry.aether_dragon_boss_summon",
      "minecraft:pick_collision": {
        "origin": [
          -8,
          0,
          -8
        ],
        "size": [
          16,
          16,
          16
        ]
      },
      "minecraft:entity_collision": {
        "origin": [
          -8,
          0,
          -8
        ],
        "size": [
          0,
          0,
          0
        ]
      }
    },
        "events": {
        "grow_tree": {
    "run_command": {
        "command": ["function skyroot_tree"]
    }
        }
    }
  }
}