{
  "format_version": "1.12.0",
  "minecraft:block": {
    "description": {
      "identifier": "dm2:skyroot_leaves",
      "is_experimental": false,
      "register_to_creative_menu": true
    },
    "components": {
            "minecraft:material_instances": {
        "*": {
          "render_method": "alpha_test",
          "texture": "skyroot_leaves"
        }
      },
      "minecraft:loot": "loot_tables/blocks/skyroot_leaves.json",
      "minecraft:breathability": "air",
      "minecraft:destroy_time": 0,
      "minecraft:friction": 0.6,
      "minecraft:map_color": "#547c84",
      "minecraft:explosion_resistance": 0.0,
      "minecraft:block_light_absorption": 0.0,
      "minecraft:block_light_emission": 0,
      "minecraft:preventsjumping": false,
      "minecraft:unwalkable": false,
      "minecraft:immovable": false,
      "minecraft:onlypistonpush": false,
      "minecraft:breakonpush": false,
      "minecraft:flammable": {
        "flame_odds": 0.0,
        "burn_odds": 0.0
      },
  "minecraft:unit_cube":{},
      "minecraft:pick_collision": {
        "origin": [
          -8,
          0,
          -8
        ],
        "size": [
          16,
          16,
          16
        ]
      },
      "minecraft:entity_collision": {
        "origin": [
          -8,
          0,
          -8
        ],
        "size": [
          16,
          16,
          16
        ]
      }
    },
        "events": {    }
  }
}