{
	"format_version": "1.10.0",
	"geometry.abelha": {
		"texturewidth": 16,
		"textureheight": 16,
		"visible_bounds_width": 2,
		"visible_bounds_height": 1,
		"visible_bounds_offset": [0, 0.5, 0],
		"bones": [
			{
				"name": "body",
				"pivot": [-1, 2, 3],
				"cubes": [
					{"origin": [-1.2, 0.7, -2], "size": [2.5, 2.5, 3.5], "uv": [0, 5]}
				]
			},
			{
				"name": "tail",
				"parent": "body",
				"pivot": [-1, 2, 4.5],
				"rotation": [-15, 0, 0],
				"cubes": [
					{"origin": [-1, 0.22354, 1.60222], "size": [2, 2, 3], "uv": [0, 0]},
					{"origin": [0, 0.22354, 2.60222], "size": [0, 1, 3], "uv": [0, 7]}
				]
			},
			{
				"name": "head",
				"parent": "body",
				"pivot": [0, 2, -1]
			},
			{
				"name": "head0",
				"parent": "head",
				"pivot": [-1, 2, 2],
				"rotation": [-10, 0, 0],
				"cubes": [
					{"origin": [-1, 0.47906, -3.45442], "size": [2, 2, 1.5], "uv": [0, 11]},
					{"origin": [-0.5, -0.52094, -3.45442], "size": [1, 1, 1], "uv": [7, 0]}
				]
			},
			{
				"name": "wing0",
				"parent": "body",
				"pivot": [0.5, 3.2, 0]
			},
			{
				"name": "w0",
				"parent": "wing0",
				"pivot": [-0.5, 3.2, 3],
				"rotation": [40, 60, 0],
				"cubes": [
					{"origin": [1.44238, 2.2, 2.36104], "size": [1.5, 1, 3], "uv": [7, 2]}
				]
			},
			{
				"name": "wing1",
				"parent": "body",
				"pivot": [-0.5, 3.2, 0]
			},
			{
				"name": "w1",
				"parent": "wing1",
				"pivot": [-1.5, 3.2, 3],
				"rotation": [40, -60, 0],
				"cubes": [
					{"origin": [-4.11053, 3.2, 0.8434], "size": [1.5, 1, 3], "uv": [7, 7]}
				]
			},
			{
				"name": "l0",
				"parent": "body",
				"pivot": [0.3, 1.3, 2.3],
				"rotation": [0, 10, 30],
				"cubes": [
					{"origin": [1.67381, 1.5, -0.80404], "size": [2, 0.5, 0.5], "uv": [0, 0]}
				]
			},
			{
				"name": "l1",
				"parent": "body",
				"pivot": [0.3, 1.3, 3.3],
				"rotation": [0, 0, 30],
				"cubes": [
					{"origin": [1.16603, 1.5, 0], "size": [2, 0.5, 0.5], "uv": [0, 0]}
				]
			},
			{
				"name": "l2",
				"parent": "body",
				"pivot": [0.3, 1.3, 4.3],
				"rotation": [0, -10, 30],
				"cubes": [
					{"origin": [0.63192, 1.5, 0.89519], "size": [2, 0.5, 0.5], "uv": [0, 0]}
				]
			},
			{
				"name": "l3",
				"parent": "body",
				"pivot": [-2.2, 1.3, 2.3],
				"rotation": [0, -10, -30],
				"cubes": [
					{"origin": [-3.86808, 0.5, -1.10481], "size": [2, 0.5, 0.5], "uv": [0, 0]}
				]
			},
			{
				"name": "l4",
				"parent": "body",
				"pivot": [-2.2, 1.3, 3.3],
				"rotation": [0, 0, -30],
				"cubes": [
					{"origin": [-3.33397, 0.5, 0], "size": [2, 0.5, 0.5], "uv": [0, 0]}
				]
			},
			{
				"name": "l5",
				"parent": "body",
				"pivot": [-2.2, 1.3, 4.3],
				"rotation": [0, 10, -30],
				"cubes": [
					{"origin": [-2.82619, 0.5, 1.19596], "size": [2, 0.5, 0.5], "uv": [0, 0]}
				]
			}
		]
	}
}