{
	"format_version": "1.10.0",
	"geometry.agua_viva": {
		"texturewidth": 128,
		"textureheight": 128,
		"visible_bounds_width": 1,
		"visible_bounds_height": 2,
		"visible_bounds_offset": [0, 1, 0],
		"bones": [
			{
				"name": "body",
				"pivot": [-1, 12, 0],
				"cubes": [
					{"origin": [-2, 18.5, -2], "size": [6, 3, 4], "uv": [0, 0]},
					{"origin": [-1, 19, -3], "size": [4, 2, 1], "uv": [14, 67]},
					{"origin": [-1, 19, 2], "size": [4, 2, 1], "uv": [16, 55]},
					{"origin": [-3, 19, -3], "size": [2, 1, 6], "uv": [20, 0]},
					{"origin": [3, 19, -3], "size": [2, 1, 6], "uv": [36, 0]},
					{"origin": [-2, 19, -4], "size": [6, 1, 1], "uv": [0, 55]},
					{"origin": [-2, 19, 3], "size": [6, 1, 1], "uv": [4, 40]}
				]
			},
			{
				"name": "body1",
				"parent": "body",
				"pivot": [-1, 12, 0],
				"rotation": [0, 0, 5],
				"cubes": [
					{"origin": [-3, 18, -3], "size": [0, 1, 6], "uv": [0, 24]}
				]
			},
			{
				"name": "body2",
				"parent": "body",
				"pivot": [-1, 12, 0],
				"rotation": [0, 0, -5],
				"cubes": [
					{"origin": [5, 17.5, -3], "size": [0, 1, 6], "uv": [10, 7]}
				]
			},
			{
				"name": "body3",
				"parent": "body",
				"pivot": [-1, 12, 0],
				"rotation": [5, 0, 0],
				"cubes": [
					{"origin": [-2, 17.7, 4], "size": [6, 1, 0], "uv": [16, 58]}
				]
			},
			{
				"name": "body4",
				"parent": "body",
				"pivot": [-1, 12, 0],
				"rotation": [-5, 0, 0],
				"cubes": [
					{"origin": [-2, 17.7, -4], "size": [6, 1, 0], "uv": [0, 67]}
				]
			},
			{
				"name": "body5",
				"parent": "body",
				"pivot": [-1, 9, 0],
				"cubes": [
					{"origin": [0, 7, -1], "size": [2, 12, 2], "uv": [0, 7]},
					{"origin": [1, 14, -1.4], "size": [1, 5, 0], "uv": [16, 78]},
					{"origin": [0, 12, -1.4], "size": [1, 5, 0], "uv": [2, 83]},
					{"origin": [-1, 9, -1.4], "size": [1, 3, 0], "uv": [16, 83]},
					{"origin": [-1, 13, -1.4], "size": [1, 3, 0], "uv": [0, 88]},
					{"origin": [-1, 13, -1.4], "size": [0, 4, 1], "uv": [8, 78]},
					{"origin": [0, 8, -1.4], "size": [1, 4, 0], "uv": [8, 83]},
					{"origin": [1, 9, -1.4], "size": [1, 4, 0], "uv": [6, 83]},
					{"origin": [2, 8, -1.4], "size": [1, 5, 0], "uv": [6, 78]},
					{"origin": [3, 8, -1.4], "size": [0, 3, 1], "uv": [12, 83]},
					{"origin": [2, 15, -1.4], "size": [1, 2, 0], "uv": [10, 88]},
					{"origin": [3, 14, -1.4], "size": [0, 2, 2], "uv": [0, 78]},
					{"origin": [3, 12, -0.4], "size": [0, 2, 1], "uv": [6, 88]},
					{"origin": [3, 15, 0.6], "size": [0, 4, 1], "uv": [10, 78]},
					{"origin": [3, 8, 0.6], "size": [0, 4, 1], "uv": [14, 78]},
					{"origin": [2, 10, 1.6], "size": [1, 4, 0], "uv": [4, 83]},
					{"origin": [0, 15, 1.6], "size": [1, 4, 0], "uv": [10, 83]},
					{"origin": [2, 15, 1.6], "size": [1, 2, 0], "uv": [8, 88]},
					{"origin": [-1, 13, 1.6], "size": [1, 3, 0], "uv": [14, 83]},
					{"origin": [0, 7, 1.6], "size": [1, 7, 0], "uv": [24, 67]},
					{"origin": [-1, 10, -0.4], "size": [0, 4, 1], "uv": [0, 83]},
					{"origin": [-1, 9, 0.6], "size": [0, 4, 1], "uv": [12, 78]},
					{"origin": [-1, 15, -0.4], "size": [0, 4, 2], "uv": [14, 70]},
					{"origin": [-1, 6, -1.4], "size": [0, 4, 1], "uv": [4, 78]},
					{"origin": [-1, 4, -0.4], "size": [0, 2, 1], "uv": [2, 88]},
					{"origin": [-1, 3, -1.4], "size": [0, 1, 1], "uv": [12, 88]},
					{"origin": [3, 6, -0.4], "size": [0, 2, 1], "uv": [4, 88]},
					{"origin": [3, 5, 0.6], "size": [0, 1, 1], "uv": [14, 88]}
				]
			},
			{
				"name": "leg1",
				"pivot": [0, 0, 0],
				"rotation": [0, 0, -5],
				"cubes": [
					{"origin": [5.4, 5, 1], "size": [0, 14, 1], "uv": [2, 40]}
				]
			},
			{
				"name": "leg2",
				"pivot": [0, 0, 0],
				"rotation": [0, 0, -5],
				"cubes": [
					{"origin": [5.4, 4, -2], "size": [0, 15, 1], "uv": [12, 24]}
				]
			},
			{
				"name": "leg3",
				"pivot": [0, 0, 0],
				"rotation": [0, 0, 5],
				"cubes": [
					{"origin": [-3.4, 5, 1], "size": [0, 14, 1], "uv": [0, 40]}
				]
			},
			{
				"name": "leg4",
				"pivot": [0, 0, 0],
				"rotation": [0, 0, 5],
				"cubes": [
					{"origin": [-3.4, 3, -2], "size": [0, 16, 1], "uv": [8, 7]}
				]
			},
			{
				"name": "leg5",
				"pivot": [0, 0, 0],
				"rotation": [-5, 0, 0],
				"cubes": [
					{"origin": [-0.4, 5, -4], "size": [1, 14, 0], "uv": [18, 40]}
				]
			},
			{
				"name": "leg6",
				"pivot": [0, 0, 0],
				"rotation": [-5, 0, 0],
				"cubes": [
					{"origin": [1.6, 7, -4], "size": [1, 12, 0], "uv": [14, 55]}
				]
			},
			{
				"name": "leg7",
				"pivot": [0, 0, 0],
				"rotation": [5, 0, 0],
				"cubes": [
					{"origin": [-0.4, 3, 4], "size": [1, 16, 0], "uv": [14, 24]}
				]
			},
			{
				"name": "leg8",
				"pivot": [0, 0, 0],
				"rotation": [5, 0, 0],
				"cubes": [
					{"origin": [1.6, 8, 4], "size": [1, 11, 0], "uv": [12, 67]}
				]
			}
		]
	}
}