{
	"format_version": "1.10.0",
	"geometry.alpaca": {
		"texturewidth": 64,
		"textureheight": 64,
		"visible_bounds_width": 2,
		"visible_bounds_height": 2,
		"visible_bounds_offset": [0, 1, 0],
		"bones": [
			{
				"name": "body",
				"pivot": [0, 0, 0],
				"cubes": [
					{"origin": [-4, 6, -7], "size": [7, 6, 13], "uv": [0, 0]}
				]
			},
			{
				"name": "head",
				"pivot": [-1, 0, 0],
				"cubes": [
					{"origin": [-2.5, 9, -8], "size": [4, 11, 4], "uv": [0, 19]}
				]
			},
			{
				"name": "head2",
				"parent": "head",
				"pivot": [-1, 0, 0],
				"cubes": [
					{"origin": [-2, 16, -10], "size": [3, 3, 2], "uv": [8, 34]}
				]
			},
			{
				"name": "head3",
				"parent": "head",
				"pivot": [-1, 0, 0],
				"rotation": [-50, 0, 0],
				"cubes": [
					{"origin": [1, 9, -18], "size": [1, 2, 1], "uv": [9, 0]}
				]
			},
			{
				"name": "head4",
				"parent": "head",
				"pivot": [-1, 0, 0],
				"rotation": [-50, 0, 0],
				"cubes": [
					{"origin": [-3, 9, -18], "size": [1, 2, 1], "uv": [9, 7]}
				]
			},
			{
				"name": "tail",
				"pivot": [0, 0, 0],
				"rotation": [-30, 0, 0],
				"cubes": [
					{"origin": [-2, 11, -1], "size": [3, 3, 3], "uv": [0, 7]}
				]
			},
			{
				"name": "leg0",
				"pivot": [0, 0, 0],
				"cubes": [
					{"origin": [1, 4, -6], "size": [3, 4, 3], "uv": [0, 0]},
					{"origin": [1, 0, -5], "size": [2, 4, 2], "uv": [30, 19]},
					{"origin": [1, 0, -6], "size": [2, 1, 1], "uv": [12, 19]}
				]
			},
			{
				"name": "leg1",
				"pivot": [-6, 0, 0],
				"cubes": [
					{"origin": [-4, 0, -5], "size": [2, 4, 2], "uv": [16, 28]},
					{"origin": [-5, 4, -6], "size": [3, 4, 3], "uv": [27, 0]},
					{"origin": [-4, 0, -6], "size": [2, 1, 1], "uv": [12, 21]}
				]
			},
			{
				"name": "leg2",
				"pivot": [-6, 0, 8],
				"cubes": [
					{"origin": [-4, 0, 3], "size": [2, 4, 2], "uv": [27, 7]},
					{"origin": [-5, 4, 1], "size": [3, 5, 4], "uv": [26, 26]},
					{"origin": [-4, 0, 2], "size": [2, 1, 1], "uv": [26, 19]}
				]
			},
			{
				"name": "leg3",
				"pivot": [0, 0, 8],
				"cubes": [
					{"origin": [1, 0, 3], "size": [2, 4, 2], "uv": [0, 34]},
					{"origin": [1, 4, 1], "size": [3, 5, 4], "uv": [16, 19]},
					{"origin": [1, 0, 2], "size": [2, 1, 1], "uv": [22, 28]}
				]
			}
		]
	}
}