{
	"format_version": "1.10.0",
	"geometry.antab": {
		"texturewidth": 128,
		"textureheight": 128,
		"visible_bounds_width": 4,
		"visible_bounds_height": 2,
		"visible_bounds_offset": [0, 1, 0],
		"bones": [
			{
				"name": "leg2",
				"pivot": [0, 0, 0],
				"cubes": [
					{"origin": [-7, 4, 6], "size": [5, 9, 5], "uv": [72, 45]},
					{"origin": [-6, 1, 8], "size": [3, 5, 3], "uv": [54, 82]},
					{"origin": [-7, 0, 5], "size": [5, 2, 6], "uv": [44, 73]}
				]
			},
			{
				"name": "leg1",
				"pivot": [0, 0, 0],
				"cubes": [
					{"origin": [-6, 4, -12], "size": [5, 6, 5], "uv": [20, 59]},
					{"origin": [-5, 1, -12], "size": [3, 5, 3], "uv": [42, 82]},
					{"origin": [-6, 0, -14], "size": [5, 2, 6], "uv": [22, 73]}
				]
			},
			{
				"name": "leg3",
				"pivot": [0, 0, 0],
				"cubes": [
					{"origin": [5, 4, 6], "size": [5, 9, 5], "uv": [0, 59]},
					{"origin": [6, 1, 8], "size": [3, 5, 3], "uv": [30, 82]},
					{"origin": [5, 0, 5], "size": [5, 2, 6], "uv": [0, 73]}
				]
			},
			{
				"name": "leg0",
				"pivot": [0, 0, 0],
				"cubes": [
					{"origin": [4, 4, -12], "size": [5, 6, 5], "uv": [40, 59]},
					{"origin": [5, 1, -12], "size": [3, 5, 3], "uv": [18, 82]},
					{"origin": [4, 0, -14], "size": [5, 2, 6], "uv": [66, 73]}
				]
			},
			{
				"name": "body",
				"pivot": [0, 0, 0],
				"cubes": [
					{"origin": [-4, 5, -13], "size": [11, 11, 11], "uv": [54, 0]},
					{"origin": [-5, 4, -2], "size": [13, 13, 14], "uv": [0, 0]},
					{"origin": [-3, 17, -1], "size": [10, 1, 12], "uv": [40, 27]},
					{"origin": [-3, 16, -13], "size": [9, 1, 12], "uv": [84, 27]},
					{"origin": [-3, 5, -15], "size": [9, 11, 2], "uv": [50, 45]},
					{"origin": [-3, 6, -16], "size": [9, 10, 1], "uv": [60, 59]}
				]
			},
			{
				"name": "head",
				"pivot": [0, 0, 5],
				"cubes": [
					{"origin": [-4, 7, -25], "size": [11, 9, 9], "uv": [0, 27]},
					{"origin": [4, 15, -20], "size": [3, 3, 1], "uv": [8, 90]},
					{"origin": [-4, 15, -20], "size": [3, 3, 1], "uv": [0, 90]}
				]
			},
			{
				"name": "nose0",
				"parent": "head",
				"pivot": [0, 0, 5],
				"rotation": [15, 0, 0],
				"cubes": [
					{"origin": [-2, 15, -25], "size": [7, 7, 6], "uv": [0, 45]}
				]
			},
			{
				"name": "nose1",
				"parent": "head",
				"pivot": [0, 0, 5],
				"rotation": [60, 0, 0],
				"cubes": [
					{"origin": [-1, 32, -8], "size": [5, 4, 7], "uv": [26, 45]}
				]
			},
			{
				"name": "tail",
				"pivot": [0, 0, 0],
				"cubes": [
					{"origin": [-3, 7, 12], "size": [9, 8, 1], "uv": [88, 73]},
					{"origin": [-2, 11, 12], "size": [7, 5, 2], "uv": [0, 82]},
					{"origin": [0, 9, 13], "size": [3, 6, 2], "uv": [66, 82]}
				]
			}
		]
	}
}