{
	"format_version": "1.10.0",
	"geometry.anti": {
		"texturewidth": 256,
		"textureheight": 256,
		"visible_bounds_width": 4,
		"visible_bounds_height": 3,
		"visible_bounds_offset": [0, 1.5, 0],
		"bones": [
			{
				"name": "leg0",
				"pivot": [0, 0, 0],
				"cubes": [
					{"origin": [3, 0, -6], "size": [4, 2, 4], "uv": [16, 142]},
					{"origin": [3.5, 2, -5.5], "size": [3, 6, 3], "uv": [38, 150]},
					{"origin": [3, 7, -7], "size": [4, 6, 5], "uv": [0, 119]},
					{"origin": [2, 12, -8.5], "size": [6, 11, 8], "uv": [0, 56]}
				]
			},
			{
				"name": "leg1",
				"pivot": [0, 0, 0],
				"cubes": [
					{"origin": [-6, 0, -6], "size": [4, 2, 4], "uv": [32, 142]},
					{"origin": [-5.5, 2, -5.5], "size": [3, 6, 3], "uv": [50, 150]},
					{"origin": [-6, 7, -7], "size": [4, 6, 5], "uv": [52, 92]},
					{"origin": [-7, 12, -8.5], "size": [6, 11, 8], "uv": [28, 56]}
				]
			},
			{
				"name": "leg3",
				"pivot": [-1, 2, 0],
				"cubes": [
					{"origin": [2, 0, 15], "size": [4, 2, 4], "uv": [82, 142]},
					{"origin": [2.5, 2, 15.5], "size": [3, 6, 3], "uv": [26, 150]}
				]
			},
			{
				"name": "leg3a",
				"parent": "leg3",
				"pivot": [-1, 2, 0],
				"rotation": [5, 0, 0],
				"cubes": [
					{"origin": [2, 6, 15.5], "size": [4, 7, 4], "uv": [18, 119]}
				]
			},
			{
				"name": "leg3b",
				"parent": "leg3",
				"pivot": [-1, 2, 0],
				"rotation": [10, 0, 0],
				"cubes": [
					{"origin": [1, 9, 14.5], "size": [6, 10, 7], "uv": [28, 75]}
				]
			},
			{
				"name": "leg2",
				"pivot": [-9, 2, 0],
				"cubes": [
					{"origin": [-5, 0, 15], "size": [4, 2, 4], "uv": [66, 142]},
					{"origin": [-4.5, 2, 15.5], "size": [3, 6, 3], "uv": [0, 150]}
				]
			},
			{
				"name": "leg2a",
				"parent": "leg2",
				"pivot": [-9, 2, 0],
				"rotation": [5, 0, 0],
				"cubes": [
					{"origin": [-5, 6, 15.5], "size": [4, 7, 4], "uv": [38, 119]}
				]
			},
			{
				"name": "leg4b",
				"parent": "leg2",
				"pivot": [-9, 2, 0],
				"rotation": [10, 0, 0],
				"cubes": [
					{"origin": [-6, 9, 14.5], "size": [6, 10, 7], "uv": [54, 75]}
				]
			},
			{
				"name": "body",
				"pivot": [0, 0, 0],
				"cubes": [
					{"origin": [-5, 13.2, -8], "size": [11, 12, 25], "uv": [0, 0]},
					{"origin": [-5, 15.2, -10], "size": [11, 10, 2], "uv": [0, 92]}
				]
			},
			{
				"name": "body2",
				"parent": "body",
				"pivot": [0, 0, 0],
				"rotation": [-6, 0, 0],
				"cubes": [
					{"origin": [-4.5, 15.7, 14], "size": [10, 11, 4], "uv": [0, 75]}
				]
			},
			{
				"name": "body3",
				"parent": "body",
				"pivot": [0, 0, 0],
				"rotation": [-31, 0, 0],
				"cubes": [
					{"origin": [-1.5, 27.7, 0.8], "size": [5, 4, 6], "uv": [26, 92]}
				]
			},
			{
				"name": "body4",
				"parent": "body",
				"pivot": [0, 0, 0],
				"rotation": [21, 0, 0],
				"cubes": [
					{"origin": [-2, 17, 19.5], "size": [6, 2, 6], "uv": [0, 104]}
				]
			},
			{
				"name": "body5",
				"parent": "body",
				"pivot": [0, 0, 0],
				"rotation": [5, 0, 0],
				"cubes": [
					{"origin": [-2, 15.2, -8], "size": [5, 9, 3], "uv": [0, 130]},
					{"origin": [-3, 15.2, -5], "size": [7, 11, 8], "uv": [72, 37]}
				]
			},
			{
				"name": "body6",
				"parent": "body",
				"pivot": [0, 0, 0],
				"rotation": [-10, 0, 0],
				"cubes": [
					{"origin": [-2.5, 23.6, -5], "size": [6, 2, 11], "uv": [56, 56]}
				]
			},
			{
				"name": "body7",
				"parent": "body",
				"pivot": [0, 0, 0],
				"rotation": [-15, 0, 0],
				"cubes": [
					{"origin": [-4, 13, -7], "size": [9, 4, 11], "uv": [0, 37]}
				]
			},
			{
				"name": "body8",
				"parent": "body",
				"pivot": [0, 0, 0],
				"rotation": [20, 0, 0],
				"cubes": [
					{"origin": [-3.5, 9, 10], "size": [8, 3, 8], "uv": [80, 75]}
				]
			},
			{
				"name": "head",
				"pivot": [0, 0, 0],
				"rotation": [-25, 0, 0],
				"cubes": [
					{"origin": [-2.5, 12, -27], "size": [6, 9, 13], "uv": [72, 0]}
				]
			},
			{
				"name": "head2",
				"parent": "head",
				"pivot": [0, 0, 0],
				"rotation": [-15, 0, 0],
				"cubes": [
					{"origin": [-1.5, 5, -27], "size": [4, 5, 12], "uv": [40, 37]}
				]
			},
			{
				"name": "head3",
				"parent": "head",
				"pivot": [0, 0, 0],
				"rotation": [-25, 0, 0],
				"cubes": [
					{"origin": [-3, -5, -34], "size": [7, 13, 6], "uv": [90, 56]}
				]
			},
			{
				"name": "head4",
				"parent": "head",
				"pivot": [0, 0, 0],
				"rotation": [-35, 0, 0],
				"cubes": [
					{"origin": [-2, -8.5, -28], "size": [5, 7, 3], "uv": [38, 130]}
				]
			},
			{
				"name": "head5",
				"parent": "head",
				"pivot": [0, 0, 0],
				"rotation": [-50, 0, 0],
				"cubes": [
					{"origin": [-1.5, -19, -28], "size": [4, 4, 3], "uv": [12, 150]}
				]
			},
			{
				"name": "head6",
				"parent": "head",
				"pivot": [0, 0, 0],
				"rotation": [-40, 0, 0],
				"cubes": [
					{"origin": [-1, -13.5, -27], "size": [3, 4, 2], "uv": [8, 159]}
				]
			},
			{
				"name": "head7",
				"parent": "head",
				"pivot": [1, 0, 0],
				"rotation": [-30, 0, -5],
				"cubes": [
					{"origin": [-1.8, 4.5, -18], "size": [3, 4, 3], "uv": [62, 150]}
				]
			},
			{
				"name": "head9",
				"parent": "head7",
				"pivot": [1, 0, 0],
				"rotation": [10, 0, 0],
				"cubes": [
					{"origin": [-0.3, 10.5, -32.9], "size": [1, 22, 1], "uv": [34, 119]}
				]
			},
			{
				"name": "head10",
				"parent": "head",
				"pivot": [0, 0, 0],
				"rotation": [-30, 0, 5],
				"cubes": [
					{"origin": [-0.2, 4.5, -18], "size": [3, 4, 3], "uv": [74, 150]}
				]
			},
			{
				"name": "head12",
				"parent": "head10",
				"pivot": [0, 0, 0],
				"rotation": [10, 0, 0],
				"cubes": [
					{"origin": [0.3, 6.5, -32.9], "size": [1, 26, 1], "uv": [48, 92]}
				]
			},
			{
				"name": "head13",
				"parent": "head",
				"pivot": [0, 0, 0],
				"rotation": [-20, 10, -20],
				"cubes": [
					{"origin": [14, 8, -30], "size": [6, 1, 3], "uv": [98, 142]}
				]
			},
			{
				"name": "head14",
				"parent": "head",
				"pivot": [0, 0, 0],
				"rotation": [-20, -10, 20],
				"cubes": [
					{"origin": [-19, 8, -30], "size": [6, 1, 3], "uv": [48, 142]}
				]
			},
			{
				"name": "tail",
				"pivot": [0, 0, 0],
				"rotation": [-70, 0, 0],
				"cubes": [
					{"origin": [-0.5, 25.5, -15], "size": [3, 3, 5], "uv": [0, 142]}
				]
			},
			{
				"name": "tail2",
				"parent": "tail",
				"pivot": [0, 0, 0],
				"rotation": [-85, 0, 0],
				"cubes": [
					{"origin": [0, -8.5, -28.5], "size": [2, 6, 2], "uv": [0, 159]}
				]
			},
			{
				"name": "tail3",
				"parent": "tail",
				"pivot": [0, 0, 0],
				"rotation": [-85, 0, 0],
				"cubes": [
					{"origin": [-0.5, -2.5, -29.1], "size": [3, 3, 3], "uv": [86, 150]},
					{"origin": [2.5, 0.5, -29.1], "size": [0, 1, 2], "uv": [18, 159]},
					{"origin": [-0.5, 0.5, -29.1], "size": [0, 1, 2], "uv": [18, 162]},
					{"origin": [-0.5, 0.5, -29.1], "size": [3, 1, 0], "uv": [18, 165]},
					{"origin": [0, 1.5, -29.1], "size": [2, 1, 0], "uv": [18, 166]}
				]
			}
		]
	}
}