{
	"format_version": "1.10.0",
	"geometry.aquatitan": {
		"texturewidth": 256,
		"textureheight": 256,
		"visible_bounds_width": 14,
		"visible_bounds_height": 2,
		"visible_bounds_offset": [0, 1, 0],
		"bones": [
			{
				"name": "body0",
				"pivot": [4, 0, -51]
			},
			{
				"name": "tail",
				"parent": "body0",
				"pivot": [-1, 12, 34.9],
				"cubes": [
					{"origin": [-10.94, 1.66, 33.66], "size": [19.92, 19.92, 23.24], "uv": [0, 77]}
				]
			},
			{
				"name": "tail2",
				"parent": "tail",
				"pivot": [-2, 12, 57],
				"cubes": [
					{"origin": [-9.28, 3.32, 56.9], "size": [16.6, 14.94, 18.26], "uv": [84, 84]}
				]
			},
			{
				"name": "tail3",
				"parent": "tail2",
				"pivot": [-1, 12, 76],
				"cubes": [
					{"origin": [-7.62, 4.98, 75.16], "size": [13.28, 11.62, 19.92], "uv": [99, 0]}
				]
			},
			{
				"name": "tail4",
				"parent": "tail3",
				"pivot": [-2, 12, 95],
				"cubes": [
					{"origin": [-5.96, 6.64, 95.08], "size": [9.96, 8.3, 9.96], "uv": [61, 77]}
				]
			},
			{
				"name": "tail5",
				"parent": "tail4",
				"pivot": [-2, 12, 105],
				"cubes": [
					{"origin": [-2.64, -1.66, 105.04], "size": [3.32, 26.56, 8.3], "uv": [46, 119]}
				]
			},
			{
				"name": "body",
				"parent": "body0",
				"pivot": [4, 0, -74.1],
				"cubes": [
					{"origin": [-12.6, 0, -19.46], "size": [23.24, 24.9, 53.12], "uv": [0, 0]},
					{"origin": [-4.3, 24.9, -4.52], "size": [6.64, 1.66, 18.26], "uv": [0, 23]},
					{"origin": [-2.64, 26.56, -2.86], "size": [3.32, 1.66, 14.94], "uv": [134, 77]}
				]
			},
			{
				"name": "fin",
				"parent": "body",
				"pivot": [11.11, 6.64, -6.1],
				"cubes": [
					{"origin": [10.64, 4.98, -9.5], "size": [14.94, 3.32, 9.96], "uv": [133, 133]}
				]
			},
			{
				"name": "fin2",
				"parent": "body",
				"pivot": [-12.18, 6.64, -6.1],
				"cubes": [
					{"origin": [-27.54, 4.98, -9.5], "size": [14.94, 3.32, 9.96], "uv": [0, 131]}
				]
			},
			{
				"name": "fin3",
				"parent": "body",
				"pivot": [-12.18, 6.64, 25.36],
				"cubes": [
					{"origin": [-27.54, 4.98, 20.38], "size": [14.94, 3.32, 9.96], "uv": [131, 30]}
				]
			},
			{
				"name": "fin4",
				"parent": "body",
				"pivot": [11.11, 6.64, 25.36],
				"cubes": [
					{"origin": [10.64, 4.98, 20.38], "size": [14.94, 3.32, 9.96], "uv": [0, 119]}
				]
			},
			{
				"name": "neck",
				"parent": "body0",
				"pivot": [4, 0, -74.1],
				"cubes": [
					{"origin": [-10.94, 1.66, -31.08], "size": [19.92, 19.92, 11.62], "uv": [73, 116]}
				]
			},
			{
				"name": "head",
				"parent": "body0",
				"pivot": [0, 8.3, -30.1]
			},
			{
				"name": "jaw",
				"parent": "head",
				"pivot": [-2, 7.64, -41.1],
				"cubes": [
					{"origin": [-4.3, 6.64, -54.32], "size": [6.64, 1.66, 13.28], "uv": [133, 116]}
				]
			},
			{
				"name": "headbase",
				"parent": "head",
				"pivot": [4, 8.3, -74.1],
				"cubes": [
					{"origin": [-5.96, 8.3, -55.98], "size": [9.96, 6.64, 14.94], "uv": [99, 30]},
					{"origin": [-9.28, 3.32, -41.04], "size": [16.6, 14.94, 9.96], "uv": [0, 0]}
				]
			}
		]
	}
}