{
	"format_version": "1.10.0",
	"geometry.arraia": {
		"texturewidth": 128,
		"textureheight": 128,
		"visible_bounds_width": 4,
		"visible_bounds_height": 1,
		"visible_bounds_offset": [0, 0.5, 0],
		"bones": [
			{
				"name": "body",
				"pivot": [0, 0, 0],
				"cubes": [
					{"origin": [-4, 1, -7], "size": [8, 2, 9], "uv": [36, 0]},
					{"origin": [-4.5, 0.5, -6.5], "size": [9, 2, 9], "uv": [0, 0]},
					{"origin": [-3.5, 0.5, 2.5], "size": [7, 2, 3], "uv": [18, 32]},
					{"origin": [-3.5, 0.5, 5.5], "size": [7, 2, 2], "uv": [0, 40]},
					{"origin": [-3, 0.5, 7.5], "size": [6, 2, 3], "uv": [58, 32]},
					{"origin": [-2.5, 0.5, 10.5], "size": [5, 2, 2], "uv": [42, 46]},
					{"origin": [-3.5, 2, 2], "size": [7, 1, 3], "uv": [38, 32]},
					{"origin": [-2.5, 2, 5], "size": [5, 1, 3], "uv": [68, 40]},
					{"origin": [-1.5, 2, 8], "size": [3, 1, 4], "uv": [0, 46]}
				]
			},
			{
				"name": "body2",
				"parent": "body",
				"pivot": [0, 0, 0],
				"cubes": [
					{"origin": [-8.5, 0.5, -4.5], "size": [4, 2, 7], "uv": [24, 11]},
					{"origin": [-8.5, 0.5, 2.5], "size": [5, 2, 2], "uv": [14, 46]},
					{"origin": [-10.5, 1, -4], "size": [2, 1, 8], "uv": [0, 23]},
					{"origin": [-12.5, 1, -3.5], "size": [2, 1, 7], "uv": [58, 23]},
					{"origin": [-15.5, 1, -3], "size": [3, 1, 5], "uv": [34, 40]},
					{"origin": [-18.5, 1, -2], "size": [3, 1, 3], "uv": [12, 51]}
				]
			},
			{
				"name": "body3",
				"parent": "body",
				"pivot": [0, 0, 0],
				"cubes": [
					{"origin": [3.5, 0.5, -4.5], "size": [4, 2, 7], "uv": [46, 11]},
					{"origin": [2.5, 0.5, 2.5], "size": [5, 2, 2], "uv": [28, 46]},
					{"origin": [7.5, 1, -4], "size": [2, 1, 8], "uv": [20, 23]},
					{"origin": [9.5, 1, -3.5], "size": [2, 1, 7], "uv": [0, 32]},
					{"origin": [11.5, 1, -3], "size": [3, 1, 5], "uv": [18, 40]},
					{"origin": [14.5, 1, -2], "size": [3, 1, 3], "uv": [68, 46]}
				]
			},
			{
				"name": "body4",
				"parent": "body",
				"pivot": [0, 0, 0],
				"cubes": [
					{"origin": [-7, 1, 4], "size": [4, 1, 2], "uv": [58, 51]},
					{"origin": [-6, 1, 6], "size": [3, 1, 2], "uv": [10, 58]},
					{"origin": [-5, 1, 8], "size": [3, 1, 3], "uv": [0, 51]},
					{"origin": [-4, 1, 11], "size": [2, 1, 1], "uv": [38, 56]}
				]
			},
			{
				"name": "body5",
				"parent": "body",
				"pivot": [0, 0, 0],
				"cubes": [
					{"origin": [3, 1, 4], "size": [4, 1, 2], "uv": [46, 51]},
					{"origin": [3, 1, 6], "size": [3, 1, 2], "uv": [22, 56]},
					{"origin": [2, 1, 8], "size": [3, 1, 3], "uv": [56, 46]},
					{"origin": [2, 1, 11], "size": [2, 1, 1], "uv": [32, 59]}
				]
			},
			{
				"name": "body6",
				"parent": "body",
				"pivot": [0, 0, 0],
				"rotation": [0.5, 0, 0],
				"cubes": [
					{"origin": [-2.5, 0.5, 12.3], "size": [5, 2, 1], "uv": [24, 51]},
					{"origin": [-3.5, 1.5, 13], "size": [7, 1, 2], "uv": [50, 40]},
					{"origin": [-2.5, 1.5, 15], "size": [5, 1, 1], "uv": [10, 56]}
				]
			},
			{
				"name": "body7",
				"parent": "body",
				"pivot": [0, 0, 0],
				"rotation": [10.5, 0, 0],
				"cubes": [
					{"origin": [-3.5, 3, -10], "size": [1, 1, 4], "uv": [36, 51]}
				]
			},
			{
				"name": "body8",
				"parent": "body",
				"pivot": [0, 0, 0],
				"rotation": [10.5, 0, 0],
				"cubes": [
					{"origin": [2.5, 3, -10], "size": [1, 1, 4], "uv": [0, 56]}
				]
			},
			{
				"name": "tail",
				"pivot": [0, 0, 0],
				"rotation": [2, 0, 0],
				"cubes": [
					{"origin": [-0.5, 1.5, 12], "size": [1, 1, 8], "uv": [40, 23]}
				]
			},
			{
				"name": "tail2",
				"parent": "tail",
				"pivot": [0, 0, 0],
				"rotation": [-2, 0, 0],
				"cubes": [
					{"origin": [-0.5, 2.2, 19.6], "size": [1, 1, 11], "uv": [0, 11]}
				]
			},
			{
				"name": "tail3",
				"parent": "tail",
				"pivot": [0, 0, 0],
				"rotation": [8, 0, 0],
				"cubes": [
					{"origin": [-0.5, 0.2, 10.6], "size": [1, 1, 2], "uv": [32, 56]}
				]
			}
		]
	}
}