{
	"format_version": "1.10.0",
	"geometry.avestruz": {
		"texturewidth": 128,
		"textureheight": 128,
		"visible_bounds_width": 3,
		"visible_bounds_height": 3,
		"visible_bounds_offset": [0, 1.5, 0],
		"bones": [
			{
				"name": "body",
				"pivot": [0, 0, 0],
				"cubes": [
					{"origin": [-6, 14, -10], "size": [11, 10, 19], "uv": [0, 0]}
				]
			},
			{
				"name": "body1",
				"parent": "body",
				"pivot": [0, 0, 0],
				"rotation": [15, 0, 0],
				"cubes": [
					{"origin": [-5, 17, -6], "size": [9, 8, 3], "uv": [48, 49]}
				]
			},
			{
				"name": "tail",
				"pivot": [0, 0, 0],
				"rotation": [-10, 0, 0],
				"cubes": [
					{"origin": [-5, 16, 4], "size": [9, 9, 7], "uv": [60, 0]}
				]
			},
			{
				"name": "tail1",
				"parent": "tail",
				"pivot": [0, 0, 0],
				"rotation": [10, 0, 0],
				"cubes": [
					{"origin": [-4, 12, 12], "size": [7, 8, 4], "uv": [0, 66]}
				]
			},
			{
				"name": "wing0",
				"pivot": [0, 0, 0],
				"cubes": [
					{"origin": [4, 12, -6], "size": [3, 8, 9], "uv": [56, 29]},
					{"origin": [4, 11, -5], "size": [2, 8, 12], "uv": [0, 29]}
				]
			},
			{
				"name": "wing1",
				"pivot": [0, 0, 0],
				"cubes": [
					{"origin": [-8, 12, -6], "size": [3, 8, 9], "uv": [0, 49]},
					{"origin": [-7, 11, -5], "size": [2, 8, 12], "uv": [28, 29]}
				]
			},
			{
				"name": "head",
				"pivot": [0, 0, 0],
				"cubes": [
					{"origin": [-3, 20, -13], "size": [5, 6, 4], "uv": [34, 66]}
				]
			},
			{
				"name": "head1",
				"parent": "head",
				"pivot": [0, 0, 0],
				"rotation": [5, 0, 0],
				"cubes": [
					{"origin": [-2, 25, -11], "size": [3, 14, 3], "uv": [22, 66]}
				]
			},
			{
				"name": "head2",
				"parent": "head",
				"pivot": [0, 0, 0],
				"cubes": [
					{"origin": [-3, 37, -18], "size": [5, 4, 7], "uv": [24, 49]},
					{"origin": [-2, 37, -22], "size": [3, 1, 6], "uv": [34, 76]}
				]
			},
			{
				"name": "leg0",
				"pivot": [0, 0, 0],
				"cubes": [
					{"origin": [-5, 10, -1], "size": [4, 4, 4], "uv": [0, 83]}
				]
			},
			{
				"name": "leg0a",
				"parent": "leg0",
				"pivot": [0, 0, 0],
				"cubes": [
					{"origin": [-4, 0, 0], "size": [2, 11, 2], "uv": [32, 83]}
				]
			},
			{
				"name": "leg0b",
				"parent": "leg0",
				"pivot": [0, 0, 0],
				"cubes": [
					{"origin": [-4, 0, -2], "size": [2, 1, 3], "uv": [48, 83]}
				]
			},
			{
				"name": "leg1",
				"pivot": [0, 0, 0],
				"cubes": [
					{"origin": [0, 10, -1], "size": [4, 4, 4], "uv": [16, 83]}
				]
			},
			{
				"name": "leg1a",
				"parent": "leg1",
				"pivot": [0, 0, 0],
				"cubes": [
					{"origin": [1, 0, 0], "size": [2, 11, 2], "uv": [40, 83]}
				]
			},
			{
				"name": "leg1b",
				"parent": "leg1",
				"pivot": [0, 0, 0],
				"cubes": [
					{"origin": [1, 0, -2], "size": [2, 1, 3], "uv": [0, 96]}
				]
			}
		]
	}
}