{
	"format_version": "1.10.0",
	"geometry.axolote": {
		"texturewidth": 128,
		"textureheight": 128,
		"visible_bounds_width": 3,
		"visible_bounds_height": 1,
		"visible_bounds_offset": [0, 0.5, 0],
		"bones": [
			{
				"name": "leg1",
				"pivot": [0, 0, 0],
				"rotation": [0, 5, -30],
				"cubes": [
					{"origin": [-3.5, 3, 5], "size": [4, 1, 1], "uv": [8, 60]}
				]
			},
			{
				"name": "leg1a",
				"parent": "leg1",
				"pivot": [0, 0, 0],
				"rotation": [-3, 5, 30],
				"cubes": [
					{"origin": [-6, 0, 4], "size": [2, 2, 2], "uv": [0, 60]}
				]
			},
			{
				"name": "leg1b",
				"parent": "leg1",
				"pivot": [0, 0, 0],
				"rotation": [-3, 20, 30],
				"cubes": [
					{"origin": [-7.5, -0.15, 1], "size": [1, 1, 2], "uv": [24, 64]}
				]
			},
			{
				"name": "leg1c",
				"parent": "leg1",
				"pivot": [0, 0, 0],
				"rotation": [-3, -15, 30],
				"cubes": [
					{"origin": [-2.7, 0, 4], "size": [1, 1, 2], "uv": [30, 64]}
				]
			},
			{
				"name": "leg1d",
				"parent": "leg1",
				"pivot": [0, 0, 0],
				"rotation": [2, 5, 30],
				"cubes": [
					{"origin": [-5.5, -0.4, 2.4], "size": [1, 1, 2], "uv": [0, 67]}
				]
			},
			{
				"name": "leg2",
				"pivot": [1, 0, 0],
				"rotation": [0, -5, 30],
				"cubes": [
					{"origin": [0.5, 3, 5], "size": [4, 1, 1], "uv": [28, 57]}
				]
			},
			{
				"name": "leg2a",
				"parent": "leg2",
				"pivot": [1, 0, 0],
				"rotation": [-3, -5, -30],
				"cubes": [
					{"origin": [5, 0, 4], "size": [2, 2, 2], "uv": [28, 53]}
				]
			},
			{
				"name": "leg2b",
				"parent": "leg2",
				"pivot": [1, 0, 0],
				"rotation": [-3, -20, -30],
				"cubes": [
					{"origin": [7.5, -0.15, 1], "size": [1, 1, 2], "uv": [12, 64]}
				]
			},
			{
				"name": "leg2c",
				"parent": "leg2",
				"pivot": [1, 0, 0],
				"rotation": [-3, 15, -30],
				"cubes": [
					{"origin": [2.7, 0, 4], "size": [1, 1, 2], "uv": [0, 64]}
				]
			},
			{
				"name": "leg2d",
				"parent": "leg2",
				"pivot": [1, 0, 0],
				"rotation": [2, -5, -30],
				"cubes": [
					{"origin": [5.5, -0.4, 2.4], "size": [1, 1, 2], "uv": [6, 64]}
				]
			},
			{
				"name": "leg3",
				"pivot": [-1, 0, -9],
				"rotation": [0, 5, -30],
				"cubes": [
					{"origin": [-4.5, 3, -4], "size": [5, 1, 1], "uv": [8, 47]},
					{"origin": [-2.5, 2.7, -4.5], "size": [3, 2, 2], "uv": [20, 47]}
				]
			},
			{
				"name": "leg3a",
				"parent": "leg3",
				"pivot": [-1, 0, -9],
				"rotation": [-3, 5, 30],
				"cubes": [
					{"origin": [-7, 0, -5], "size": [2, 2, 2], "uv": [20, 53]}
				]
			},
			{
				"name": "leg3b",
				"parent": "leg3",
				"pivot": [-1, 0, -9],
				"rotation": [-3, 20, 30],
				"cubes": [
					{"origin": [-8.5, -0.15, -8], "size": [1, 1, 2], "uv": [18, 64]}
				]
			},
			{
				"name": "leg3c",
				"parent": "leg3",
				"pivot": [-1, 0, -9],
				"rotation": [-3, -15, 30],
				"cubes": [
					{"origin": [-3.7, 0, -5], "size": [1, 1, 2], "uv": [36, 64]}
				]
			},
			{
				"name": "leg3d",
				"parent": "leg3",
				"pivot": [-1, 0, -9],
				"rotation": [2, 5, 30],
				"cubes": [
					{"origin": [-6.5, -0.4, -6.6], "size": [1, 1, 2], "uv": [42, 64]}
				]
			},
			{
				"name": "leg4",
				"pivot": [2, 0, -9],
				"rotation": [0, -5, 30],
				"cubes": [
					{"origin": [0.5, 3, -4], "size": [5, 1, 1], "uv": [20, 51]},
					{"origin": [0.5, 2.7, -4.5], "size": [3, 2, 2], "uv": [8, 49]}
				]
			},
			{
				"name": "leg4a",
				"parent": "leg4",
				"pivot": [2, 0, -9],
				"rotation": [-3, -5, -30],
				"cubes": [
					{"origin": [6, 0, -5], "size": [2, 2, 2], "uv": [12, 53]}
				]
			},
			{
				"name": "leg4b",
				"parent": "leg4",
				"pivot": [2, 0, -9],
				"rotation": [-3, -20, -30],
				"cubes": [
					{"origin": [8.5, -0.15, -8], "size": [1, 1, 2], "uv": [12, 67]}
				]
			},
			{
				"name": "leg4c",
				"parent": "leg4",
				"pivot": [2, 0, -9],
				"rotation": [-3, 15, -30],
				"cubes": [
					{"origin": [3.7, 0, -5], "size": [1, 1, 2], "uv": [34, 60]}
				]
			},
			{
				"name": "leg4d",
				"parent": "leg4",
				"pivot": [2, 0, -9],
				"rotation": [2, -5, -30],
				"cubes": [
					{"origin": [6.5, -0.4, -6.6], "size": [1, 1, 2], "uv": [6, 67]}
				]
			},
			{
				"name": "body",
				"pivot": [0, -1, 0],
				"cubes": [
					{"origin": [-3, 1, -7], "size": [7, 5, 7], "uv": [0, 0]},
					{"origin": [0.5, 5.5, -6], "size": [0, 1, 6], "uv": [36, 31]}
				]
			},
			{
				"name": "body2",
				"parent": "body",
				"pivot": [0, -1, 0],
				"rotation": [-2, 0, 0],
				"cubes": [
					{"origin": [-2.5, 1.5, -1], "size": [6, 4, 8], "uv": [28, 0]},
					{"origin": [0.5, 5.5, -1], "size": [0, 1, 8], "uv": [0, 22]}
				]
			},
			{
				"name": "head",
				"pivot": [0, 0, 0],
				"cubes": [
					{"origin": [-2, 1, -11.4], "size": [5, 5, 4], "uv": [0, 12]},
					{"origin": [-2, 1, -7.4], "size": [5, 5, 1], "uv": [0, 40]},
					{"origin": [2.7, 1, -9], "size": [1, 5, 2], "uv": [0, 53]},
					{"origin": [-2.6, 1, -9], "size": [1, 5, 2], "uv": [6, 53]}
				]
			},
			{
				"name": "head2",
				"parent": "head",
				"pivot": [0, 0, 0],
				"rotation": [0, 20, 0],
				"cubes": [
					{"origin": [4.7, 1.5, -9.5], "size": [2, 4, 3], "uv": [32, 40]}
				]
			},
			{
				"name": "head3",
				"parent": "head",
				"pivot": [0, 0, 0],
				"rotation": [0, -20, 0],
				"cubes": [
					{"origin": [-5.7, 1.5, -9.9], "size": [2, 4, 3], "uv": [22, 40]}
				]
			},
			{
				"name": "head4",
				"parent": "head",
				"pivot": [0, 0, 0],
				"rotation": [0, 0, 5],
				"cubes": [
					{"origin": [-2, 5.5, -8], "size": [1, 3, 1], "uv": [22, 67]}
				]
			},
			{
				"name": "head5",
				"parent": "head4",
				"pivot": [0, 0, 0],
				"rotation": [0, 0, 30],
				"cubes": [
					{"origin": [-7.5, 2.5, -8], "size": [3, 1, 1], "uv": [18, 60]}
				]
			},
			{
				"name": "head6",
				"parent": "head4",
				"pivot": [0, 0, 0],
				"cubes": [
					{"origin": [-4.5, 2.5, -8], "size": [3, 1, 1], "uv": [18, 62]}
				]
			},
			{
				"name": "head7",
				"parent": "head4",
				"pivot": [0, 0, 0],
				"cubes": [
					{"origin": [-3, 7, -7], "size": [2, 2, 0], "uv": [34, 67]},
					{"origin": [-3, 4.5, -7], "size": [1, 2, 0], "uv": [8, 71]},
					{"origin": [-4, 6.5, -7], "size": [1, 1, 0], "uv": [24, 72]},
					{"origin": [-6, 5.5, -7], "size": [2, 3, 0], "uv": [26, 67]},
					{"origin": [-7, 8.5, -7], "size": [1, 1, 0], "uv": [24, 71]},
					{"origin": [-8, 6.5, -7], "size": [2, 1, 0], "uv": [0, 72]},
					{"origin": [-6, 4.5, -7], "size": [1, 1, 0], "uv": [22, 71]},
					{"origin": [-7, 3.5, -7], "size": [1, 1, 0], "uv": [20, 72]},
					{"origin": [-4, 3.5, -7], "size": [1, 2, 0], "uv": [10, 71]},
					{"origin": [-5, 3.5, -7], "size": [1, 1, 0], "uv": [20, 71]},
					{"origin": [-6, 2.5, -7], "size": [2, 1, 0], "uv": [0, 71]}
				]
			},
			{
				"name": "head8",
				"parent": "head",
				"pivot": [1, 0, 0],
				"rotation": [0, 0, -5],
				"cubes": [
					{"origin": [2, 5.5, -8], "size": [1, 3, 1], "uv": [18, 67]}
				]
			},
			{
				"name": "head9",
				"parent": "head8",
				"pivot": [1, 0, 0],
				"rotation": [0, 0, -30],
				"cubes": [
					{"origin": [5.5, 2.5, -8], "size": [3, 1, 1], "uv": [8, 62]}
				]
			},
			{
				"name": "head10",
				"parent": "head8",
				"pivot": [1, 0, 0],
				"cubes": [
					{"origin": [2.5, 2.5, -8], "size": [3, 1, 1], "uv": [26, 60]}
				]
			},
			{
				"name": "head11",
				"parent": "head8",
				"pivot": [1, 0, 0],
				"cubes": [
					{"origin": [2, 7, -7], "size": [2, 2, 0], "uv": [34, 69]},
					{"origin": [3, 4.5, -7], "size": [1, 2, 0], "uv": [14, 71]},
					{"origin": [4, 6.5, -7], "size": [1, 1, 0], "uv": [18, 72]},
					{"origin": [5, 5.5, -7], "size": [2, 3, 0], "uv": [30, 67]},
					{"origin": [7, 8.5, -7], "size": [1, 1, 0], "uv": [16, 71]},
					{"origin": [7, 6.5, -7], "size": [2, 1, 0], "uv": [4, 71]},
					{"origin": [6, 4.5, -7], "size": [1, 1, 0], "uv": [16, 72]},
					{"origin": [7, 3.5, -7], "size": [1, 1, 0], "uv": [18, 71]},
					{"origin": [4, 3.5, -7], "size": [1, 2, 0], "uv": [12, 71]},
					{"origin": [5, 3.5, -7], "size": [1, 1, 0], "uv": [22, 72]},
					{"origin": [5, 2.5, -7], "size": [2, 1, 0], "uv": [4, 72]}
				]
			},
			{
				"name": "tail",
				"pivot": [0, 0, 0],
				"cubes": [
					{"origin": [-1.5, 1, 7], "size": [4, 4, 5], "uv": [18, 12]}
				]
			},
			{
				"name": "tail2",
				"parent": "tail",
				"pivot": [0, 0, 0],
				"rotation": [3, 0, 0],
				"cubes": [
					{"origin": [-1, 1, 11], "size": [3, 3, 5], "uv": [16, 22]}
				]
			},
			{
				"name": "tail3",
				"parent": "tail",
				"pivot": [0, 0, 0],
				"rotation": [4, 0, 0],
				"cubes": [
					{"origin": [-0.5, 1.2, 15], "size": [2, 2, 6], "uv": [32, 22]}
				]
			},
			{
				"name": "tail4",
				"parent": "tail",
				"pivot": [0, 0, 0],
				"rotation": [9, 0, 0],
				"cubes": [
					{"origin": [0, 0, 19], "size": [1, 1, 6], "uv": [0, 31]}
				]
			},
			{
				"name": "tail5",
				"parent": "tail",
				"pivot": [0, 0, 0],
				"cubes": [
					{"origin": [0.5, 4, 7], "size": [0, 2, 5], "uv": [12, 40]},
					{"origin": [0.5, 0.4, 5], "size": [0, 2, 8], "uv": [36, 12]},
					{"origin": [0.5, 1.5, 12], "size": [0, 4, 5], "uv": [26, 31]},
					{"origin": [0.5, 2.2, 15], "size": [0, 3, 6], "uv": [14, 31]},
					{"origin": [0.5, 3, 21], "size": [0, 2, 4], "uv": [0, 47]}
				]
			}
		]
	}
}