{
	"format_version": "1.10.0",
	"geometry.beluga": {
		"texturewidth": 128,
		"textureheight": 128,
		"visible_bounds_width": 6,
		"visible_bounds_height": 1,
		"visible_bounds_offset": [0, 0.5, 0],
		"bones": [
			{
				"name": "body",
				"pivot": [0, 0, 0],
				"cubes": [
					{"origin": [-7, 1, -8], "size": [15, 12, 19], "uv": [0, 0]}
				]
			},
			{
				"name": "body2",
				"parent": "body",
				"pivot": [0, 0, 0],
				"rotation": [10, 0, 0],
				"cubes": [
					{"origin": [-6, 3, -11], "size": [13, 11, 6], "uv": [80, 31]}
				]
			},
			{
				"name": "head",
				"pivot": [0, 0, 0],
				"rotation": [5, 0, 0],
				"cubes": [
					{"origin": [-5, 3, -18], "size": [11, 10, 7], "uv": [0, 67]},
					{"origin": [-4, 7, -25], "size": [9, 5, 7], "uv": [66, 67]},
					{"origin": [-4, 5, -26], "size": [9, 2, 8], "uv": [0, 84]},
					{"origin": [-3, 3, -24], "size": [7, 2, 6], "uv": [34, 84]}
				]
			},
			{
				"name": "tail",
				"pivot": [0, 0, 0],
				"rotation": [-5, 0, 0],
				"cubes": [
					{"origin": [-5, 3, 10], "size": [11, 10, 11], "uv": [68, 0]}
				]
			},
			{
				"name": "tail2",
				"parent": "tail",
				"pivot": [0, 0, 0],
				"rotation": [-10, 0, 0],
				"cubes": [
					{"origin": [-3, 8, 18], "size": [7, 8, 11], "uv": [0, 48]}
				]
			},
			{
				"name": "tail3",
				"parent": "tail",
				"pivot": [0, 0, 0],
				"rotation": [-15, 0, 0],
				"cubes": [
					{"origin": [-2, 12, 26], "size": [5, 6, 10], "uv": [36, 67]}
				]
			},
			{
				"name": "tail4",
				"parent": "tail",
				"pivot": [0, 0, 0],
				"rotation": [-5, 45, 0],
				"cubes": [
					{"origin": [-28, 6, 27], "size": [6, 2, 13], "uv": [74, 48]}
				]
			},
			{
				"name": "tail5",
				"parent": "tail",
				"pivot": [0, 0, 0],
				"rotation": [-5, -45, 0],
				"cubes": [
					{"origin": [23, 6, 26], "size": [6, 2, 13], "uv": [36, 48]}
				]
			},
			{
				"name": "fin",
				"pivot": [0, 0, 0],
				"rotation": [0, 90, 15],
				"cubes": [
					{"origin": [0, 3, 6], "size": [6, 2, 14], "uv": [40, 31]}
				]
			},
			{
				"name": "fin2",
				"pivot": [0, 0, 0],
				"rotation": [0, -90, -15],
				"cubes": [
					{"origin": [-6, 3, 5], "size": [6, 2, 14], "uv": [0, 31]}
				]
			}
		]
	}
}