{
	"format_version": "1.10.0",
	"geometry.bode": {
		"texturewidth": 128,
		"textureheight": 128,
		"visible_bounds_width": 3,
		"visible_bounds_height": 1,
		"visible_bounds_offset": [0, 0.5, 0],
		"bones": [
			{
				"name": "body",
				"pivot": [0, 0, 0],
				"cubes": [
					{"origin": [-2.5, 4.6, -8], "size": [6, 6, 5], "uv": [24, 20]},
					{"origin": [-2, 4.9, -4], "size": [5, 5, 7], "uv": [0, 20]},
					{"origin": [-1.5, 3.9, -7], "size": [4, 7, 13], "uv": [0, 0]},
					{"origin": [-2.5, 4.6, 2], "size": [6, 6, 6], "uv": [34, 0]},
					{"origin": [-2, 4.9, 8], "size": [5, 5, 1], "uv": [0, 51]}
				]
			},
			{
				"name": "head",
				"pivot": [0, 1, 0],
				"rotation": [-15, 0, 0],
				"cubes": [
					{"origin": [-1, 4, -14], "size": [3, 4, 6], "uv": [0, 32]},
					{"origin": [-1.5, 3, -11], "size": [4, 3, 4], "uv": [18, 32]}
				]
			},
			{
				"name": "head2",
				"parent": "head",
				"pivot": [0, 1, 0],
				"rotation": [50, 0, 0],
				"cubes": [
					{"origin": [-1.5, 13.5, -8], "size": [4, 4, 6], "uv": [46, 20]},
					{"origin": [-0.5, 15.5, -8.4], "size": [2, 2, 1], "uv": [20, 65]},
					{"origin": [0, 11.5, -8.3], "size": [1, 4, 1], "uv": [16, 65]},
					{"origin": [0, 12.5, -7.3], "size": [1, 3, 1], "uv": [30, 65]}
				]
			},
			{
				"name": "head3",
				"parent": "head",
				"pivot": [0, 1, 0],
				"rotation": [50, 0, 0],
				"cubes": [
					{"origin": [-1, 13.5, -10], "size": [3, 1, 3], "uv": [28, 51]}
				]
			},
			{
				"name": "head4",
				"parent": "head",
				"pivot": [0, 1, 0],
				"rotation": [50, 0, 0],
				"cubes": [
					{"origin": [-1, 14.5, -11], "size": [3, 2, 4], "uv": [14, 42]}
				]
			},
			{
				"name": "head5",
				"parent": "head",
				"pivot": [0, 1, 0],
				"rotation": [45, 0, 15],
				"cubes": [
					{"origin": [-5, 14.2, -6], "size": [3, 2, 1], "uv": [16, 59]},
					{"origin": [-6, 14.7, -6], "size": [1, 1, 1], "uv": [4, 71]}
				]
			},
			{
				"name": "head6",
				"parent": "head",
				"pivot": [0, 1, 0],
				"rotation": [45, 0, -15],
				"cubes": [
					{"origin": [3, 14, -6.3], "size": [3, 2, 1], "uv": [24, 59]},
					{"origin": [6, 14.5, -6.3], "size": [1, 1, 1], "uv": [8, 71]}
				]
			},
			{
				"name": "head7",
				"parent": "head",
				"pivot": [0, 1, 0],
				"cubes": [
					{"origin": [-1, 7, -15], "size": [1, 4, 1], "uv": [12, 65]}
				]
			},
			{
				"name": "head8",
				"parent": "head",
				"pivot": [0, 1, 0],
				"rotation": [-15, 0, 0],
				"cubes": [
					{"origin": [-1.2, 6.5, -17], "size": [1, 2, 1], "uv": [34, 65]},
					{"origin": [-1.2, 8.5, -16.6], "size": [1, 1, 1], "uv": [16, 71]}
				]
			},
			{
				"name": "head9",
				"parent": "head",
				"pivot": [0, 1, 0],
				"cubes": [
					{"origin": [1, 7, -15], "size": [1, 4, 1], "uv": [26, 65]}
				]
			},
			{
				"name": "head10",
				"parent": "head",
				"pivot": [0, 1, 0],
				"rotation": [-15, 0, 0],
				"cubes": [
					{"origin": [1.2, 6.5, -17], "size": [1, 2, 1], "uv": [0, 71]},
					{"origin": [1.2, 8.5, -16.6], "size": [1, 1, 1], "uv": [12, 71]}
				]
			},
			{
				"name": "tail",
				"pivot": [0, 1, 0],
				"rotation": [30, 0, 0],
				"cubes": [
					{"origin": [0, -1, 11], "size": [1, 5, 1], "uv": [8, 65]}
				]
			},
			{
				"name": "tail2",
				"parent": "tail",
				"pivot": [0, 1, 0],
				"rotation": [-15, 0, 0],
				"cubes": [
					{"origin": [-0.5, 0.5, 10.6], "size": [2, 2, 2], "uv": [8, 59]}
				]
			},
			{
				"name": "leg1",
				"pivot": [-1, 1, 0],
				"rotation": [-30, 0, 0],
				"cubes": [
					{"origin": [-4, 5, 0], "size": [3, 5, 4], "uv": [0, 42]}
				]
			},
			{
				"name": "leg1a",
				"parent": "leg1",
				"pivot": [-1, 1, 0],
				"cubes": [
					{"origin": [-3.5, 3.8, 3], "size": [2, 4, 2], "uv": [0, 59]},
					{"origin": [-3.5, 2.8, 3], "size": [2, 1, 2], "uv": [0, 65]}
				]
			},
			{
				"name": "leg1b",
				"parent": "leg1",
				"pivot": [-1, 1, 0],
				"rotation": [30, 0, 0],
				"cubes": [
					{"origin": [-3.5, 0, 3.6], "size": [2, 1, 2], "uv": [24, 62]}
				]
			},
			{
				"name": "leg2",
				"pivot": [2, 1, 0],
				"rotation": [-30, 0, 0],
				"cubes": [
					{"origin": [2, 5, 0], "size": [3, 5, 4], "uv": [34, 32]}
				]
			},
			{
				"name": "leg2a",
				"parent": "leg2",
				"pivot": [2, 1, 0],
				"cubes": [
					{"origin": [2.5, 3.8, 3], "size": [2, 4, 2], "uv": [40, 51]},
					{"origin": [2.5, 2.8, 3], "size": [2, 1, 2], "uv": [32, 59]}
				]
			},
			{
				"name": "leg2b",
				"parent": "leg2",
				"pivot": [2, 1, 0],
				"rotation": [30, 0, 0],
				"cubes": [
					{"origin": [2.5, 0, 3.6], "size": [2, 1, 2], "uv": [16, 62]}
				]
			},
			{
				"name": "leg3",
				"pivot": [0, 0, 0],
				"rotation": [5, 0, 0],
				"cubes": [
					{"origin": [-3.5, 4, -6], "size": [3, 5, 3], "uv": [28, 42]}
				]
			},
			{
				"name": "leg3a",
				"parent": "leg3",
				"pivot": [0, 0, 0],
				"rotation": [-5, 0, 0],
				"cubes": [
					{"origin": [-3, 0, -6], "size": [2, 6, 2], "uv": [12, 51]}
				]
			},
			{
				"name": "leg4",
				"pivot": [1, 0, 0],
				"rotation": [5, 0, 0],
				"cubes": [
					{"origin": [1.5, 4, -6], "size": [3, 5, 3], "uv": [40, 42]}
				]
			},
			{
				"name": "leg4a",
				"parent": "leg4",
				"pivot": [1, 0, 0],
				"rotation": [-5, 0, 0],
				"cubes": [
					{"origin": [2, 0, -6], "size": [2, 6, 2], "uv": [20, 51]}
				]
			}
		]
	}
}