{
	"format_version": "1.10.0",
	"geometry.bongo": {
		"texturewidth": 256,
		"textureheight": 256,
		"visible_bounds_width": 4,
		"visible_bounds_height": 3,
		"visible_bounds_offset": [0, 1.5, 0],
		"bones": [
			{
				"name": "leg0",
				"pivot": [0, 0, 0],
				"cubes": [
					{"origin": [4, 0, -6], "size": [3, 2, 4], "uv": [64, 127]},
					{"origin": [4.5, 2, -5.5], "size": [2, 6, 3], "uv": [24, 135]},
					{"origin": [4, 7, -7], "size": [3, 6, 5], "uv": [16, 115]},
					{"origin": [3, 12, -8.5], "size": [5, 13, 8], "uv": [60, 56]}
				]
			},
			{
				"name": "leg1",
				"pivot": [0, 0, 0],
				"cubes": [
					{"origin": [-6, 0, -6], "size": [3, 2, 4], "uv": [92, 127]},
					{"origin": [-5.5, 2, -5.5], "size": [2, 6, 3], "uv": [68, 135]},
					{"origin": [-6, 7, -7], "size": [3, 6, 5], "uv": [32, 115]},
					{"origin": [-7, 12, -8.5], "size": [5, 13, 8], "uv": [34, 56]}
				]
			},
			{
				"name": "leg3",
				"pivot": [-1, 2, 0],
				"cubes": [
					{"origin": [3, 0, 15], "size": [3, 2, 4], "uv": [0, 135]},
					{"origin": [3.5, 2, 15.5], "size": [2, 6, 3], "uv": [46, 135]}
				]
			},
			{
				"name": "leg3a",
				"parent": "leg3",
				"pivot": [-1, 2, 0],
				"rotation": [5, 0, 0],
				"cubes": [
					{"origin": [3, 6, 15.5], "size": [3, 7, 4], "uv": [78, 115]}
				]
			},
			{
				"name": "leg3b",
				"parent": "leg3",
				"pivot": [-1, 2, 0],
				"rotation": [10, 0, 0],
				"cubes": [
					{"origin": [2, 9, 14.5], "size": [5, 12, 7], "uv": [0, 96]}
				]
			},
			{
				"name": "leg2",
				"pivot": [-9, 2, 0],
				"cubes": [
					{"origin": [-5, 0, 15], "size": [3, 2, 4], "uv": [78, 127]},
					{"origin": [-4.5, 2, 15.5], "size": [2, 6, 3], "uv": [14, 135]}
				]
			},
			{
				"name": "leg2a",
				"parent": "leg2",
				"pivot": [-9, 2, 0],
				"rotation": [5, 0, 0],
				"cubes": [
					{"origin": [-5, 6, 15.5], "size": [3, 7, 4], "uv": [48, 115]}
				]
			},
			{
				"name": "leg4b",
				"parent": "leg2",
				"pivot": [-9, 2, 0],
				"rotation": [10, 0, 0],
				"cubes": [
					{"origin": [-6, 9, 14.5], "size": [5, 12, 7], "uv": [32, 77]}
				]
			},
			{
				"name": "body",
				"pivot": [0, 0, 0],
				"cubes": [
					{"origin": [-5, 13.2, -8], "size": [11, 12, 25], "uv": [0, 0]},
					{"origin": [-5, 15.2, -10], "size": [11, 10, 2], "uv": [24, 96]}
				]
			},
			{
				"name": "body2",
				"parent": "body",
				"pivot": [0, 0, 0],
				"rotation": [-6, 0, 0],
				"cubes": [
					{"origin": [-4.5, 15.7, 14], "size": [10, 11, 4], "uv": [56, 77]}
				]
			},
			{
				"name": "body3",
				"parent": "body",
				"pivot": [0, 0, 0],
				"rotation": [-31, 0, 0],
				"cubes": [
					{"origin": [-1.5, 27.7, 0.8], "size": [5, 4, 6], "uv": [50, 104]}
				]
			},
			{
				"name": "body4",
				"parent": "body",
				"pivot": [0, 0, 0],
				"rotation": [21, 0, 0],
				"cubes": [
					{"origin": [-2, 17, 19.5], "size": [6, 2, 6], "uv": [50, 96]}
				]
			},
			{
				"name": "body5",
				"parent": "body",
				"pivot": [0, 0, 0],
				"cubes": [
					{"origin": [-2, 16.2, -11], "size": [5, 9, 3], "uv": [0, 115]},
					{"origin": [-3, 16.2, -8], "size": [7, 11, 8], "uv": [72, 37]}
				]
			},
			{
				"name": "body6",
				"parent": "body",
				"pivot": [0, 0, 0],
				"rotation": [-10, 0, 0],
				"cubes": [
					{"origin": [-2.5, 24.6, -5], "size": [6, 2, 11], "uv": [0, 56]}
				]
			},
			{
				"name": "body7",
				"parent": "body",
				"pivot": [0, 0, 0],
				"rotation": [-15, 0, 0],
				"cubes": [
					{"origin": [-4, 12, -7], "size": [9, 4, 11], "uv": [0, 37]}
				]
			},
			{
				"name": "body8",
				"parent": "body",
				"pivot": [0, 0, 0],
				"rotation": [20, 0, 0],
				"cubes": [
					{"origin": [-3.5, 8, 10], "size": [8, 3, 8], "uv": [0, 77]}
				]
			},
			{
				"name": "head",
				"pivot": [0, 0, 0],
				"rotation": [-25, 0, 0],
				"cubes": [
					{"origin": [-2.5, 12, -27], "size": [6, 9, 13], "uv": [72, 0]}
				]
			},
			{
				"name": "head2",
				"parent": "head",
				"pivot": [0, 0, 0],
				"rotation": [-15, 0, 0],
				"cubes": [
					{"origin": [-1.5, 5, -27], "size": [4, 5, 12], "uv": [40, 37]}
				]
			},
			{
				"name": "head3",
				"parent": "head",
				"pivot": [0, 0, 0],
				"rotation": [-25, 0, 0],
				"cubes": [
					{"origin": [-3, -3, -34], "size": [7, 11, 6], "uv": [84, 77]}
				]
			},
			{
				"name": "head4",
				"parent": "head",
				"pivot": [0, 0, 0],
				"rotation": [-35, 0, 0],
				"cubes": [
					{"origin": [-2, -7.5, -28], "size": [5, 6, 3], "uv": [62, 115]}
				]
			},
			{
				"name": "head5",
				"parent": "head",
				"pivot": [0, 0, 0],
				"rotation": [-50, 0, 0],
				"cubes": [
					{"origin": [-1.5, -17, -29], "size": [4, 4, 4], "uv": [16, 127]}
				]
			},
			{
				"name": "head6",
				"parent": "head",
				"pivot": [0, 0, 0],
				"rotation": [-40, 0, 0],
				"cubes": [
					{"origin": [-1, -11.5, -27], "size": [3, 3, 2], "uv": [24, 144]}
				]
			},
			{
				"name": "head7",
				"parent": "head",
				"pivot": [1, 0, 0],
				"rotation": [-30, 0, -5],
				"cubes": [
					{"origin": [-1.8, 4.5, -34], "size": [3, 4, 3], "uv": [34, 135]}
				]
			},
			{
				"name": "head8",
				"parent": "head7",
				"pivot": [1, 0, 0],
				"rotation": [5, 0, -5],
				"cubes": [
					{"origin": [-0.4, 10.5, -33], "size": [2, 6, 2], "uv": [16, 144]}
				]
			},
			{
				"name": "head9",
				"parent": "head7",
				"pivot": [1, 0, 0],
				"rotation": [10, 0, 0],
				"cubes": [
					{"origin": [-1.3, 18.5, -30.9], "size": [1, 5, 1], "uv": [38, 144]}
				]
			},
			{
				"name": "head10",
				"parent": "head",
				"pivot": [0, 0, 0],
				"rotation": [-30, 0, 5],
				"cubes": [
					{"origin": [-0.2, 4.5, -34], "size": [3, 4, 3], "uv": [56, 135]}
				]
			},
			{
				"name": "head11",
				"parent": "head10",
				"pivot": [0, 0, 0],
				"rotation": [5, 0, 5],
				"cubes": [
					{"origin": [-0.6, 10.5, -33], "size": [2, 6, 2], "uv": [0, 144]}
				]
			},
			{
				"name": "head12",
				"parent": "head10",
				"pivot": [0, 0, 0],
				"rotation": [10, 0, 0],
				"cubes": [
					{"origin": [1.3, 18.5, -30.9], "size": [1, 5, 1], "uv": [34, 144]}
				]
			},
			{
				"name": "head13",
				"parent": "head",
				"pivot": [0, 0, 0],
				"rotation": [-20, 10, -20],
				"cubes": [
					{"origin": [14, 7, -30], "size": [5, 2, 3], "uv": [32, 127]}
				]
			},
			{
				"name": "head14",
				"parent": "head",
				"pivot": [0, 0, 0],
				"rotation": [-20, -10, 20],
				"cubes": [
					{"origin": [-18, 7, -30], "size": [5, 2, 3], "uv": [48, 127]}
				]
			},
			{
				"name": "tail",
				"pivot": [0, 0, 0],
				"rotation": [-70, 0, 0],
				"cubes": [
					{"origin": [-0.5, 25.5, -15], "size": [3, 3, 5], "uv": [0, 127]}
				]
			},
			{
				"name": "tail2",
				"parent": "tail",
				"pivot": [0, 0, 0],
				"rotation": [-85, 0, 0],
				"cubes": [
					{"origin": [0, -8.5, -28.5], "size": [2, 6, 2], "uv": [8, 144]}
				]
			},
			{
				"name": "tail3",
				"parent": "tail",
				"pivot": [0, 0, 0],
				"rotation": [-85, 0, 0],
				"cubes": [
					{"origin": [-0.5, -2.5, -29.1], "size": [3, 3, 3], "uv": [78, 135]},
					{"origin": [2.5, 0.5, -29.1], "size": [0, 1, 2], "uv": [44, 144]},
					{"origin": [-0.5, 0.5, -29.1], "size": [0, 1, 2], "uv": [44, 147]},
					{"origin": [-0.5, 0.5, -29.1], "size": [3, 1, 0], "uv": [38, 150]},
					{"origin": [0, 1.5, -29.1], "size": [2, 1, 0], "uv": [44, 150]}
				]
			}
		]
	}
}