{
	"format_version": "1.10.0",
	"geometry.boto": {
		"texturewidth": 128,
		"textureheight": 128,
		"visible_bounds_width": 3,
		"visible_bounds_height": 1,
		"visible_bounds_offset": [0, 0.5, 0],
		"bones": [
			{
				"name": "tail",
				"pivot": [0, 0, 0],
				"rotation": [-2, 0, 0],
				"cubes": [
					{"origin": [-5, 3, 10], "size": [10, 1, 3], "uv": [44, 14]}
				]
			},
			{
				"name": "tail2",
				"parent": "tail",
				"pivot": [0, 0, 0],
				"rotation": [-8, 0, 0],
				"cubes": [
					{"origin": [-1, 4, 4], "size": [2, 3, 7], "uv": [0, 25]}
				]
			},
			{
				"name": "tail3",
				"parent": "tail",
				"pivot": [0, 0, 0],
				"rotation": [-5, 0, 0],
				"cubes": [
					{"origin": [-2, 3, 2], "size": [4, 4, 5], "uv": [18, 25]}
				]
			},
			{
				"name": "tail4",
				"parent": "tail",
				"pivot": [0, 0, 0],
				"rotation": [1, 0, 0],
				"cubes": [
					{"origin": [-3, 2, -3], "size": [6, 5, 6], "uv": [0, 14]}
				]
			},
			{
				"name": "body",
				"pivot": [0, 0, 0],
				"rotation": [1, 0, 0],
				"cubes": [
					{"origin": [-3, 1, -9], "size": [6, 7, 7], "uv": [30, 0]}
				]
			},
			{
				"name": "body2",
				"parent": "body",
				"pivot": [0, 0, 0],
				"rotation": [-2, 0, 0],
				"cubes": [
					{"origin": [-4, 1, -15], "size": [8, 7, 7], "uv": [0, 0]}
				]
			},
			{
				"name": "head",
				"pivot": [0, 0, 0],
				"rotation": [1, 0, 0],
				"cubes": [
					{"origin": [-3, 2, -18], "size": [6, 6, 4], "uv": [24, 14]},
					{"origin": [-3, 4, -21], "size": [6, 4, 3], "uv": [0, 35]},
					{"origin": [-2, 2, -21], "size": [4, 2, 3], "uv": [0, 43]}
				]
			},
			{
				"name": "head2",
				"parent": "head",
				"pivot": [0, 0, 0],
				"cubes": [
					{"origin": [-2, 3, -26], "size": [4, 3, 5], "uv": [36, 25]},
					{"origin": [-1, 2, -25], "size": [2, 1, 4], "uv": [14, 43]}
				]
			},
			{
				"name": "fin0",
				"pivot": [0, 0, 0],
				"rotation": [0, 25, -15],
				"cubes": [
					{"origin": [-2, 3, -14], "size": [5, 1, 3], "uv": [18, 39]}
				]
			},
			{
				"name": "fin1",
				"pivot": [0.5, 3.5, -12.5],
				"rotation": [0, -25, 15],
				"cubes": [
					{"origin": [3, 3, -16], "size": [5, 1, 3], "uv": [18, 35]}
				]
			},
			{
				"name": "fin2",
				"pivot": [0, 0, 0],
				"rotation": [-30, 0, 0],
				"cubes": [
					{"origin": [-1, 3, -6], "size": [2, 4, 4], "uv": [34, 35]}
				]
			}
		]
	}
}