{
	"format_version": "1.10.0",
	"geometry.camaleao": {
		"texturewidth": 64,
		"textureheight": 64,
		"visible_bounds_width": 2,
		"visible_bounds_height": 1,
		"visible_bounds_offset": [0, 0.5, 0],
		"bones": [
			{
				"name": "body",
				"pivot": [3, 0, 0],
				"cubes": [
					{"origin": [-2, 2, -4], "size": [5, 4, 9], "uv": [0, 0]},
					{"origin": [-1, 1, -3], "size": [3, 7, 7], "uv": [28, 0]},
					{"origin": [-1, 6, -4], "size": [3, 1, 2], "uv": [10, 38]},
					{"origin": [-1, 6, 3], "size": [3, 1, 2], "uv": [0, 38]},
					{"origin": [-2, 6, -3], "size": [5, 1, 7], "uv": [0, 14]}
				]
			},
			{
				"name": "head",
				"pivot": [0, 0, 0],
				"cubes": [
					{"origin": [-1, 2, -8], "size": [3, 4, 4], "uv": [0, 22]},
					{"origin": [-1, 1, -6], "size": [3, 1, 4], "uv": [14, 22]},
					{"origin": [-1, 6, -5], "size": [3, 2, 1], "uv": [20, 38]},
					{"origin": [0, 6, -6], "size": [1, 1, 1], "uv": [16, 42]},
					{"origin": [0, 1, -10], "size": [1, 4, 4], "uv": [0, 30]}
				]
			},
			{
				"name": "tail",
				"pivot": [3, 0, 0],
				"rotation": [-5, 0, 0],
				"cubes": [
					{"origin": [-1, 3, 4], "size": [3, 3, 3], "uv": [28, 22]}
				]
			},
			{
				"name": "tail2",
				"parent": "tail",
				"pivot": [3, 0, 0],
				"rotation": [-10, 0, 0],
				"cubes": [
					{"origin": [0, 4, 6], "size": [1, 2, 4], "uv": [10, 30]}
				]
			},
			{
				"name": "tail3",
				"parent": "tail",
				"pivot": [3, 0, 0],
				"rotation": [-10, 0, 0],
				"cubes": [
					{"origin": [-1, 4, 10], "size": [3, 4, 4], "uv": [24, 14]}
				]
			},
			{
				"name": "leg0",
				"pivot": [3, 0, 0],
				"rotation": [0, 0, 5],
				"cubes": [
					{"origin": [-2, -1, 3], "size": [1, 4, 1], "uv": [12, 42]},
					{"origin": [-3, 1, 2], "size": [2, 4, 2], "uv": [20, 30]}
				]
			},
			{
				"name": "leg3",
				"parent": "leg0",
				"pivot": [3, 0, 0],
				"rotation": [0, 0, 5],
				"cubes": [
					{"origin": [-2, -1, -3], "size": [1, 4, 1], "uv": [8, 42]},
					{"origin": [-3, 1, -3], "size": [2, 3, 1], "uv": [28, 38]}
				]
			},
			{
				"name": "leg1",
				"pivot": [3, 0, 0],
				"rotation": [0, 0, -5],
				"cubes": [
					{"origin": [2, -0.5, 3], "size": [1, 4, 1], "uv": [4, 42]},
					{"origin": [2, 1.5, 2], "size": [2, 4, 2], "uv": [28, 30]}
				]
			},
			{
				"name": "leg2",
				"parent": "leg1",
				"pivot": [3, 0, 0],
				"rotation": [0, 0, -5],
				"cubes": [
					{"origin": [2, -0.5, -3], "size": [1, 4, 1], "uv": [0, 42]},
					{"origin": [2, 1.5, -3], "size": [2, 3, 1], "uv": [34, 38]}
				]
			}
		]
	}
}