{
	"format_version": "1.10.0",
	"geometry.canario": {
		"texturewidth": 32,
		"textureheight": 32,
		"visible_bounds_width": 2,
		"visible_bounds_height": 1,
		"visible_bounds_offset": [0, 0.5, 0],
		"bones": [
			{
				"name": "body0",
				"pivot": [-1.5, 5, 2],
				"rotation": [-25, 0, 0],
				"cubes": [
					{"origin": [-1.7, 1.18836, -0.46535], "size": [3.5, 3, 5], "uv": [0, 0]},
					{"origin": [-1.5, 2.18836, 4.53465], "size": [3, 2, 1], "uv": [10, 14]}
				]
			},
			{
				"name": "leg0",
				"parent": "body0",
				"pivot": [1, 1.25, 3.5],
				"rotation": [25, 0, 0],
				"cubes": [
					{"origin": [0.5, 0.3908, 3.5522], "size": [1, 2, 0], "uv": [6, 18]},
					{"origin": [0.5, 0.3908, 2.5522], "size": [1, 0, 1], "uv": [0, 18]}
				]
			},
			{
				"name": "leg1",
				"parent": "body0",
				"pivot": [-1, 1.25, 3.5],
				"rotation": [25, 0, 0],
				"cubes": [
					{"origin": [-1.5, 0.3908, 3.5522], "size": [1, 2, 0], "uv": [4, 18]},
					{"origin": [-1.5, 0.3908, 2.5522], "size": [1, 0, 1], "uv": [0, 19]}
				]
			},
			{
				"name": "tail0",
				"parent": "body0",
				"pivot": [0, 3.5, 5.5],
				"rotation": [60, 0, 0],
				"cubes": [
					{"origin": [-1, 3.18836, 5.53465], "size": [2, 1, 3], "uv": [0, 14]}
				]
			},
			{
				"name": "head",
				"parent": "body0",
				"pivot": [0, 3, 0.25]
			},
			{
				"name": "head0",
				"parent": "head",
				"pivot": [-1.5, 5, 2],
				"rotation": [30, 0, 0],
				"cubes": [
					{"origin": [-1.5, 3.66375, -3.04088], "size": [3, 3, 3], "uv": [16, 0]},
					{"origin": [-0.5, 3.66375, -4.04088], "size": [1, 1, 1], "uv": [18, 14]}
				]
			},
			{
				"name": "wing3",
				"parent": "body0",
				"pivot": [0, 0, 0],
				"rotation": [-10, 75, 0],
				"cubes": [
					{"origin": [-0.2, 2.18836, 0.53465], "size": [0.5, 2, 4], "uv": [0, 8]}
				]
			},
			{
				"name": "wing4",
				"parent": "body0",
				"pivot": [0, 0, 0],
				"rotation": [-10, -75, 0],
				"cubes": [
					{"origin": [-0.2, 2.18836, 0.53465], "size": [0.5, 2, 4], "uv": [8, 8]}
				]
			}
		]
	}
}