{
	"format_version": "1.10.0",
	"geometry.capivara": {
		"texturewidth": 64,
		"textureheight": 64,
		"visible_bounds_width": 2,
		"visible_bounds_height": 1,
		"visible_bounds_offset": [0, 0.5, 0],
		"bones": [
			{
				"name": "body0",
				"pivot": [-4, 5, 15],
				"cubes": [
					{"origin": [-2.5, 4, -6], "size": [5, 5, 6], "uv": [0, 0]},
					{"origin": [-2.6, 4, 0], "size": [5.2, 5.1, 5], "uv": [0, 11]}
				]
			},
			{
				"name": "head0",
				"pivot": [-2.5, 6.5, 6],
				"rotation": [-45, 0, 0],
				"cubes": [
					{"origin": [-1.7, -2.77817, -5.77817], "size": [3.5, 3.5, 5], "uv": [17, 6]}
				]
			},
			{
				"name": "head1",
				"parent": "head0",
				"pivot": [-2.5, 7, 1],
				"rotation": [55, 0, 0],
				"cubes": [
					{"origin": [-2, 5.91013, -14.13289], "size": [4, 4, 6], "uv": [14, 15]},
					{"origin": [-3, 8.91013, -9.13289], "size": [1, 1, 1], "uv": [0, 0]},
					{"origin": [2, 8.91013, -9.13289], "size": [1, 1, 1], "uv": [0, 2]}
				]
			},
			{
				"name": "leg0",
				"pivot": [1.6, 5, -4],
				"cubes": [
					{"origin": [0.6, 0, -5], "size": [2, 5, 2], "uv": [8, 25]}
				]
			},
			{
				"name": "leg1",
				"pivot": [-1.6, 5, -4],
				"cubes": [
					{"origin": [-2.6, 0, -5], "size": [2, 5, 2], "uv": [16, 25]}
				]
			},
			{
				"name": "leg3",
				"pivot": [1.7, 5, 4],
				"cubes": [
					{"origin": [0.7, 0, 3], "size": [2, 5, 2], "uv": [24, 25]},
					{"origin": [0.7, 3, 2], "size": [2, 3, 3], "uv": [0, 21]}
				]
			},
			{
				"name": "leg2",
				"pivot": [-1.7, 5, 4],
				"cubes": [
					{"origin": [-2.7, 0, 3], "size": [2, 5, 2], "uv": [0, 27]},
					{"origin": [-2.7, 3, 2], "size": [2, 3, 3], "uv": [16, 0]}
				]
			}
		]
	}
}