{
	"format_version": "1.10.0",
	"geometry.caran": {
		"texturewidth": 64,
		"textureheight": 64,
		"visible_bounds_width": 2,
		"visible_bounds_height": 1,
		"visible_bounds_offset": [0, 0.5, 0],
		"bones": [
			{
				"name": "body",
				"pivot": [0, 0, 0],
				"cubes": [
					{"origin": [-4, 3, -4], "size": [8, 3, 6], "uv": [30, 0]},
					{"origin": [-4.5, 2.5, -3.6], "size": [9, 3, 6], "uv": [0, 0]},
					{"origin": [-3.5, 3, 1.8], "size": [7, 2, 1], "uv": [38, 16]},
					{"origin": [-3, 5.5, -2.5], "size": [6, 1, 4], "uv": [36, 9]},
					{"origin": [-1, 1.4, -2.9], "size": [2, 2, 5], "uv": [0, 16]}
				]
			},
			{
				"name": "body2",
				"parent": "body",
				"pivot": [0, 0, 0],
				"rotation": [0, 0, 5],
				"cubes": [
					{"origin": [3, 3.2, -2.5], "size": [2, 3, 4], "uv": [14, 16]},
					{"origin": [2.8, 3.6, 1.5], "size": [2, 2, 1], "uv": [8, 35]},
					{"origin": [2.8, 3.6, -3.5], "size": [2, 2, 1], "uv": [14, 35]}
				]
			},
			{
				"name": "body3",
				"parent": "body2",
				"pivot": [0, 0, 0],
				"rotation": [0, 0, -15],
				"cubes": [
					{"origin": [1, 1.2, -3], "size": [4, 2, 5], "uv": [0, 9]}
				]
			},
			{
				"name": "body4",
				"parent": "body",
				"pivot": [0, 0, 0],
				"rotation": [0, 0, -5],
				"cubes": [
					{"origin": [-5, 3.2, -2.5], "size": [2, 3, 4], "uv": [26, 16]},
					{"origin": [-4.8, 3.6, 1.5], "size": [2, 2, 1], "uv": [30, 35]},
					{"origin": [-4.8, 3.6, -3.5], "size": [2, 2, 1], "uv": [24, 35]}
				]
			},
			{
				"name": "body5",
				"parent": "body4",
				"pivot": [0, 0, 0],
				"rotation": [0, 0, 15],
				"cubes": [
					{"origin": [-5, 1.2, -3], "size": [4, 2, 5], "uv": [18, 9]}
				]
			},
			{
				"name": "head",
				"pivot": [0, 0, 0],
				"rotation": [-5, 5, -5],
				"cubes": [
					{"origin": [-1, 4.3, -4.7], "size": [1, 3, 1], "uv": [10, 40]}
				]
			},
			{
				"name": "head2",
				"parent": "head",
				"pivot": [0, 0, 0],
				"rotation": [0, -15, 5],
				"cubes": [
					{"origin": [0.5, 4.2, -4.8], "size": [1, 3, 1], "uv": [14, 40]}
				]
			},
			{
				"name": "head3",
				"parent": "head",
				"pivot": [0, 0, 0],
				"rotation": [5, 0, 10],
				"cubes": [
					{"origin": [0.5, 3, -4.1], "size": [2, 1, 1], "uv": [18, 40]}
				]
			},
			{
				"name": "head4",
				"parent": "head",
				"pivot": [0, 0, 0],
				"rotation": [10, -10, -5],
				"cubes": [
					{"origin": [-2.3, 3.3, -3.85], "size": [2, 1, 1], "uv": [18, 42]}
				]
			},
			{
				"name": "leg1",
				"pivot": [0, 0, 0],
				"rotation": [0, -10, 5],
				"cubes": [
					{"origin": [3.4, 2.5, 0], "size": [3, 1, 1], "uv": [0, 30]}
				]
			},
			{
				"name": "leg1a",
				"parent": "leg1",
				"pivot": [0, 0, 0],
				"rotation": [0, -5, -40],
				"cubes": [
					{"origin": [6, -5.5, -0.5], "size": [1, 4, 1], "uv": [22, 30]}
				]
			},
			{
				"name": "leg2",
				"pivot": [0, 0, -3],
				"rotation": [0, 5, 5],
				"cubes": [
					{"origin": [2.4, 2.5, -3], "size": [4, 1, 1], "uv": [26, 25]}
				]
			},
			{
				"name": "leg2a",
				"parent": "leg2",
				"pivot": [0, 0, -3],
				"rotation": [0, -5, -40],
				"cubes": [
					{"origin": [6, -5.5, -3.5], "size": [1, 4, 1], "uv": [14, 30]}
				]
			},
			{
				"name": "leg3",
				"pivot": [0, 0, -1],
				"rotation": [0, 0, 5],
				"cubes": [
					{"origin": [2.4, 2.5, -1], "size": [4, 1, 1], "uv": [26, 23]}
				]
			},
			{
				"name": "leg3a",
				"parent": "leg3",
				"pivot": [0, 0, -1],
				"rotation": [0, -5, -40],
				"cubes": [
					{"origin": [6, -5.5, -1.5], "size": [1, 4, 1], "uv": [26, 30]}
				]
			},
			{
				"name": "leg4",
				"pivot": [0, 0, -1],
				"rotation": [0, -40, 5],
				"cubes": [
					{"origin": [2.4, 2.5, -1], "size": [4, 1, 1], "uv": [10, 27]}
				]
			},
			{
				"name": "leg4a",
				"parent": "leg4",
				"pivot": [0, 0, -1],
				"rotation": [0, -5, -40],
				"cubes": [
					{"origin": [6, -5.5, -1.5], "size": [1, 4, 1], "uv": [20, 35]}
				]
			},
			{
				"name": "leg5",
				"pivot": [0, 0, 0],
				"rotation": [0, 10, -5],
				"cubes": [
					{"origin": [-6.4, 2.5, 0], "size": [3, 1, 1], "uv": [0, 32]}
				]
			},
			{
				"name": "leg1a2",
				"parent": "leg5",
				"pivot": [0, 0, 0],
				"rotation": [0, 5, 40],
				"cubes": [
					{"origin": [-7, -5.5, -0.5], "size": [1, 4, 1], "uv": [0, 35]}
				]
			},
			{
				"name": "leg6",
				"pivot": [0, 0, -3],
				"rotation": [0, -5, -5],
				"cubes": [
					{"origin": [-6.4, 2.5, -3], "size": [4, 1, 1], "uv": [8, 23]}
				]
			},
			{
				"name": "leg2a2",
				"parent": "leg6",
				"pivot": [0, 0, -3],
				"rotation": [0, 5, 40],
				"cubes": [
					{"origin": [-7, -5.5, -3.5], "size": [1, 4, 1], "uv": [18, 30]}
				]
			},
			{
				"name": "leg7",
				"pivot": [0, 0, -1],
				"rotation": [0, 0, -5],
				"cubes": [
					{"origin": [-6.4, 2.5, -1], "size": [4, 1, 1], "uv": [0, 27]}
				]
			},
			{
				"name": "leg3a2",
				"parent": "leg7",
				"pivot": [0, 0, -1],
				"rotation": [0, 5, 40],
				"cubes": [
					{"origin": [-7, -5.5, -1.5], "size": [1, 4, 1], "uv": [6, 40]}
				]
			},
			{
				"name": "leg8",
				"pivot": [0, 0, -1],
				"rotation": [0, 40, -5],
				"cubes": [
					{"origin": [-6.4, 2.5, -1], "size": [4, 1, 1], "uv": [8, 25]}
				]
			},
			{
				"name": "leg4a2",
				"parent": "leg8",
				"pivot": [0, 0, -1],
				"rotation": [0, 5, 40],
				"cubes": [
					{"origin": [-7, -5.5, -1.5], "size": [1, 4, 1], "uv": [4, 35]}
				]
			},
			{
				"name": "arm1",
				"pivot": [0, 0, 0],
				"rotation": [0, 20, 0],
				"cubes": [
					{"origin": [-3, 2, -6], "size": [2, 1, 2], "uv": [36, 27]},
					{"origin": [-3, 1, -6], "size": [2, 1, 1], "uv": [24, 40]},
					{"origin": [-3, 1, -7], "size": [2, 2, 1], "uv": [0, 40]}
				]
			},
			{
				"name": "arm1a",
				"parent": "arm1",
				"pivot": [0, 0, 0],
				"rotation": [-5, 0, 0],
				"cubes": [
					{"origin": [-2.5, 0.7, -7.5], "size": [2, 2, 2], "uv": [18, 23]},
					{"origin": [-0.5, 1.7, -7.5], "size": [2, 1, 2], "uv": [28, 27]},
					{"origin": [-1, 0.3, -7], "size": [2, 1, 1], "uv": [24, 42]}
				]
			},
			{
				"name": "arm2",
				"pivot": [0, 0, 0],
				"rotation": [0, -20, 0],
				"cubes": [
					{"origin": [1, 2, -6], "size": [2, 1, 2], "uv": [20, 27]},
					{"origin": [1, 1, -6], "size": [2, 1, 1], "uv": [0, 45]},
					{"origin": [1, 1, -7], "size": [2, 2, 1], "uv": [8, 30]}
				]
			},
			{
				"name": "arm2a",
				"parent": "arm2",
				"pivot": [0, 0, 0],
				"rotation": [-5, 0, 0],
				"cubes": [
					{"origin": [0.5, 0.7, -7.5], "size": [2, 2, 2], "uv": [0, 23]},
					{"origin": [-1.5, 1.7, -7.5], "size": [2, 1, 2], "uv": [44, 27]},
					{"origin": [-1, 0.3, -7], "size": [2, 1, 1], "uv": [6, 45]}
				]
			}
		]
	}
}