{
	"format_version": "1.10.0",
	"geometry.castor": {
		"texturewidth": 64,
		"textureheight": 64,
		"visible_bounds_width": 2,
		"visible_bounds_height": 1,
		"visible_bounds_offset": [0, 0.5, 0],
		"bones": [
			{
				"name": "leg2",
				"pivot": [-2, 3, 6],
				"cubes": [
					{"origin": [-4, 0, 3], "size": [2, 4, 2], "uv": [0, 33]}
				]
			},
			{
				"name": "leg3",
				"pivot": [2, 3, 6],
				"cubes": [
					{"origin": [1, 0, 3], "size": [2, 4, 2], "uv": [16, 27]}
				]
			},
			{
				"name": "leg0",
				"pivot": [2, 3, -2],
				"cubes": [
					{"origin": [1, 0, -3], "size": [2, 4, 2], "uv": [8, 27]}
				]
			},
			{
				"name": "leg1",
				"pivot": [-2, 3, -2],
				"cubes": [
					{"origin": [-4, 0, -3], "size": [2, 4, 2], "uv": [0, 27]}
				]
			},
			{
				"name": "body",
				"pivot": [0, 11, 4],
				"rotation": [90, 0, 0],
				"cubes": [
					{"origin": [-4, 9, -5], "size": [7, 9, 6], "uv": [0, 0]}
				]
			},
			{
				"name": "head",
				"pivot": [0, 9, -3],
				"cubes": [
					{"origin": [-3, 3.4, -6], "size": [5, 4, 5], "uv": [0, 15]},
					{"origin": [-1, 3, -6], "size": [1, 1, 0], "uv": [8, 33]}
				]
			},
			{
				"name": "tail",
				"pivot": [0, 0, 0],
				"rotation": [75, 0, 0],
				"cubes": [
					{"origin": [-3, -12, 5.45], "size": [5, 11, 1], "uv": [20, 15]}
				]
			}
		]
	}
}