{
	"format_version": "1.10.0",
	"geometry.casuar": {
		"texturewidth": 128,
		"textureheight": 128,
		"visible_bounds_width": 4,
		"visible_bounds_height": 3,
		"visible_bounds_offset": [0, 1.5, 0],
		"bones": [
			{
				"name": "body",
				"pivot": [0, 0, 0],
				"cubes": [
					{"origin": [-9, 12, -12], "size": [19, 14, 21], "uv": [0, 0]}
				]
			},
			{
				"name": "body1",
				"parent": "body",
				"pivot": [0, 0, 0],
				"rotation": [-20, 0, 0],
				"cubes": [
					{"origin": [-8, 13, -1], "size": [17, 14, 13], "uv": [0, 35]}
				]
			},
			{
				"name": "body2",
				"parent": "body",
				"pivot": [0, 0, 0],
				"rotation": [10, 0, 0],
				"cubes": [
					{"origin": [-7, 13, -11], "size": [15, 13, 8], "uv": [60, 35]}
				]
			},
			{
				"name": "head",
				"pivot": [0, 0, 0],
				"rotation": [5, 0, 0],
				"cubes": [
					{"origin": [-3, 39, -21], "size": [7, 6, 10], "uv": [0, 62]},
					{"origin": [-1, 39, -26], "size": [3, 2, 10], "uv": [0, 91]},
					{"origin": [0, 41, -22], "size": [1, 10, 10], "uv": [54, 62]}
				]
			},
			{
				"name": "head1",
				"parent": "head",
				"pivot": [0, 0, 0],
				"rotation": [5, 0, 0],
				"cubes": [
					{"origin": [-2, 18, -13], "size": [5, 24, 5], "uv": [34, 62]}
				]
			},
			{
				"name": "head2",
				"parent": "head",
				"pivot": [0, 0, 0],
				"rotation": [-10, 0, 0],
				"cubes": [
					{"origin": [-1, 16, -21], "size": [3, 12, 2], "uv": [50, 91]}
				]
			},
			{
				"name": "leg0",
				"pivot": [0, 0, 0],
				"cubes": [
					{"origin": [3, 0, -2], "size": [3, 12, 3], "uv": [26, 91]},
					{"origin": [2, 1, -3], "size": [5, 1, 4], "uv": [0, 106]},
					{"origin": [2, 0, -5], "size": [1, 1, 4], "uv": [46, 106]},
					{"origin": [4, 0, -6], "size": [1, 1, 4], "uv": [56, 106]},
					{"origin": [6, 0, -5], "size": [1, 1, 4], "uv": [66, 106]}
				]
			},
			{
				"name": "leg1",
				"pivot": [0, 0, 0],
				"cubes": [
					{"origin": [-5, 0, -2], "size": [3, 12, 3], "uv": [38, 91]},
					{"origin": [-6, 1, -3], "size": [5, 1, 4], "uv": [18, 106]},
					{"origin": [-6, 0, -5], "size": [1, 1, 4], "uv": [76, 106]},
					{"origin": [-4, 0, -6], "size": [1, 1, 4], "uv": [36, 106]},
					{"origin": [-2, 0, -5], "size": [1, 1, 4], "uv": [0, 111]}
				]
			}
		]
	}
}