{
	"format_version": "1.10.0",
	"geometry.cervom": {
		"texturewidth": 256,
		"textureheight": 256,
		"visible_bounds_width": 3,
		"visible_bounds_height": 3,
		"visible_bounds_offset": [0, 1.5, 0],
		"bones": [
			{
				"name": "bodyb",
				"pivot": [0, 0, 6]
			},
			{
				"name": "leg1",
				"parent": "bodyb",
				"pivot": [0, 0, 6],
				"cubes": [
					{"origin": [-4.5, 0.5, 10], "size": [2, 10, 2], "uv": [24, 105]},
					{"origin": [-5, 0, 8.6], "size": [3, 2, 3], "uv": [8, 117]}
				]
			},
			{
				"name": "leg1a",
				"parent": "leg1",
				"pivot": [0, 0, 6],
				"rotation": [22, 0, 0],
				"cubes": [
					{"origin": [-5, 5, 12], "size": [3, 7, 4], "uv": [20, 94]}
				]
			},
			{
				"name": "leg1b",
				"parent": "leg1",
				"pivot": [0, 0, 6],
				"rotation": [7, 0, 0],
				"cubes": [
					{"origin": [-6.2, 10.5, 8], "size": [6, 10, 6], "uv": [48, 65]}
				]
			},
			{
				"name": "leg2",
				"parent": "bodyb",
				"pivot": [0, 0, 6],
				"cubes": [
					{"origin": [-3.5, 0.5, -10], "size": [2, 9, 2], "uv": [54, 105]},
					{"origin": [-4, 0, -11.5], "size": [3, 2, 3], "uv": [20, 122]}
				]
			},
			{
				"name": "leg2a",
				"parent": "leg2",
				"pivot": [0, 0, 6],
				"rotation": [3, 0, 0],
				"cubes": [
					{"origin": [-4, 8, -10.6], "size": [3, 5, 4], "uv": [80, 94]}
				]
			},
			{
				"name": "leg2b",
				"parent": "leg2",
				"pivot": [0, 0, 6],
				"rotation": [-7, 0, 0],
				"cubes": [
					{"origin": [-5, 9, -14], "size": [5, 9, 7], "uv": [24, 65]}
				]
			},
			{
				"name": "leg3",
				"parent": "bodyb",
				"pivot": [0, 0, 6],
				"cubes": [
					{"origin": [6.5, 0.5, 10], "size": [2, 10, 2], "uv": [16, 105]},
					{"origin": [6, 0, 8.6], "size": [3, 2, 3], "uv": [20, 117]}
				]
			},
			{
				"name": "leg3a",
				"parent": "leg3",
				"pivot": [0, 0, 6],
				"rotation": [22, 0, 0],
				"cubes": [
					{"origin": [6, 5, 12], "size": [3, 6, 4], "uv": [34, 94]}
				]
			},
			{
				"name": "leg3b",
				"parent": "leg3",
				"pivot": [0, 0, 6],
				"rotation": [7, 0, 0],
				"cubes": [
					{"origin": [4.2, 10.5, 8], "size": [6, 10, 6], "uv": [84, 48]}
				]
			},
			{
				"name": "tail",
				"parent": "bodyb",
				"pivot": [0, 1, 6],
				"cubes": [
					{"origin": [-2.5, 13, 11.5], "size": [9, 9, 2], "uv": [46, 81]}
				]
			},
			{
				"name": "tail2",
				"parent": "tail",
				"pivot": [0, 1, 6],
				"rotation": [5, 0, 0],
				"cubes": [
					{"origin": [0, 20, 12.4], "size": [4, 2, 4], "uv": [0, 105]}
				]
			},
			{
				"name": "tail3",
				"parent": "tail",
				"pivot": [0, 1, 6],
				"rotation": [20, 0, 0],
				"cubes": [
					{"origin": [1, 12.3, 20], "size": [2, 5, 1], "uv": [8, 127]},
					{"origin": [0.5, 12.5, 19.5], "size": [3, 3, 2], "uv": [44, 117]}
				]
			},
			{
				"name": "head",
				"parent": "bodyb",
				"pivot": [0, 0, 6],
				"cubes": [
					{"origin": [-1, 26, -13.8], "size": [6, 4, 1], "uv": [32, 105]}
				]
			},
			{
				"name": "head2",
				"parent": "head",
				"pivot": [0, 0, 6],
				"rotation": [20, 0, 0],
				"cubes": [
					{"origin": [-1.5, 32, -7.5], "size": [7, 3, 5], "uv": [68, 81]},
					{"origin": [-2, 24.5, -8], "size": [8, 8, 6], "uv": [56, 48]}
				]
			},
			{
				"name": "head3",
				"parent": "head",
				"pivot": [0, 0, 6],
				"rotation": [30, 0, 0],
				"cubes": [
					{"origin": [-1.5, 20, -4.3], "size": [7, 11, 6], "uv": [30, 48]}
				]
			},
			{
				"name": "head4",
				"parent": "head",
				"pivot": [0, 0, 6],
				"rotation": [45, 0, 0],
				"cubes": [
					{"origin": [-1, 23, 8], "size": [6, 9, 4], "uv": [0, 81]}
				]
			},
			{
				"name": "head5",
				"parent": "head",
				"pivot": [0, 0, 6],
				"rotation": [2, 0, 0],
				"cubes": [
					{"origin": [-1, 22.5, -17.43], "size": [6, 8, 5], "uv": [72, 65]}
				]
			},
			{
				"name": "head6",
				"parent": "head",
				"pivot": [0, 0, 6],
				"rotation": [5, 0, 0],
				"cubes": [
					{"origin": [-2, 30, -17], "size": [8, 6, 7], "uv": [0, 48]},
					{"origin": [-1.5, 36, -16.1], "size": [7, 1, 6], "uv": [20, 81]}
				]
			},
			{
				"name": "head7",
				"parent": "head",
				"pivot": [0, 0, 6],
				"rotation": [10, 0, 0],
				"cubes": [
					{"origin": [-0.5, 33, -18], "size": [5, 3, 5], "uv": [0, 94]},
					{"origin": [0.5, 35.1, -18.2], "size": [3, 1, 1], "uv": [18, 134]},
					{"origin": [1, 34.1, -18.2], "size": [2, 1, 1], "uv": [0, 136]}
				]
			},
			{
				"name": "head8",
				"parent": "head",
				"pivot": [0, 0, 6],
				"rotation": [5, 0, 0],
				"cubes": [
					{"origin": [0, 30.1, -20.2], "size": [4, 1, 5], "uv": [48, 94]}
				]
			},
			{
				"name": "head9",
				"parent": "head",
				"pivot": [0, 0, 6],
				"rotation": [0, -5, -30],
				"cubes": [
					{"origin": [17.5, 25, -17.1], "size": [5, 3, 1], "uv": [32, 121]},
					{"origin": [22.5, 25.7, -17.1], "size": [1, 2, 1], "uv": [22, 136]}
				]
			},
			{
				"name": "head10",
				"parent": "head",
				"pivot": [0, 0, 6],
				"rotation": [0, 5, 30],
				"cubes": [
					{"origin": [-19, 27, -16.9], "size": [5, 3, 1], "uv": [32, 117]},
					{"origin": [-20, 27.6, -16.9], "size": [1, 2, 1], "uv": [10, 136]}
				]
			},
			{
				"name": "head11",
				"parent": "head",
				"pivot": [-8, -1, -3],
				"rotation": [-40, 5, 30],
				"cubes": [
					{"origin": [-15.5, 17, -38], "size": [2, 8, 2], "uv": [0, 117]}
				]
			},
			{
				"name": "head12",
				"parent": "head11",
				"pivot": [-8, -1, -3],
				"rotation": [-10, 5, 5],
				"cubes": [
					{"origin": [-14.5, 17, -42], "size": [1, 8, 1], "uv": [0, 127]}
				]
			},
			{
				"name": "head13",
				"parent": "head11",
				"pivot": [-8, -1, -3],
				"rotation": [10, 5, 45],
				"cubes": [
					{"origin": [-27.5, 18, -36], "size": [1, 4, 1], "uv": [38, 127]}
				]
			},
			{
				"name": "head14",
				"parent": "head11",
				"pivot": [-8, -1, -3],
				"rotation": [10, -5, 50],
				"cubes": [
					{"origin": [-35, 18.5, -32.7], "size": [1, 2, 1], "uv": [14, 136]}
				]
			},
			{
				"name": "head15",
				"parent": "head11",
				"pivot": [-8, -1, -3],
				"rotation": [10, -5, -45],
				"cubes": [
					{"origin": [2, 27.5, -33.9], "size": [1, 6, 1], "uv": [18, 127]}
				]
			},
			{
				"name": "head16",
				"parent": "head11",
				"pivot": [-8, -1, -3],
				"rotation": [15, -5, -5],
				"cubes": [
					{"origin": [-19, 36.8, -28.6], "size": [1, 4, 1], "uv": [34, 127]}
				]
			},
			{
				"name": "head17",
				"parent": "head11",
				"pivot": [-8, -1, -3],
				"rotation": [10, -5, -50],
				"cubes": [
					{"origin": [4, 30.8, -34.6], "size": [1, 3, 1], "uv": [42, 131]}
				]
			},
			{
				"name": "head18",
				"parent": "head11",
				"pivot": [-8, -1, -3],
				"rotation": [0, 5, 0],
				"cubes": [
					{"origin": [-12, 31, -37], "size": [1, 3, 1], "uv": [6, 136]}
				]
			},
			{
				"name": "head19",
				"parent": "head",
				"pivot": [12, -1, -3],
				"rotation": [-40, -5, -30],
				"cubes": [
					{"origin": [17.5, 17, -38], "size": [2, 8, 2], "uv": [62, 105]}
				]
			},
			{
				"name": "head20",
				"parent": "head19",
				"pivot": [12, -1, -3],
				"rotation": [-10, -5, -5],
				"cubes": [
					{"origin": [17.5, 17, -42], "size": [1, 8, 1], "uv": [4, 127]}
				]
			},
			{
				"name": "head21",
				"parent": "head19",
				"pivot": [12, -1, -3],
				"rotation": [10, -5, -45],
				"cubes": [
					{"origin": [30.5, 18, -36], "size": [1, 4, 1], "uv": [30, 127]}
				]
			},
			{
				"name": "head22",
				"parent": "head19",
				"pivot": [12, -1, -3],
				"rotation": [10, 5, -50],
				"cubes": [
					{"origin": [38, 18.5, -32.7], "size": [1, 2, 1], "uv": [18, 136]}
				]
			},
			{
				"name": "head23",
				"parent": "head19",
				"pivot": [12, -1, -3],
				"rotation": [10, 5, 45],
				"cubes": [
					{"origin": [1, 27.5, -33.9], "size": [1, 6, 1], "uv": [14, 127]}
				]
			},
			{
				"name": "head24",
				"parent": "head19",
				"pivot": [12, -1, -3],
				"rotation": [15, 5, 5],
				"cubes": [
					{"origin": [22, 36.8, -28.6], "size": [1, 4, 1], "uv": [26, 127]}
				]
			},
			{
				"name": "head25",
				"parent": "head19",
				"pivot": [12, -1, -3],
				"rotation": [10, 5, 50],
				"cubes": [
					{"origin": [-1, 30.8, -34.6], "size": [1, 3, 1], "uv": [42, 127]}
				]
			},
			{
				"name": "head26",
				"parent": "head19",
				"pivot": [12, -1, -3],
				"rotation": [0, -5, 0],
				"cubes": [
					{"origin": [15, 31, -37], "size": [1, 3, 1], "uv": [38, 132]}
				]
			},
			{
				"name": "body",
				"parent": "bodyb",
				"pivot": [0, 0, 6],
				"cubes": [
					{"origin": [-4.5, 12, -13], "size": [13, 10, 9], "uv": [60, 0]},
					{"origin": [-4.5, 12.5, 4], "size": [13, 11, 8], "uv": [0, 29]},
					{"origin": [-4, 13, -4], "size": [12, 8, 8], "uv": [42, 29]},
					{"origin": [-3, 14, -7], "size": [10, 9, 20], "uv": [0, 0]},
					{"origin": [-2.5, 14.4, -14], "size": [9, 9, 9], "uv": [82, 29]}
				]
			},
			{
				"name": "leg4",
				"parent": "bodyb",
				"pivot": [4, 0, 6],
				"cubes": [
					{"origin": [5.5, 0.5, -10], "size": [2, 9, 2], "uv": [46, 105]},
					{"origin": [5, 0, -11.5], "size": [3, 2, 3], "uv": [8, 122]}
				]
			},
			{
				"name": "leg4a",
				"parent": "leg4",
				"pivot": [4, 0, 6],
				"rotation": [3, 0, 0],
				"cubes": [
					{"origin": [5, 8, -10.6], "size": [3, 5, 4], "uv": [66, 94]}
				]
			},
			{
				"name": "leg4b",
				"parent": "leg4",
				"pivot": [4, 0, 6],
				"rotation": [-7, 0, 0],
				"cubes": [
					{"origin": [4, 9, -14], "size": [5, 9, 7], "uv": [0, 65]}
				]
			}
		]
	}
}