{
	"format_version": "1.10.0",
	"geometry.chinchila": {
		"texturewidth": 64,
		"textureheight": 64,
		"visible_bounds_width": 2,
		"visible_bounds_height": 1,
		"visible_bounds_offset": [0, 0.5, 0],
		"bones": [
			{
				"name": "body",
				"pivot": [0, 0, 0],
				"cubes": [
					{"origin": [-4, 2.5, 5], "size": [7, 6, 1], "uv": [38, 15]},
					{"origin": [-4, 2, -3], "size": [7, 7, 8], "uv": [32, 0]},
					{"origin": [-4.5, 2.5, -3.5], "size": [8, 6, 8], "uv": [0, 0]},
					{"origin": [-4, 1.7, -5], "size": [7, 7, 2], "uv": [20, 15]},
					{"origin": [-3.5, 2.8, -6], "size": [6, 5, 1], "uv": [14, 25]}
				]
			},
			{
				"name": "head",
				"pivot": [0, 2, 0],
				"cubes": [
					{"origin": [-3, 5, -8], "size": [5, 5, 5], "uv": [0, 15]},
					{"origin": [-2, 6.2, -10], "size": [3, 2, 3], "uv": [28, 25]},
					{"origin": [-1.5, 5.2, -9.5], "size": [2, 1, 0], "uv": [26, 47]}
				]
			},
			{
				"name": "head2",
				"parent": "head",
				"pivot": [0, 2, 0],
				"rotation": [-5, 20, -20],
				"cubes": [
					{"origin": [1, 9.1, -7], "size": [2, 3, 1], "uv": [20, 45]}
				]
			},
			{
				"name": "head3",
				"parent": "head",
				"pivot": [0, 2, 0],
				"rotation": [-5, -20, 20],
				"cubes": [
					{"origin": [-3.5, 9, -6.3], "size": [2, 3, 1], "uv": [14, 45]}
				]
			},
			{
				"name": "head4",
				"parent": "head",
				"pivot": [0, 2, 0],
				"cubes": [
					{"origin": [-1.5, 7.3, -10.1], "size": [2, 1, 1], "uv": [26, 45]}
				]
			},
			{
				"name": "head5",
				"parent": "head",
				"pivot": [0, 2, 0],
				"rotation": [30, 0, 0],
				"cubes": [
					{"origin": [-1.5, 11.2, -5], "size": [2, 1, 2], "uv": [6, 45]}
				]
			},
			{
				"name": "head6",
				"parent": "head",
				"pivot": [0, 1, 0],
				"rotation": [0, 30, 0],
				"cubes": [
					{"origin": [1, 6.6, -9], "size": [2, 1, 0], "uv": [26, 49]}
				]
			},
			{
				"name": "head7",
				"parent": "head",
				"pivot": [0, 1, 0],
				"rotation": [0, -30, 0],
				"cubes": [
					{"origin": [-4, 6.6, -8.5], "size": [2, 1, 0], "uv": [26, 48]}
				]
			},
			{
				"name": "leg1",
				"pivot": [0, 0, 0],
				"cubes": [
					{"origin": [-5, 1.8, 2.1], "size": [2, 4, 3], "uv": [40, 25]}
				]
			},
			{
				"name": "leg1a",
				"parent": "leg1",
				"pivot": [0, 0, 0],
				"rotation": [-5, 0, 0],
				"cubes": [
					{"origin": [-4.6, 0.8, 2.5], "size": [1, 3, 2], "uv": [0, 45]}
				]
			},
			{
				"name": "leg1b",
				"parent": "leg1",
				"pivot": [0, 0, 0],
				"cubes": [
					{"origin": [-5.1, -0.2, 1.5], "size": [2, 1, 3], "uv": [10, 40]}
				]
			},
			{
				"name": "leg2",
				"pivot": [-1, 0, 0],
				"cubes": [
					{"origin": [2, 1.8, 2.1], "size": [2, 4, 3], "uv": [0, 33]}
				]
			},
			{
				"name": "leg2a",
				"parent": "leg2",
				"pivot": [-1, 0, 0],
				"rotation": [-5, 0, 0],
				"cubes": [
					{"origin": [2.6, 0.8, 2.5], "size": [1, 3, 2], "uv": [36, 40]}
				]
			},
			{
				"name": "leg2b",
				"parent": "leg2",
				"pivot": [-1, 0, 0],
				"cubes": [
					{"origin": [2.1, -0.2, 1.5], "size": [2, 1, 3], "uv": [0, 40]}
				]
			},
			{
				"name": "leg3",
				"pivot": [0, 0, 0],
				"cubes": [
					{"origin": [-4.1, 1, -4], "size": [2, 2, 2], "uv": [28, 40]}
				]
			},
			{
				"name": "leg3a",
				"parent": "leg3",
				"pivot": [0, 0, 0],
				"cubes": [
					{"origin": [-4.5, 0, -5], "size": [3, 1, 3], "uv": [22, 33]}
				]
			},
			{
				"name": "leg4",
				"pivot": [0, 0, 0],
				"cubes": [
					{"origin": [1.1, 1, -4], "size": [2, 2, 2], "uv": [20, 40]}
				]
			},
			{
				"name": "leg4a",
				"parent": "leg4",
				"pivot": [0, 0, 0],
				"cubes": [
					{"origin": [0.5, 0, -5], "size": [3, 1, 3], "uv": [10, 33]}
				]
			},
			{
				"name": "tail",
				"pivot": [0, 0, 0],
				"rotation": [125, 0, 0],
				"cubes": [
					{"origin": [-2, -9, -1.2], "size": [3, 3, 2], "uv": [34, 33]}
				]
			},
			{
				"name": "tail1",
				"parent": "tail",
				"pivot": [0, 0, 0],
				"rotation": [20, 0, 0],
				"cubes": [
					{"origin": [-3, -14, -4.3], "size": [5, 6, 2], "uv": [0, 25]}
				]
			}
		]
	}
}