{
	"format_version": "1.10.0",
	"geometry.cisne": {
		"texturewidth": 64,
		"textureheight": 64,
		"visible_bounds_width": 2,
		"visible_bounds_height": 1,
		"visible_bounds_offset": [0, 0.5, 0],
		"bones": [
			{
				"name": "body",
				"pivot": [0, 0, 0],
				"cubes": [
					{"origin": [-3, 3, -6], "size": [6, 5, 8], "uv": [0, 0]}
				]
			},
			{
				"name": "body2",
				"parent": "body",
				"pivot": [0, 0, 0],
				"rotation": [5, 0, 0],
				"cubes": [
					{"origin": [-2, 3, 1], "size": [4, 5, 4], "uv": [28, 0]}
				]
			},
			{
				"name": "body3",
				"parent": "body",
				"pivot": [0, 0, 0],
				"rotation": [-10, 0, 0],
				"cubes": [
					{"origin": [-1, 4, 2], "size": [2, 4, 3], "uv": [10, 23]}
				]
			},
			{
				"name": "head",
				"pivot": [0, 0, 0]
			},
			{
				"name": "head2",
				"parent": "head",
				"pivot": [0, 0, 0],
				"rotation": [-17, 0, 0],
				"cubes": [
					{"origin": [-1, 3, -9], "size": [2, 8, 2], "uv": [22, 13]}
				]
			},
			{
				"name": "head3",
				"parent": "head",
				"pivot": [0, 0, 0],
				"cubes": [
					{"origin": [-1, 12, -5.6], "size": [2, 3, 2], "uv": [8, 31]}
				]
			},
			{
				"name": "head4",
				"parent": "head",
				"pivot": [0, 0, 0],
				"rotation": [10, 0, 0],
				"cubes": [
					{"origin": [-1, 15, -5], "size": [2, 3, 4], "uv": [0, 13]}
				]
			},
			{
				"name": "head5",
				"parent": "head",
				"pivot": [0, 0, 0],
				"rotation": [10, 0, 0],
				"cubes": [
					{"origin": [-1, 15, -7], "size": [2, 1, 2], "uv": [16, 31]}
				]
			},
			{
				"name": "leg0",
				"pivot": [0, 0, 0],
				"cubes": [
					{"origin": [1, 0, -1], "size": [1, 4, 1], "uv": [0, 37]},
					{"origin": [1, 0, -2], "size": [1, 0, 1], "uv": [4, 37]}
				]
			},
			{
				"name": "leg1",
				"pivot": [0, 0, 0],
				"cubes": [
					{"origin": [-2, 0, -1], "size": [1, 4, 1], "uv": [24, 31]},
					{"origin": [-2, 0, -2], "size": [1, 0, 1], "uv": [4, 38]}
				]
			},
			{
				"name": "wing0",
				"pivot": [0, 0, 0],
				"rotation": [15, 0, 0],
				"cubes": [
					{"origin": [3, 5, -3], "size": [1, 4, 4], "uv": [12, 13]},
					{"origin": [3, 6, 1], "size": [1, 3, 3], "uv": [0, 31]}
				]
			},
			{
				"name": "wing1",
				"pivot": [0, 0, 0],
				"rotation": [15, 0, 0],
				"cubes": [
					{"origin": [-4, 5, -3], "size": [1, 4, 4], "uv": [0, 23]},
					{"origin": [-4, 6, 1], "size": [1, 3, 3], "uv": [20, 23]}
				]
			}
		]
	}
}