{
	"format_version": "1.10.0",
	"geometry.cobra": {
		"texturewidth": 128,
		"textureheight": 128,
		"visible_bounds_width": 7,
		"visible_bounds_height": 1,
		"visible_bounds_offset": [0, 0.5, 0],
		"bones": [
			{
				"name": "head",
				"pivot": [0, 0, 0],
				"cubes": [
					{"origin": [-1.5, 0, -5.5], "size": [3, 3, 4], "uv": [0, 41]},
					{"origin": [-1, 1.6, -6], "size": [2, 2, 2], "uv": [26, 56]}
				]
			},
			{
				"name": "head2",
				"parent": "head",
				"pivot": [0, 0, 0],
				"rotation": [20, 0, 0],
				"cubes": [
					{"origin": [-1.5, 3.11, -7], "size": [3, 4, 3], "uv": [28, 41]},
					{"origin": [-2, 3.7, -6.11], "size": [1, 3, 1], "uv": [28, 61]},
					{"origin": [1, 3.7, -6.11], "size": [1, 3, 1], "uv": [24, 61]}
				]
			},
			{
				"name": "head3",
				"parent": "head",
				"pivot": [0, 0, 0],
				"rotation": [60, 0, 0],
				"cubes": [
					{"origin": [-1, 4.66, -3], "size": [2, 2, 2], "uv": [18, 56]}
				]
			},
			{
				"name": "head4",
				"parent": "head",
				"pivot": [0, 0, 0],
				"rotation": [-10, 0, 0],
				"cubes": [
					{"origin": [-1.5, 8.6, -8.6], "size": [3, 1, 2], "uv": [8, 56]},
					{"origin": [-1, 2.61, -9.6], "size": [2, 6, 3], "uv": [40, 41]},
					{"origin": [-2.5, 2.6, -8.6], "size": [2, 2, 1], "uv": [42, 56]},
					{"origin": [-3, 4.6, -8.6], "size": [3, 4, 1], "uv": [0, 56]},
					{"origin": [0.5, 2.6, -8.6], "size": [2, 2, 1], "uv": [48, 56]},
					{"origin": [0, 4.6, -8.6], "size": [3, 4, 1], "uv": [40, 50]},
					{"origin": [-1.5, 5.6, -8.4], "size": [3, 3, 2], "uv": [10, 50]}
				]
			},
			{
				"name": "head5",
				"parent": "head",
				"pivot": [0, 0, 0],
				"rotation": [30, 0, 0],
				"cubes": [
					{"origin": [-1, 11.5, -2], "size": [2, 3, 3], "uv": [0, 50]},
					{"origin": [-1, 13.5, -2], "size": [2, 1, 2], "uv": [34, 56]},
					{"origin": [1, 11.5, -1.2], "size": [2, 2, 1], "uv": [12, 61]},
					{"origin": [0.5, 13.5, -1.2], "size": [2, 1, 1], "uv": [18, 61]},
					{"origin": [-3, 11.5, -1.2], "size": [2, 2, 1], "uv": [6, 61]},
					{"origin": [-2.5, 13.5, -1.2], "size": [2, 1, 1], "uv": [32, 61]}
				]
			},
			{
				"name": "head6",
				"parent": "head",
				"pivot": [0, 0, 0],
				"rotation": [5, 0, 0],
				"cubes": [
					{"origin": [-1.5, 12, -9], "size": [3, 2, 4], "uv": [14, 41]}
				]
			},
			{
				"name": "head7",
				"parent": "head",
				"pivot": [0, 0, 0],
				"rotation": [15, 0, 0],
				"cubes": [
					{"origin": [-1, 13.4, -7.2], "size": [2, 2, 1], "uv": [0, 61]}
				]
			},
			{
				"name": "body",
				"pivot": [0, 0, 0],
				"cubes": [
					{"origin": [-1, -0.2, -3.5], "size": [2, 3, 12], "uv": [32, 0]}
				]
			},
			{
				"name": "body2",
				"parent": "body",
				"pivot": [0, 0, 0],
				"cubes": [
					{"origin": [-1.5, 0, 6.5], "size": [3, 3, 13], "uv": [0, 0]}
				]
			},
			{
				"name": "body3",
				"parent": "body",
				"pivot": [0, 0, 0],
				"cubes": [
					{"origin": [-1, -0.2, 16.5], "size": [2, 3, 11], "uv": [28, 16]}
				]
			},
			{
				"name": "body4",
				"parent": "body",
				"pivot": [0, 0, 0],
				"cubes": [
					{"origin": [-1.5, 0, 25.5], "size": [3, 3, 11], "uv": [0, 16]}
				]
			},
			{
				"name": "body5",
				"parent": "body",
				"pivot": [0, 0, 0],
				"cubes": [
					{"origin": [-1, -0.2, 34.5], "size": [2, 3, 8], "uv": [0, 30]},
					{"origin": [-1.5, 0.8, 41.5], "size": [3, 2, 2], "uv": [20, 50]}
				]
			},
			{
				"name": "body6",
				"parent": "body",
				"pivot": [0, 0, 0],
				"cubes": [
					{"origin": [-1, -0.2, 41.5], "size": [2, 2, 6], "uv": [38, 30]}
				]
			},
			{
				"name": "body7",
				"parent": "body",
				"pivot": [0, 0, 0],
				"cubes": [
					{"origin": [-1, -0.2, 47.5], "size": [2, 1, 7], "uv": [20, 30]},
					{"origin": [-1.5, -0.2, 46.5], "size": [3, 2, 2], "uv": [30, 50]}
				]
			}
		]
	}
}