{
	"format_version": "1.10.0",
	"geometry.croco": {
		"texturewidth": 128,
		"textureheight": 128,
		"visible_bounds_width": 5,
		"visible_bounds_height": 1,
		"visible_bounds_offset": [0, 0.5, 0],
		"bones": [
			{
				"name": "leg1",
				"pivot": [-3, 0, 1],
				"rotation": [10, 30, 0],
				"cubes": [
					{"origin": [-8, 2, 3], "size": [3, 4, 6], "uv": [18, 55]}
				]
			},
			{
				"name": "leg1a",
				"parent": "leg1",
				"pivot": [-3, 0, 1],
				"rotation": [10, 0, 0],
				"cubes": [
					{"origin": [-7.5, -1.5, 5], "size": [2, 4, 2], "uv": [8, 86]},
					{"origin": [-7.5, -1, 4], "size": [2, 3, 2], "uv": [40, 86]}
				]
			},
			{
				"name": "leg1b",
				"parent": "leg1",
				"pivot": [-3, 0, 1],
				"rotation": [-10, -5, 0],
				"cubes": [
					{"origin": [-7.6, 0, 2.7], "size": [3, 1, 5], "uv": [34, 74]}
				]
			},
			{
				"name": "leg2",
				"pivot": [6, 0, 1],
				"rotation": [10, -30, 0],
				"cubes": [
					{"origin": [8, 2, 3], "size": [3, 3, 6], "uv": [36, 55]}
				]
			},
			{
				"name": "leg2a",
				"parent": "leg2",
				"pivot": [6, 0, 1],
				"rotation": [10, 0, 0],
				"cubes": [
					{"origin": [8.5, -1.3, 5], "size": [2, 4, 2], "uv": [16, 86]},
					{"origin": [8.5, -1, 4], "size": [2, 4, 2], "uv": [0, 86]}
				]
			},
			{
				"name": "leg2b",
				"parent": "leg2",
				"pivot": [6, 0, 1],
				"rotation": [-10, 5, 0],
				"cubes": [
					{"origin": [7.6, 0, 2.7], "size": [3, 1, 5], "uv": [50, 74]}
				]
			},
			{
				"name": "leg3",
				"pivot": [3, 0, -9],
				"rotation": [-5, -40, 0],
				"cubes": [
					{"origin": [-1, 3, -5], "size": [3, 4, 6], "uv": [0, 55]}
				]
			},
			{
				"name": "leg3a",
				"parent": "leg3",
				"pivot": [-1, 0, 0],
				"rotation": [-10, -25, 20],
				"cubes": [
					{"origin": [-2.2, 0.8, -3], "size": [2, 3, 2], "uv": [24, 86]}
				]
			},
			{
				"name": "leg3b",
				"parent": "leg3",
				"pivot": [-1, 0, 0],
				"rotation": [5, -35, 0],
				"cubes": [
					{"origin": [-4.5, 0.6, -3.3], "size": [5, 1, 3], "uv": [68, 81]}
				]
			},
			{
				"name": "leg4",
				"pivot": [0, 0, -9],
				"rotation": [-5, 40, 0],
				"cubes": [
					{"origin": [1, 3, -5], "size": [3, 3, 6], "uv": [54, 55]}
				]
			},
			{
				"name": "leg3a2",
				"parent": "leg4",
				"pivot": [4, 0, 0],
				"rotation": [-10, 25, -20],
				"cubes": [
					{"origin": [3.2, 0.8, -3], "size": [2, 3, 2], "uv": [32, 86]}
				]
			},
			{
				"name": "leg3b2",
				"parent": "leg4",
				"pivot": [4, 0, 0],
				"rotation": [5, 35, 0],
				"cubes": [
					{"origin": [2.5, 0.6, -3.3], "size": [5, 1, 3], "uv": [52, 81]}
				]
			},
			{
				"name": "body",
				"pivot": [0, 0, 0],
				"cubes": [
					{"origin": [-2, 6.5, 1], "size": [7, 3, 10], "uv": [36, 17]},
					{"origin": [-3, 3, 2], "size": [9, 6, 9], "uv": [0, 17]},
					{"origin": [-2.5, 3, -9], "size": [8, 6, 11], "uv": [0, 0]},
					{"origin": [-2, 1, 2.5], "size": [7, 3, 6], "uv": [0, 32]},
					{"origin": [-2, 2, 8.5], "size": [7, 2, 2], "uv": [18, 81]},
					{"origin": [-1.5, 1.3, -9.5], "size": [6, 5, 12], "uv": [38, 0]},
					{"origin": [-2.5, 2.5, -13], "size": [8, 7, 4], "uv": [70, 17]}
				]
			},
			{
				"name": "body2",
				"parent": "body",
				"pivot": [0, 0, 0],
				"cubes": [
					{"origin": [1, 8.5, -9], "size": [1, 1, 1], "uv": [20, 94]},
					{"origin": [1, 8.8, -8], "size": [1, 1, 1], "uv": [16, 92]},
					{"origin": [1, 8.5, -4], "size": [1, 1, 1], "uv": [24, 92]},
					{"origin": [1, 9, -5], "size": [1, 1, 1], "uv": [44, 92]},
					{"origin": [1, 8.5, -1], "size": [1, 1, 1], "uv": [48, 92]},
					{"origin": [1, 9, -2], "size": [1, 1, 1], "uv": [12, 92]},
					{"origin": [1, 9, 3], "size": [1, 1, 1], "uv": [60, 92]},
					{"origin": [1, 9.2, 2], "size": [1, 1, 1], "uv": [68, 92]},
					{"origin": [1, 9, 7], "size": [1, 1, 1], "uv": [72, 92]},
					{"origin": [1, 9.2, 6], "size": [1, 1, 1], "uv": [0, 94]}
				]
			},
			{
				"name": "head",
				"pivot": [0, 1, -4],
				"cubes": [
					{"origin": [-1.5, 4, -17], "size": [6, 5, 5], "uv": [22, 44]},
					{"origin": [-2, 3.6, -15], "size": [7, 4, 2], "uv": [0, 74]},
					{"origin": [-1, 3.5, -17.5], "size": [5, 2, 5], "uv": [18, 65]}
				]
			},
			{
				"name": "head2",
				"parent": "head",
				"pivot": [0, 1, -4],
				"cubes": [
					{"origin": [-1, 4.7, -20], "size": [5, 4, 3], "uv": [18, 74]},
					{"origin": [-1.5, 4.6, -23], "size": [6, 4, 3], "uv": [56, 65]},
					{"origin": [-1, 4.5, -28], "size": [5, 4, 5], "uv": [64, 44]}
				]
			},
			{
				"name": "head3",
				"parent": "head",
				"pivot": [0, 1, -4],
				"cubes": [
					{"origin": [-1.5, 3.8, -20], "size": [6, 1, 3], "uv": [0, 81]},
					{"origin": [-1.5, 4.8, -19], "size": [6, 1, 2], "uv": [84, 81]},
					{"origin": [-1, 3.9, -23], "size": [5, 2, 3], "uv": [36, 81]},
					{"origin": [-0.5, 4, -27], "size": [4, 2, 4], "uv": [66, 74]}
				]
			},
			{
				"name": "head4",
				"parent": "head",
				"pivot": [0, 1, -4],
				"rotation": [-5, 0, 0],
				"cubes": [
					{"origin": [-1, 6.3, -16.9], "size": [5, 2, 4], "uv": [74, 65]}
				]
			},
			{
				"name": "tail",
				"pivot": [0, 0, 2],
				"rotation": [-15, 0, 0],
				"cubes": [
					{"origin": [-2, 5, 8], "size": [7, 6, 4], "uv": [0, 44]},
					{"origin": [0.5, 10.5, 9], "size": [2, 1, 1], "uv": [48, 89]},
					{"origin": [0.5, 10.5, 10.7], "size": [2, 1, 1], "uv": [6, 92]}
				]
			},
			{
				"name": "tail2",
				"parent": "tail",
				"pivot": [0, 0, 2],
				"rotation": [-15, 0, 0],
				"cubes": [
					{"origin": [-1.5, 7, 8], "size": [6, 6, 5], "uv": [48, 32]},
					{"origin": [0.5, 12.5, 9.7], "size": [2, 1, 1], "uv": [56, 86]},
					{"origin": [0.5, 12.5, 11.7], "size": [2, 1, 1], "uv": [0, 92]}
				]
			},
			{
				"name": "tail3",
				"parent": "tail",
				"pivot": [0, 0, 2],
				"cubes": [
					{"origin": [-1, 4.5, 14], "size": [5, 5, 4], "uv": [38, 65]},
					{"origin": [1, 9, 16.3], "size": [1, 1, 1], "uv": [16, 94]}
				]
			},
			{
				"name": "tail4",
				"parent": "tail",
				"pivot": [0, 0, 2],
				"rotation": [10, 0, 0],
				"cubes": [
					{"origin": [-1, 1.5, 18], "size": [5, 5, 6], "uv": [70, 32]},
					{"origin": [1, 6, 19.9], "size": [1, 1, 1], "uv": [8, 94]},
					{"origin": [1, 6, 21.9], "size": [1, 1, 1], "uv": [56, 92]}
				]
			},
			{
				"name": "tail5",
				"parent": "tail",
				"pivot": [0, 0, 2],
				"rotation": [15, 0, 0],
				"cubes": [
					{"origin": [-0.5, -0.5, 23], "size": [4, 5, 7], "uv": [26, 32]},
					{"origin": [1, 4, 24.9], "size": [1, 1, 1], "uv": [20, 92]},
					{"origin": [1, 4, 26.7], "size": [1, 1, 1], "uv": [28, 92]},
					{"origin": [1, 4, 28.6], "size": [1, 1, 1], "uv": [32, 92]}
				]
			},
			{
				"name": "tail6",
				"parent": "tail",
				"pivot": [0, 0, 2],
				"rotation": [15, 0, 0],
				"cubes": [
					{"origin": [0, -0.4, 29], "size": [3, 4, 7], "uv": [44, 44]},
					{"origin": [1, 3, 30.6], "size": [1, 1, 1], "uv": [36, 92]},
					{"origin": [1, 3, 32.6], "size": [1, 1, 1], "uv": [40, 92]},
					{"origin": [1, 3, 34.6], "size": [1, 1, 1], "uv": [52, 92]},
					{"origin": [0, -0.4, 36], "size": [3, 3, 6], "uv": [0, 65]},
					{"origin": [1, 2, 36.6], "size": [1, 1, 1], "uv": [64, 92]},
					{"origin": [1, 2, 38.6], "size": [1, 1, 1], "uv": [4, 94]},
					{"origin": [1, 2, 40.6], "size": [1, 1, 1], "uv": [12, 94]},
					{"origin": [0, -0.4, 42], "size": [3, 2, 1], "uv": [48, 86]}
				]
			}
		]
	}
}