{
	"format_version": "1.10.0",
	"geometry.dik_dik": {
		"texturewidth": 64,
		"textureheight": 64,
		"visible_bounds_width": 2,
		"visible_bounds_height": 2,
		"visible_bounds_offset": [0, 1, 0],
		"bones": [
			{
				"name": "body0",
				"pivot": [0, 0, 3]
			},
			{
				"name": "leg1",
				"parent": "body0",
				"pivot": [0, 0, -1],
				"cubes": [
					{"origin": [-6, 0, 4], "size": [2, 6, 2], "uv": [24, 51]}
				]
			},
			{
				"name": "leg1a",
				"parent": "leg1",
				"pivot": [0, 0, -1],
				"rotation": [10, 0, 0],
				"cubes": [
					{"origin": [-6.5, 4, 4.2], "size": [3, 5, 3], "uv": [42, 44]}
				]
			},
			{
				"name": "leg1b",
				"parent": "leg1",
				"pivot": [0, 0, -1],
				"rotation": [-5, 0, 0],
				"cubes": [
					{"origin": [-7, 9, 1.5], "size": [4, 5, 4], "uv": [34, 35]}
				]
			},
			{
				"name": "leg2",
				"parent": "body0",
				"pivot": [-4, 0, -1],
				"cubes": [
					{"origin": [0, 0, 4], "size": [2, 6, 2], "uv": [16, 51]}
				]
			},
			{
				"name": "leg2a",
				"parent": "leg2",
				"pivot": [-4, 0, -1],
				"rotation": [10, 0, 0],
				"cubes": [
					{"origin": [-0.5, 4, 4.2], "size": [3, 5, 3], "uv": [30, 44]}
				]
			},
			{
				"name": "leg2b",
				"parent": "leg2",
				"pivot": [-4, 0, -1],
				"rotation": [-5, 0, 0],
				"cubes": [
					{"origin": [-1, 9, 1.5], "size": [4, 5, 4], "uv": [18, 35]}
				]
			},
			{
				"name": "leg3",
				"parent": "body0",
				"pivot": [-10, 0, 1],
				"rotation": [-2, 0, 0],
				"cubes": [
					{"origin": [-6, 1, -5.6], "size": [2, 6, 2], "uv": [8, 51]}
				]
			},
			{
				"name": "leg3a",
				"parent": "leg3",
				"pivot": [-10, 0, 1],
				"rotation": [-2, 0, 0],
				"cubes": [
					{"origin": [-6.5, 6, -6.2], "size": [3, 3, 3], "uv": [46, 32]}
				]
			},
			{
				"name": "leg3b",
				"parent": "leg3",
				"pivot": [-10, 0, 1],
				"rotation": [10, 0, 0],
				"cubes": [
					{"origin": [-7, 9, -4.5], "size": [4, 4, 4], "uv": [0, 43]}
				]
			},
			{
				"name": "leg3c",
				"parent": "leg3",
				"pivot": [-10, 0, 1],
				"rotation": [5, 0, 0],
				"cubes": [
					{"origin": [-6, 0, -5.46], "size": [2, 2, 2], "uv": [46, 0]}
				]
			},
			{
				"name": "leg4",
				"parent": "body0",
				"pivot": [6, 0, 1],
				"rotation": [-2, 0, 0],
				"cubes": [
					{"origin": [0, 1, -5.6], "size": [2, 6, 2], "uv": [0, 51]}
				]
			},
			{
				"name": "leg4a",
				"parent": "leg4",
				"pivot": [6, 0, 1],
				"rotation": [-2, 0, 0],
				"cubes": [
					{"origin": [-0.5, 6, -6.2], "size": [3, 3, 3], "uv": [44, 18]}
				]
			},
			{
				"name": "leg4b",
				"parent": "leg4",
				"pivot": [6, 0, 1],
				"rotation": [10, 0, 0],
				"cubes": [
					{"origin": [-1, 9, -4.5], "size": [4, 4, 4], "uv": [42, 4]}
				]
			},
			{
				"name": "leg4c",
				"parent": "leg4",
				"pivot": [6, 0, 1],
				"rotation": [5, 0, 0],
				"cubes": [
					{"origin": [0, 0, -5.46], "size": [2, 2, 2], "uv": [30, 35]}
				]
			},
			{
				"name": "body",
				"parent": "body0",
				"pivot": [0, 0, 3],
				"rotation": [-10, 0, 0],
				"cubes": [
					{"origin": [-6, 9.4, -1], "size": [8, 7, 5], "uv": [23, 23]}
				]
			},
			{
				"name": "body2",
				"parent": "body",
				"pivot": [0, 0, 3],
				"rotation": [5, 0, 0],
				"cubes": [
					{"origin": [-6.5, 9, -3], "size": [9, 7, 5], "uv": [0, 13]},
					{"origin": [-5.5, 14.5, -3], "size": [7, 2, 5], "uv": [23, 8]}
				]
			},
			{
				"name": "body3",
				"parent": "body",
				"pivot": [0, 0, 3],
				"rotation": [15, 0, 0],
				"cubes": [
					{"origin": [-6, 10, -6], "size": [8, 7, 6], "uv": [0, 0]}
				]
			},
			{
				"name": "body4",
				"parent": "body",
				"pivot": [0, 0, 3],
				"rotation": [-5, 0, 0],
				"cubes": [
					{"origin": [-5.5, 9.4, 2.5], "size": [7, 6, 2], "uv": [28, 0]}
				]
			},
			{
				"name": "body5",
				"parent": "body",
				"pivot": [0, 0, 3],
				"rotation": [-5, 0, 0],
				"cubes": [
					{"origin": [-3.5, 12.7, 4.5], "size": [3, 2, 1], "uv": [23, 15]}
				]
			},
			{
				"name": "body6",
				"parent": "body",
				"pivot": [0, 0, 3],
				"rotation": [15, 0, 0],
				"cubes": [
					{"origin": [-3, 7.7, 8.5], "size": [2, 4, 1], "uv": [0, 0]}
				]
			},
			{
				"name": "head",
				"parent": "body0",
				"pivot": [0, 2, 5],
				"cubes": [
					{"origin": [-5, 10, -9], "size": [6, 6, 3], "uv": [0, 34]}
				]
			},
			{
				"name": "head2",
				"parent": "head",
				"pivot": [0, 2, 5],
				"rotation": [-10, 0, 0],
				"cubes": [
					{"origin": [-4.5, 8, -12], "size": [5, 5, 2], "uv": [16, 44]}
				]
			},
			{
				"name": "head3",
				"parent": "head",
				"pivot": [0, 2, 5],
				"rotation": [-15, 0, 0],
				"cubes": [
					{"origin": [-4, 7, -15], "size": [4, 4, 4], "uv": [28, 15]}
				]
			},
			{
				"name": "head4",
				"parent": "head",
				"pivot": [0, 2, 5],
				"rotation": [-10, 0, 0],
				"cubes": [
					{"origin": [-4.5, 8.4, -18], "size": [5, 5, 4], "uv": [0, 25]},
					{"origin": [-3.5, 13, -17.7], "size": [3, 1, 3], "uv": [44, 24]}
				]
			},
			{
				"name": "head5",
				"parent": "head",
				"pivot": [0, 2, 5],
				"rotation": [30, 0, 0],
				"cubes": [
					{"origin": [-3.5, 20.5, -9], "size": [3, 3, 3], "uv": [44, 12]}
				]
			},
			{
				"name": "head6",
				"parent": "head",
				"pivot": [0, 2, 5],
				"rotation": [50, 5, 0],
				"cubes": [
					{"origin": [1.3, 23.5, 3.7], "size": [1, 2, 3], "uv": [51, 51]},
					{"origin": [1.3, 24, 6.7], "size": [1, 1, 1], "uv": [0, 15]}
				]
			},
			{
				"name": "head7",
				"parent": "head",
				"pivot": [0, 2, 5],
				"rotation": [50, -5, 0],
				"cubes": [
					{"origin": [-6.3, 23.3, 4], "size": [1, 2, 3], "uv": [50, 38]},
					{"origin": [-6.3, 23.8, 7], "size": [1, 1, 1], "uv": [0, 13]}
				]
			},
			{
				"name": "head8",
				"parent": "head",
				"pivot": [0, 2, 5],
				"rotation": [60, 10, 0],
				"cubes": [
					{"origin": [2.1, 25.6, 7.1], "size": [1, 1, 3], "uv": [15, 31]}
				]
			},
			{
				"name": "head9",
				"parent": "head",
				"pivot": [0, 2, 5],
				"rotation": [60, -10, 0],
				"cubes": [
					{"origin": [-7.1, 25, 7.5], "size": [1, 1, 3], "uv": [14, 25]}
				]
			}
		]
	}
}