{
	"format_version": "1.10.0",
	"geometry.elefante": {
		"texturewidth": 128,
		"textureheight": 128,
		"visible_bounds_width": 3,
		"visible_bounds_height": 2,
		"visible_bounds_offset": [0, 1, 0],
		"bones": [
			{
				"name": "leg2",
				"pivot": [0, 0, 0],
				"cubes": [
					{"origin": [-6.5, 7, 5.5], "size": [5, 7, 6], "uv": [22, 41]},
					{"origin": [-6, 0.2, 6], "size": [4, 8, 4], "uv": [16, 65]}
				]
			},
			{
				"name": "leg1",
				"pivot": [0, 0, 0],
				"cubes": [
					{"origin": [-5.5, 7, -9], "size": [5, 6, 5], "uv": [42, 54]},
					{"origin": [-5, -0.5, -9], "size": [4, 8, 4], "uv": [48, 65]}
				]
			},
			{
				"name": "body",
				"pivot": [0, 0, 0],
				"rotation": [-3, 0, 0],
				"cubes": [
					{"origin": [-6, 9, 1], "size": [13, 12, 11], "uv": [0, 0]}
				]
			},
			{
				"name": "body1",
				"parent": "body",
				"pivot": [0, 0, 0],
				"rotation": [5, 0, 0],
				"cubes": [
					{"origin": [-5, 8.5, -9], "size": [11, 12, 12], "uv": [48, 0]}
				]
			},
			{
				"name": "leg3",
				"pivot": [0, 0, 0],
				"cubes": [
					{"origin": [2.5, 7, 5.5], "size": [5, 7, 6], "uv": [0, 41]},
					{"origin": [3, 0.2, 6], "size": [4, 8, 4], "uv": [32, 65]}
				]
			},
			{
				"name": "leg0",
				"pivot": [0, 0, 0],
				"cubes": [
					{"origin": [1.5, 7, -9], "size": [5, 6, 5], "uv": [22, 54]},
					{"origin": [2, -0.5, -9], "size": [4, 8, 4], "uv": [0, 65]}
				]
			},
			{
				"name": "head",
				"pivot": [0, 2, 3],
				"rotation": [-10, 0, 0],
				"cubes": [
					{"origin": [-3, 15.6, -13], "size": [7, 5, 5], "uv": [44, 41]},
					{"origin": [-3, 11, -14], "size": [7, 5, 6], "uv": [34, 24]}
				]
			},
			{
				"name": "head1",
				"parent": "head",
				"pivot": [0, 3, 4],
				"rotation": [20, 0, 0],
				"cubes": [
					{"origin": [-4, 16, -14], "size": [9, 9, 8], "uv": [0, 24]}
				]
			},
			{
				"name": "head2",
				"parent": "head",
				"pivot": [0, 3, 4],
				"rotation": [5, 0, -10],
				"cubes": [
					{"origin": [-1, 17.8, -18], "size": [4, 4, 7], "uv": [68, 41]}
				]
			},
			{
				"name": "head3",
				"parent": "head",
				"pivot": [0, 3, 4],
				"rotation": [5, 0, 10],
				"cubes": [
					{"origin": [-2.1, 18, -18], "size": [4, 4, 7], "uv": [0, 54]}
				]
			},
			{
				"name": "head4",
				"parent": "head",
				"pivot": [0, 2, 3],
				"rotation": [-15, -15, -15],
				"cubes": [
					{"origin": [1.5, 1, -19], "size": [2, 5, 2], "uv": [0, 91]}
				]
			},
			{
				"name": "head5",
				"parent": "head",
				"pivot": [0, 2, 3],
				"rotation": [-15, 15, 15],
				"cubes": [
					{"origin": [-2, 2, -19], "size": [2, 5, 2], "uv": [34, 91]}
				]
			},
			{
				"name": "head6",
				"parent": "head",
				"pivot": [0, 2, 3],
				"rotation": [-30, -15.5, 0],
				"cubes": [
					{"origin": [0, -6.5, -18.3], "size": [2, 5, 2], "uv": [16, 91]}
				]
			},
			{
				"name": "head7",
				"parent": "head",
				"pivot": [0, 2, 3],
				"rotation": [-30, 15, 0],
				"cubes": [
					{"origin": [-0.5, -6, -18.3], "size": [2, 5, 2], "uv": [8, 91]}
				]
			},
			{
				"name": "head8",
				"parent": "head",
				"pivot": [0, 2, 3],
				"rotation": [5, 30, 0],
				"cubes": [
					{"origin": [1, 12, -14], "size": [6, 8, 1], "uv": [14, 77]}
				]
			},
			{
				"name": "head9",
				"parent": "head",
				"pivot": [0, 2, 3],
				"rotation": [5, -30, 0],
				"cubes": [
					{"origin": [-6, 12, -14.5], "size": [6, 8, 1], "uv": [0, 77]}
				]
			},
			{
				"name": "head10",
				"parent": "head",
				"pivot": [0, 2, 3],
				"rotation": [3, 0, 0],
				"cubes": [
					{"origin": [-3, 11, -19.5], "size": [7, 7, 5], "uv": [60, 24]}
				]
			},
			{
				"name": "head11",
				"parent": "head",
				"pivot": [0, 2, 3],
				"rotation": [-10, 0, 0],
				"cubes": [
					{"origin": [-3, 5, -20.5], "size": [7, 3, 4], "uv": [62, 54]}
				]
			},
			{
				"name": "head12",
				"parent": "head",
				"pivot": [0, 2, 3],
				"rotation": [-5, 0, 0],
				"cubes": [
					{"origin": [-2.5, 4, -20.2], "size": [6, 3, 4], "uv": [64, 65]}
				]
			},
			{
				"name": "head13",
				"parent": "head",
				"pivot": [0, 2, 3],
				"cubes": [
					{"origin": [-1.5, 3, -19.5], "size": [4, 3, 3], "uv": [36, 83]}
				]
			},
			{
				"name": "head14",
				"parent": "head",
				"pivot": [0, 2, 3],
				"rotation": [10, 0, 0],
				"cubes": [
					{"origin": [-1, 4, -18.4], "size": [3, 3, 2], "uv": [24, 91]}
				]
			},
			{
				"name": "tail",
				"pivot": [0, 0, 0],
				"rotation": [15, 0, 0],
				"cubes": [
					{"origin": [-0.5, 4, 16], "size": [2, 12, 2], "uv": [28, 77]},
					{"origin": [-1.5, 1, 15.5], "size": [4, 3, 3], "uv": [36, 77]},
					{"origin": [-1.5, 0, 16.5], "size": [4, 1, 2], "uv": [50, 77]}
				]
			}
		]
	}
}