{
	"format_version": "1.10.0",
	"geometry.emu": {
		"texturewidth": 128,
		"textureheight": 128,
		"visible_bounds_width": 2,
		"visible_bounds_height": 3,
		"visible_bounds_offset": [0, 1.5, 0],
		"bones": [
			{
				"name": "body",
				"pivot": [0, 0, 0],
				"rotation": [-5, 0, 0],
				"cubes": [
					{"origin": [-6, 9, -10], "size": [12, 8, 16], "uv": [0, 0]}
				]
			},
			{
				"name": "body1",
				"parent": "body",
				"pivot": [0, 0, 0],
				"rotation": [5, 0, 0],
				"cubes": [
					{"origin": [-5, 11, -10], "size": [10, 7, 4], "uv": [52, 44]}
				]
			},
			{
				"name": "body2",
				"parent": "body",
				"pivot": [0, 0, 0],
				"cubes": [
					{"origin": [-5, 10, -7], "size": [10, 8, 13], "uv": [56, 0]}
				]
			},
			{
				"name": "body3",
				"parent": "body",
				"pivot": [0, 0, 0],
				"rotation": [10, 0, 0],
				"cubes": [
					{"origin": [-5, 12, -6], "size": [10, 7, 13], "uv": [0, 24]}
				]
			},
			{
				"name": "body4",
				"parent": "body",
				"pivot": [0, 0, 0],
				"rotation": [-20, 0, 0],
				"cubes": [
					{"origin": [-5, 10, -1], "size": [10, 8, 6], "uv": [46, 24]}
				]
			},
			{
				"name": "body5",
				"parent": "body",
				"pivot": [0, 0, 0],
				"rotation": [30, 0, 0],
				"cubes": [
					{"origin": [-3, 16, -4], "size": [6, 7, 6], "uv": [0, 63]}
				]
			},
			{
				"name": "body6",
				"parent": "body",
				"pivot": [0, 0, 0],
				"rotation": [20, 0, 0],
				"cubes": [
					{"origin": [-2, 19, -7], "size": [4, 7, 4], "uv": [24, 63]}
				]
			},
			{
				"name": "head",
				"pivot": [0, 0, 0]
			},
			{
				"name": "head2",
				"parent": "head",
				"pivot": [0, 0, 0],
				"rotation": [5, 0, 0],
				"cubes": [
					{"origin": [-1, 23, -10], "size": [2, 15, 2], "uv": [40, 63]}
				]
			},
			{
				"name": "head3",
				"parent": "head",
				"pivot": [0, 0, 0],
				"cubes": [
					{"origin": [-1, 37, -15], "size": [2, 2, 4], "uv": [16, 80]},
					{"origin": [-1, 37, -17], "size": [2, 1, 2], "uv": [0, 90]}
				]
			},
			{
				"name": "wing0",
				"pivot": [0, 0, 0],
				"rotation": [0, 0, -5],
				"cubes": [
					{"origin": [7, 10, -7], "size": [1, 7, 12], "uv": [26, 44]}
				]
			},
			{
				"name": "wing1",
				"pivot": [0, 0, 0],
				"rotation": [0, 0, 5],
				"cubes": [
					{"origin": [-8, 10, -7], "size": [1, 7, 12], "uv": [0, 44]}
				]
			},
			{
				"name": "leg0",
				"pivot": [0, 0, 0],
				"cubes": [
					{"origin": [-4, 0, -1], "size": [2, 8, 2], "uv": [36, 80]}
				]
			},
			{
				"name": "leg0a",
				"parent": "leg0",
				"pivot": [0, 0, 0],
				"rotation": [10, 0, 0],
				"cubes": [
					{"origin": [-5, 7, -1], "size": [4, 4, 4], "uv": [48, 63]}
				]
			},
			{
				"name": "leg0b",
				"parent": "leg0",
				"pivot": [0, 0, 0],
				"cubes": [
					{"origin": [-4, 0, -3], "size": [2, 1, 3], "uv": [44, 80]}
				]
			},
			{
				"name": "leg1",
				"pivot": [0, 0, 0],
				"cubes": [
					{"origin": [2, 0, -1], "size": [2, 8, 2], "uv": [28, 80]}
				]
			},
			{
				"name": "leg1a",
				"parent": "leg1",
				"pivot": [0, 0, 0],
				"rotation": [10, 0, 0],
				"cubes": [
					{"origin": [1, 7, -1], "size": [4, 4, 4], "uv": [0, 80]}
				]
			},
			{
				"name": "leg1b",
				"parent": "leg1",
				"pivot": [0, 0, 0],
				"cubes": [
					{"origin": [2, 0, -3], "size": [2, 1, 3], "uv": [44, 84]}
				]
			}
		]
	}
}