{
	"format_version": "1.10.0",
	"geometry.esquilo": {
		"texturewidth": 128,
		"textureheight": 128,
		"visible_bounds_width": 2,
		"visible_bounds_height": 2,
		"visible_bounds_offset": [0, 1, 0],
		"bones": [
			{
				"name": "body",
				"pivot": [0, 0, 0],
				"cubes": [
					{"origin": [-3, 6, -6], "size": [5, 5, 5], "uv": [40, 24]}
				]
			},
			{
				"name": "body2",
				"parent": "body",
				"pivot": [0, 0, 0],
				"rotation": [-10, 0, 0],
				"cubes": [
					{"origin": [-3, 4.8, -3], "size": [5, 6, 7], "uv": [24, 0]}
				]
			},
			{
				"name": "body3",
				"parent": "body",
				"pivot": [0, 0, 0],
				"rotation": [-25, 0, 0],
				"cubes": [
					{"origin": [-3.5, 4.8, 0], "size": [6, 7, 6], "uv": [0, 0]}
				]
			},
			{
				"name": "body4",
				"parent": "body",
				"pivot": [0, 0, 0],
				"rotation": [-10, 0, 0],
				"cubes": [
					{"origin": [-2.5, 5.7, -10], "size": [4, 4, 4], "uv": [0, 45]}
				]
			},
			{
				"name": "leg2",
				"pivot": [0, 1, 0],
				"rotation": [-30, 0, 0],
				"cubes": [
					{"origin": [-4.6, 6, -1], "size": [3, 4, 7], "uv": [44, 13]}
				]
			},
			{
				"name": "leg2a",
				"parent": "leg2",
				"pivot": [0, 1, 0],
				"rotation": [5, 0, 0],
				"cubes": [
					{"origin": [-4, 3, 4], "size": [2, 4, 2], "uv": [38, 58]}
				]
			},
			{
				"name": "leg2b",
				"parent": "leg2",
				"pivot": [0, 1, 0],
				"rotation": [30, 0, 0],
				"cubes": [
					{"origin": [-4.6, 0, 3], "size": [3, 1, 4], "uv": [30, 53]},
					{"origin": [-4, 0.5, 3], "size": [2, 1, 2], "uv": [8, 64]}
				]
			},
			{
				"name": "leg2c",
				"parent": "leg2",
				"pivot": [0, 1, 0],
				"rotation": [35, 0, 0],
				"cubes": [
					{"origin": [-4.7, -0.3, 2], "size": [1, 1, 1], "uv": [8, 67]},
					{"origin": [-3.6, -0.3, 2], "size": [1, 1, 2], "uv": [36, 64]},
					{"origin": [-2.5, -0.3, 2], "size": [1, 1, 1], "uv": [0, 67]}
				]
			},
			{
				"name": "leg3",
				"pivot": [-1, 1, 0],
				"rotation": [-30, 0, 0],
				"cubes": [
					{"origin": [0.6, 6, -1], "size": [3, 4, 7], "uv": [0, 24]}
				]
			},
			{
				"name": "leg3a",
				"parent": "leg3",
				"pivot": [-1, 1, 0],
				"rotation": [5, 0, 0],
				"cubes": [
					{"origin": [1, 3, 4], "size": [2, 4, 2], "uv": [46, 58]}
				]
			},
			{
				"name": "leg3b",
				"parent": "leg3",
				"pivot": [-1, 1, 0],
				"rotation": [30, 0, 0],
				"cubes": [
					{"origin": [0.6, 0, 3], "size": [3, 1, 4], "uv": [0, 53]},
					{"origin": [1, 0.5, 3], "size": [2, 1, 2], "uv": [0, 64]}
				]
			},
			{
				"name": "leg3c",
				"parent": "leg3",
				"pivot": [-1, 1, 0],
				"rotation": [35, 0, 0],
				"cubes": [
					{"origin": [2.7, -0.3, 2], "size": [1, 1, 1], "uv": [12, 67]},
					{"origin": [1.6, -0.3, 2], "size": [1, 1, 2], "uv": [48, 64]},
					{"origin": [0.5, -0.3, 2], "size": [1, 1, 1], "uv": [36, 67]}
				]
			},
			{
				"name": "leg0",
				"pivot": [0, 0, 0],
				"rotation": [10, 0, 0],
				"cubes": [
					{"origin": [0.2, 4.4, -4], "size": [3, 5, 3], "uv": [16, 45]}
				]
			},
			{
				"name": "leg0a",
				"parent": "leg0",
				"pivot": [0, 0, 0],
				"rotation": [-15, 0, 0],
				"cubes": [
					{"origin": [1, 0.4, -4.7], "size": [2, 4, 2], "uv": [30, 58]}
				]
			},
			{
				"name": "leg0b",
				"parent": "leg0",
				"pivot": [0, 0, 0],
				"rotation": [-10, 0, 0],
				"cubes": [
					{"origin": [0.5, 0, -5.5], "size": [3, 1, 3], "uv": [44, 53]}
				]
			},
			{
				"name": "leg0c",
				"parent": "leg0",
				"pivot": [0, 0, 0],
				"rotation": [-7, 0, 0],
				"cubes": [
					{"origin": [2.6, 0.2, -6.3], "size": [1, 1, 1], "uv": [4, 67]},
					{"origin": [1.5, 0.2, -6.4], "size": [1, 1, 2], "uv": [24, 64]},
					{"origin": [0.4, 0.2, -6.3], "size": [1, 1, 1], "uv": [16, 67]}
				]
			},
			{
				"name": "leg1",
				"pivot": [-1, 0, 0],
				"rotation": [10, 0, 0],
				"cubes": [
					{"origin": [-4.2, 4.4, -4], "size": [3, 5, 3], "uv": [28, 45]}
				]
			},
			{
				"name": "leg1a",
				"parent": "leg1",
				"pivot": [-1, 0, 0],
				"rotation": [-15, 0, 0],
				"cubes": [
					{"origin": [-4, 0.4, -4.7], "size": [2, 4, 2], "uv": [12, 58]}
				]
			},
			{
				"name": "leg1b",
				"parent": "leg1",
				"pivot": [-1, 0, 0],
				"rotation": [-10, 0, 0],
				"cubes": [
					{"origin": [-4.5, 0, -5.5], "size": [3, 1, 3], "uv": [56, 53]}
				]
			},
			{
				"name": "leg1c",
				"parent": "leg1",
				"pivot": [-1, 0, 0],
				"rotation": [-7, 0, 0],
				"cubes": [
					{"origin": [-4.6, 0.2, -6.3], "size": [1, 1, 1], "uv": [20, 67]},
					{"origin": [-3.5, 0.2, -6.4], "size": [1, 1, 2], "uv": [54, 64]},
					{"origin": [-2.4, 0.2, -6.3], "size": [1, 1, 1], "uv": [32, 67]}
				]
			},
			{
				"name": "head",
				"pivot": [0, -2, -2],
				"cubes": [
					{"origin": [-3, 7.5, -13], "size": [5, 4, 6], "uv": [22, 13]}
				]
			},
			{
				"name": "head2",
				"parent": "head",
				"pivot": [0, -2, -2],
				"cubes": [
					{"origin": [-1.5, 7.8, -15], "size": [2, 1, 2], "uv": [16, 64]},
					{"origin": [-2, 8.8, -16], "size": [3, 1, 3], "uv": [0, 58]},
					{"origin": [-1, 7.8, -15.6], "size": [1, 1, 0], "uv": [40, 67]}
				]
			},
			{
				"name": "head3",
				"parent": "head",
				"pivot": [0, -2, -2],
				"rotation": [20, 0, 0],
				"cubes": [
					{"origin": [-1.5, 12.8, -11], "size": [2, 1, 3], "uv": [20, 58]}
				]
			},
			{
				"name": "head4",
				"parent": "head",
				"pivot": [0, -2, -2],
				"rotation": [-5, -5, 5],
				"cubes": [
					{"origin": [-0.5, 10.5, -11], "size": [1, 1, 2], "uv": [42, 64]},
					{"origin": [-0.5, 11.5, -10.5], "size": [1, 1, 1], "uv": [28, 67]}
				]
			},
			{
				"name": "head5",
				"parent": "head",
				"pivot": [0, -2, -2],
				"rotation": [-5, 5, -5],
				"cubes": [
					{"origin": [-1.5, 10.5, -11], "size": [1, 1, 2], "uv": [30, 64]},
					{"origin": [-1.5, 11.5, -10.5], "size": [1, 1, 1], "uv": [24, 67]}
				]
			},
			{
				"name": "tail",
				"pivot": [0, 0, 0],
				"cubes": [
					{"origin": [-4, 4, 8], "size": [7, 4, 3], "uv": [36, 35]},
					{"origin": [-3.5, 3, 8], "size": [6, 1, 2], "uv": [14, 53]}
				]
			},
			{
				"name": "tail2",
				"parent": "tail",
				"pivot": [0, 0, 0],
				"rotation": [-10, 0, 0],
				"cubes": [
					{"origin": [-3, 7, 8], "size": [5, 6, 4], "uv": [0, 35]},
					{"origin": [-2.5, 13, 8], "size": [4, 2, 3], "uv": [40, 45]}
				]
			},
			{
				"name": "tail3",
				"parent": "tail",
				"pivot": [0, 0, 0],
				"rotation": [-10, 0, 0],
				"cubes": [
					{"origin": [-3, 12, 5], "size": [5, 5, 4], "uv": [18, 35]}
				]
			},
			{
				"name": "tail4",
				"parent": "tail",
				"pivot": [0, 0, 0],
				"rotation": [-15, 0, 0],
				"cubes": [
					{"origin": [-3.5, 13, -2], "size": [6, 4, 6], "uv": [48, 0]}
				]
			},
			{
				"name": "tail5",
				"parent": "tail",
				"pivot": [0, 0, 0],
				"rotation": [-10, 0, 0],
				"cubes": [
					{"origin": [-3, 12, -5], "size": [5, 4, 6], "uv": [0, 13]}
				]
			},
			{
				"name": "tail6",
				"parent": "tail",
				"pivot": [0, 0, 0],
				"rotation": [-10, 0, 0],
				"cubes": [
					{"origin": [-3.5, 13, -8], "size": [6, 6, 4], "uv": [20, 24]},
					{"origin": [-3, 18, -6], "size": [5, 3, 4], "uv": [56, 35]}
				]
			}
		]
	}
}