{
	"format_version": "1.10.0",
	"geometry.feneco": {
		"texturewidth": 32,
		"textureheight": 32,
		"visible_bounds_width": 2,
		"visible_bounds_height": 1,
		"visible_bounds_offset": [0, 0.5, 0],
		"bones": [
			{
				"name": "leg2",
				"pivot": [-2, 3, 6],
				"cubes": [
					{"origin": [-2, 0, 6], "size": [1, 3, 1], "uv": [8, 25]}
				]
			},
			{
				"name": "leg3",
				"pivot": [2, 3, 6],
				"cubes": [
					{"origin": [1, 0, 6], "size": [1, 3, 1], "uv": [4, 25]}
				]
			},
			{
				"name": "leg0",
				"pivot": [2, 3, -2],
				"cubes": [
					{"origin": [1, 0, 1], "size": [1, 3, 1], "uv": [0, 25]}
				]
			},
			{
				"name": "leg1",
				"pivot": [-2, 3, -2],
				"cubes": [
					{"origin": [-2, 0, 1], "size": [1, 3, 1], "uv": [20, 21]}
				]
			},
			{
				"name": "body",
				"pivot": [0, 11, 4],
				"rotation": [90, 0, 0],
				"cubes": [
					{"origin": [-2, 7, -5], "size": [4, 7, 4], "uv": [0, 10]}
				]
			},
			{
				"name": "head",
				"pivot": [0, 9, -3],
				"cubes": [
					{"origin": [-3, 1.4, -3], "size": [6, 5, 5], "uv": [0, 0]},
					{"origin": [-1, 2, -5], "size": [2, 1, 2], "uv": [0, 21]}
				]
			},
			{
				"name": "head1",
				"parent": "head",
				"pivot": [0, 0, 0],
				"rotation": [0, 0, 5],
				"cubes": [
					{"origin": [1, 6.4, -2], "size": [2, 3, 1], "uv": [14, 21]}
				]
			},
			{
				"name": "head2",
				"parent": "head",
				"pivot": [0, 0, 0],
				"rotation": [0, 0, -5],
				"cubes": [
					{"origin": [-3, 6.4, -2], "size": [2, 3, 1], "uv": [8, 21]}
				]
			},
			{
				"name": "tail",
				"pivot": [0, 0, 0],
				"rotation": [120, 0, 0],
				"cubes": [
					{"origin": [-1, -15, -1.55], "size": [2, 7, 3], "uv": [16, 10]}
				]
			}
		]
	}
}