{
	"format_version": "1.10.0",
	"geometry.flamingo": {
		"texturewidth": 64,
		"textureheight": 64,
		"visible_bounds_width": 2,
		"visible_bounds_height": 2,
		"visible_bounds_offset": [0, 1, 0],
		"bones": [
			{
				"name": "body",
				"pivot": [4, 18, 6],
				"rotation": [-10, 0, 0],
				"cubes": [
					{"origin": [-2, 9, -2], "size": [4, 4, 8], "uv": [28, 0]},
					{"origin": [-3, 8, -1], "size": [6, 6, 8], "uv": [0, 0]}
				]
			},
			{
				"name": "body0",
				"parent": "body",
				"pivot": [2, 18, 9],
				"rotation": [-30, 0, 0],
				"cubes": [
					{"origin": [-3, 7.8, 6.26795], "size": [6, 4, 6], "uv": [0, 14]}
				]
			},
			{
				"name": "body1",
				"parent": "body",
				"pivot": [3, 19, 12],
				"rotation": [-45, 0, 0],
				"cubes": [
					{"origin": [-2, 7.26791, 11.71442], "size": [4, 3, 6], "uv": [40, 27]}
				]
			},
			{
				"name": "body2",
				"parent": "body",
				"pivot": [6.5, 19, 2],
				"rotation": [-10, 0, 0],
				"cubes": [
					{"origin": [3, 8.6527, 0.03038], "size": [1, 4, 9], "uv": [24, 14]}
				]
			},
			{
				"name": "body3",
				"parent": "body",
				"pivot": [-0.5, 19, 2],
				"rotation": [-10, 0, 0],
				"cubes": [
					{"origin": [-4, 8.6527, 0.03038], "size": [1, 4, 9], "uv": [0, 27]}
				]
			},
			{
				"name": "leg1",
				"pivot": [-2, 16, 2.5],
				"cubes": [
					{"origin": [-2.8, 5, 1.7], "size": [1.5, 1.5, 1.5], "uv": [6, 55]},
					{"origin": [-2.5, 6, 2], "size": [1, 5, 1], "uv": [24, 49]}
				]
			},
			{
				"name": "leg1a",
				"parent": "leg1",
				"pivot": [-2, 9, 2.5],
				"cubes": [
					{"origin": [-2.5, 1, 2], "size": [1, 5, 1], "uv": [28, 49]}
				]
			},
			{
				"name": "leg1b",
				"parent": "leg1",
				"pivot": [-2, 1, 1.5],
				"cubes": [
					{"origin": [-3.5, 0, 0], "size": [3, 1, 3], "uv": [0, 49]}
				]
			},
			{
				"name": "leg0",
				"pivot": [0, 0, 0],
				"cubes": [
					{"origin": [1.5, 6, 2], "size": [1, 5, 1], "uv": [32, 49]},
					{"origin": [1.2, 5, 1.7], "size": [1.5, 1.5, 1.5], "uv": [10, 55]}
				]
			},
			{
				"name": "leg0a",
				"parent": "leg0",
				"pivot": [0, 0, 0],
				"cubes": [
					{"origin": [1.5, 1, 2], "size": [1, 5, 1], "uv": [36, 49]}
				]
			},
			{
				"name": "leg0b",
				"parent": "leg0",
				"pivot": [0, 0, 0],
				"cubes": [
					{"origin": [0.5, 0, 0], "size": [3, 1, 3], "uv": [12, 49]}
				]
			},
			{
				"name": "head",
				"pivot": [0, 0, 0],
				"rotation": [5, 0, 0],
				"cubes": [
					{"origin": [-2, 20.3473, -4.96962], "size": [4, 4, 5], "uv": [0, 40]}
				]
			},
			{
				"name": "head1",
				"parent": "head",
				"pivot": [0, 0, 0],
				"rotation": [-105, 0, 0],
				"cubes": [
					{"origin": [-1, -7.96962, -19.6527], "size": [2, 2.2, 8], "uv": [20, 27]}
				]
			},
			{
				"name": "head2",
				"parent": "head",
				"pivot": [0, 0, 0],
				"rotation": [-10, 0, 0],
				"cubes": [
					{"origin": [-1, 10.48236, -6.93185], "size": [2, 2, 4], "uv": [32, 40]}
				]
			},
			{
				"name": "head3",
				"parent": "head",
				"pivot": [0, 0, 0],
				"cubes": [
					{"origin": [-1, 20.3473, -8.96962], "size": [2, 2, 5], "uv": [18, 40]}
				]
			},
			{
				"name": "head4",
				"parent": "head",
				"pivot": [0, 0, 0],
				"rotation": [80, 0, 0],
				"cubes": [
					{"origin": [-0.7, 11.28524, 17.40025], "size": [1.4, 1.6, 2.8], "uv": [0, 55]}
				]
			}
		]
	}
}