{
	"format_version": "1.10.0",
	"geometry.formiga": {
		"texturewidth": 32,
		"textureheight": 32,
		"visible_bounds_width": 1,
		"visible_bounds_height": 1,
		"visible_bounds_offset": [0, 0.5, 0],
		"bones": [
			{
				"name": "body",
				"pivot": [0, 0, 0],
				"cubes": [
					{"origin": [0, 2, 1], "size": [1, 1, 1], "uv": [16, 26]}
				]
			},
			{
				"name": "body2",
				"parent": "body",
				"pivot": [0, 0, 0],
				"cubes": [
					{"origin": [-1, 1, -2], "size": [3, 3, 3], "uv": [14, 0]},
					{"origin": [0, 2, -3], "size": [1, 1, 1], "uv": [8, 26]}
				]
			},
			{
				"name": "body3",
				"parent": "body",
				"pivot": [0, 0, 0],
				"rotation": [-3, 0, 0],
				"cubes": [
					{"origin": [-1, 1, 1.5], "size": [3, 3, 4], "uv": [0, 0]},
					{"origin": [-0.5, 1.5, 5], "size": [2, 2, 1], "uv": [12, 7]}
				]
			},
			{
				"name": "head",
				"pivot": [0, 0, 0],
				"rotation": [5, 0, 0],
				"cubes": [
					{"origin": [-1, 2, -5], "size": [3, 3, 3], "uv": [0, 7]}
				]
			},
			{
				"name": "head2",
				"parent": "head",
				"pivot": [0, 0, 0],
				"rotation": [5, -5, 0],
				"cubes": [
					{"origin": [-1.1, 2.5, -5.45], "size": [1, 1, 1], "uv": [0, 29]}
				]
			},
			{
				"name": "head3",
				"parent": "head",
				"pivot": [0, 0, 0],
				"rotation": [5, 5, 0],
				"cubes": [
					{"origin": [1, 2.5, -5.4], "size": [1, 1, 1], "uv": [12, 26]}
				]
			},
			{
				"name": "head4",
				"parent": "head",
				"pivot": [0, 0, 0],
				"rotation": [65, 0, 0],
				"cubes": [
					{"origin": [-0.8, 5, 2], "size": [1, 3, 1], "uv": [12, 13]}
				]
			},
			{
				"name": "head5",
				"parent": "head",
				"pivot": [0, 0, 0],
				"rotation": [65, 0, 0],
				"cubes": [
					{"origin": [0.8, 5, 2], "size": [1, 3, 1], "uv": [8, 18]}
				]
			},
			{
				"name": "head6",
				"parent": "head",
				"pivot": [0, 0, 0],
				"rotation": [90, 0, 0],
				"cubes": [
					{"origin": [-0.7, 6, 5], "size": [1, 2, 1], "uv": [8, 22]}
				]
			},
			{
				"name": "head7",
				"parent": "head",
				"pivot": [0, 0, 0],
				"rotation": [90, 0, 0],
				"cubes": [
					{"origin": [0.7, 6, 5], "size": [1, 2, 1], "uv": [4, 26]}
				]
			},
			{
				"name": "leg1",
				"pivot": [0, 0, 0],
				"rotation": [0, 0, 70],
				"cubes": [
					{"origin": [-3, -3, 1], "size": [1, 4, 1], "uv": [4, 13]}
				]
			},
			{
				"name": "leg2",
				"pivot": [0, 0, 0],
				"rotation": [10, 0, 10],
				"cubes": [
					{"origin": [-4.2, -1, 1], "size": [1, 2, 1], "uv": [4, 22]}
				]
			},
			{
				"name": "leg3",
				"pivot": [0, 0, 0],
				"rotation": [0, 0, 75],
				"cubes": [
					{"origin": [-3, -3, -1], "size": [1, 4, 1], "uv": [8, 13]}
				]
			},
			{
				"name": "leg4",
				"pivot": [0, 0, 0],
				"rotation": [0, 0, 10],
				"cubes": [
					{"origin": [-4, -1, -1.1], "size": [1, 3, 1], "uv": [0, 18]}
				]
			},
			{
				"name": "leg5",
				"pivot": [0, 0, 0],
				"rotation": [-30, 0, 65],
				"cubes": [
					{"origin": [-3, -2, -2], "size": [1, 2, 1], "uv": [12, 22]}
				]
			},
			{
				"name": "leg6",
				"pivot": [0, 0, 0],
				"rotation": [0, 0, 10],
				"cubes": [
					{"origin": [-3, -1, -3], "size": [1, 3, 1], "uv": [4, 18]}
				]
			},
			{
				"name": "leg7",
				"pivot": [0, 0, 0],
				"rotation": [0, 0, -70],
				"cubes": [
					{"origin": [2.2, -3.8, 1], "size": [1, 4, 1], "uv": [0, 13]}
				]
			},
			{
				"name": "leg8",
				"pivot": [0, 0, 0],
				"rotation": [10, 0, -10],
				"cubes": [
					{"origin": [4.1, -1.3, 1], "size": [1, 2, 1], "uv": [16, 22]}
				]
			},
			{
				"name": "leg9",
				"pivot": [0, 0, 0],
				"rotation": [0, 0, -75],
				"cubes": [
					{"origin": [2.2, -3.8, -1], "size": [1, 4, 1], "uv": [18, 7]}
				]
			},
			{
				"name": "leg10",
				"pivot": [0, 0, 0],
				"rotation": [0, 0, -10],
				"cubes": [
					{"origin": [4, -1.2, -1.1], "size": [1, 3, 1], "uv": [12, 18]}
				]
			},
			{
				"name": "leg11",
				"pivot": [0, 0, 0],
				"rotation": [-30, 0, -65],
				"cubes": [
					{"origin": [2.5, -3, -1.5], "size": [1, 2, 1], "uv": [0, 26]}
				]
			},
			{
				"name": "leg12",
				"pivot": [0, 0, 0],
				"rotation": [0, 0, -10],
				"cubes": [
					{"origin": [3.2, -1, -3], "size": [1, 3, 1], "uv": [0, 22]}
				]
			}
		]
	}
}