{
	"format_version": "1.10.0",
	"geometry.gamba": {
		"texturewidth": 128,
		"textureheight": 128,
		"visible_bounds_width": 4,
		"visible_bounds_height": 1,
		"visible_bounds_offset": [0, 0.5, 0],
		"bones": [
			{
				"name": "body",
				"pivot": [0, 1, 0],
				"cubes": [
					{"origin": [-4.5, 3.5, 2], "size": [9, 9, 8], "uv": [0, 0]},
					{"origin": [-3.5, 4.3, -8], "size": [7, 7, 6], "uv": [30, 34]}
				]
			},
			{
				"name": "body2",
				"parent": "body",
				"pivot": [0, 1, 0],
				"rotation": [2, 0, 0],
				"cubes": [
					{"origin": [-4, 4, -3], "size": [8, 8, 7], "uv": [30, 17]}
				]
			},
			{
				"name": "head",
				"pivot": [0, 0, 0],
				"rotation": [-5, 0, 0],
				"cubes": [
					{"origin": [-3, 5, -11], "size": [6, 4, 4], "uv": [18, 58]}
				]
			},
			{
				"name": "head2",
				"parent": "head",
				"pivot": [0, 0, 0],
				"rotation": [20, 0, 0],
				"cubes": [
					{"origin": [-3.5, 8, -11], "size": [7, 5, 5], "uv": [56, 34]},
					{"origin": [-1, 10.1, -14.1], "size": [2, 1, 1], "uv": [0, 89]},
					{"origin": [-0.5, 9.1, -14.1], "size": [1, 1, 1], "uv": [30, 89]}
				]
			},
			{
				"name": "head3",
				"parent": "head",
				"pivot": [0, 0, 0],
				"rotation": [20, 0, 0],
				"cubes": [
					{"origin": [-1.5, 8, -13], "size": [3, 1, 3], "uv": [26, 75]}
				]
			},
			{
				"name": "head4",
				"parent": "head",
				"pivot": [0, 0, 0],
				"rotation": [20, 0, 0],
				"cubes": [
					{"origin": [-2, 9, -14], "size": [4, 2, 4], "uv": [0, 68]}
				]
			},
			{
				"name": "head5",
				"parent": "head",
				"pivot": [0, 0, 0],
				"rotation": [-27, 0, 0],
				"cubes": [
					{"origin": [-1.5, -2.2, -17], "size": [3, 3, 2], "uv": [0, 82]}
				]
			},
			{
				"name": "head6",
				"parent": "head",
				"pivot": [0, 0, 0],
				"rotation": [15, 10, 0],
				"cubes": [
					{"origin": [-2, 10, -10], "size": [2, 2, 1], "uv": [34, 82]}
				]
			},
			{
				"name": "head7",
				"parent": "head",
				"pivot": [0, 0, 0],
				"rotation": [15, -10, 0],
				"cubes": [
					{"origin": [0, 10, -10], "size": [2, 2, 1], "uv": [34, 85]}
				]
			},
			{
				"name": "tail",
				"pivot": [0, 1, 0],
				"cubes": [
					{"origin": [-3.5, 5, 9], "size": [7, 3, 2], "uv": [38, 58]},
					{"origin": [-3, 6, 8.5], "size": [6, 2, 3], "uv": [38, 63]},
					{"origin": [-3.5, 8, 9], "size": [7, 4, 4], "uv": [40, 47]}
				]
			},
			{
				"name": "tail2",
				"parent": "tail",
				"pivot": [0, 1, 0],
				"rotation": [-2, 0, 0],
				"cubes": [
					{"origin": [-4, 7.6, 12], "size": [8, 5, 7], "uv": [0, 34]}
				]
			},
			{
				"name": "tail3",
				"parent": "tail",
				"pivot": [0, 1, 0],
				"rotation": [-4, 0, 0],
				"cubes": [
					{"origin": [-4.5, 6.8, 18], "size": [9, 6, 8], "uv": [34, 0]},
					{"origin": [-3, 5.8, 16], "size": [6, 8, 9], "uv": [0, 17]},
					{"origin": [-3, 6.5, 13], "size": [6, 7, 3], "uv": [0, 58]}
				]
			},
			{
				"name": "leg1",
				"pivot": [0, 1, 0],
				"rotation": [-20, 0, 0],
				"cubes": [
					{"origin": [-6, 5.8, 0], "size": [3, 4, 7], "uv": [20, 47]}
				]
			},
			{
				"name": "leg1a",
				"parent": "leg1",
				"pivot": [0, 1, 0],
				"cubes": [
					{"origin": [-5.5, 2.3, 4], "size": [2, 5, 2], "uv": [38, 75]}
				]
			},
			{
				"name": "leg1b",
				"parent": "leg1",
				"pivot": [0, 1, 0],
				"rotation": [20, 0, 0],
				"cubes": [
					{"origin": [-6, 0, 2.5], "size": [3, 1, 4], "uv": [12, 75]},
					{"origin": [-5.5, 0.5, 3.5], "size": [2, 1, 2], "uv": [18, 85]}
				]
			},
			{
				"name": "leg1c",
				"parent": "leg1",
				"pivot": [0, 0, 0],
				"rotation": [22, 0, 0],
				"cubes": [
					{"origin": [-6.1, -0.2, 2], "size": [1, 1, 1], "uv": [54, 89]},
					{"origin": [-5, -0.2, 2], "size": [1, 1, 1], "uv": [50, 89]},
					{"origin": [-3.9, -0.2, 2], "size": [1, 1, 1], "uv": [46, 89]}
				]
			},
			{
				"name": "leg2",
				"pivot": [0, 1, 0],
				"rotation": [-20, 0, 0],
				"cubes": [
					{"origin": [3, 5.8, 0], "size": [3, 4, 7], "uv": [0, 47]}
				]
			},
			{
				"name": "leg2a",
				"parent": "leg2",
				"pivot": [0, 1, 0],
				"cubes": [
					{"origin": [3.5, 2.3, 4], "size": [2, 5, 2], "uv": [46, 75]}
				]
			},
			{
				"name": "leg2b",
				"parent": "leg2",
				"pivot": [0, 1, 0],
				"rotation": [20, 0, 0],
				"cubes": [
					{"origin": [3, 0, 2.5], "size": [3, 1, 4], "uv": [16, 68]},
					{"origin": [3.5, 0.5, 3.5], "size": [2, 1, 2], "uv": [26, 85]}
				]
			},
			{
				"name": "leg2c",
				"parent": "leg2",
				"pivot": [0, 0, 0],
				"rotation": [22, 0, 0],
				"cubes": [
					{"origin": [5.1, -0.2, 2], "size": [1, 1, 1], "uv": [22, 89]},
					{"origin": [4, -0.2, 2], "size": [1, 1, 1], "uv": [18, 89]},
					{"origin": [2.9, -0.2, 2], "size": [1, 1, 1], "uv": [14, 89]}
				]
			},
			{
				"name": "leg3",
				"pivot": [0, 0, 0],
				"rotation": [-5, 0, 0],
				"cubes": [
					{"origin": [-5, 3, -7], "size": [3, 4, 3], "uv": [44, 68]}
				]
			},
			{
				"name": "leg3a",
				"parent": "leg3",
				"pivot": [0, 0, 0],
				"rotation": [-5, 0, 0],
				"cubes": [
					{"origin": [-4.5, -0.6, -7], "size": [2, 5, 2], "uv": [54, 75]}
				]
			},
			{
				"name": "leg3b",
				"parent": "leg3",
				"pivot": [0, 0, 0],
				"rotation": [5, 0, 0],
				"cubes": [
					{"origin": [-5, 0, -8.5], "size": [3, 1, 4], "uv": [30, 68]},
					{"origin": [-4.5, 0.5, -7.5], "size": [2, 1, 2], "uv": [18, 82]}
				]
			},
			{
				"name": "leg3c",
				"parent": "leg3",
				"pivot": [0, 0, 0],
				"rotation": [6, 0, 0],
				"cubes": [
					{"origin": [-5.1, 0.1, -9], "size": [1, 1, 1], "uv": [26, 89]},
					{"origin": [-4, 0.1, -9], "size": [1, 1, 1], "uv": [10, 89]},
					{"origin": [-2.9, 0.1, -9], "size": [1, 1, 1], "uv": [42, 89]}
				]
			},
			{
				"name": "leg4",
				"pivot": [0, 0, 0],
				"rotation": [-5, 0, 0],
				"cubes": [
					{"origin": [2, 3, -7], "size": [3, 4, 3], "uv": [0, 75]}
				]
			},
			{
				"name": "leg4a",
				"parent": "leg4",
				"pivot": [0, 0, 0],
				"rotation": [-5, 0, 0],
				"cubes": [
					{"origin": [2.5, -0.6, -7], "size": [2, 5, 2], "uv": [10, 82]}
				]
			},
			{
				"name": "leg4b",
				"parent": "leg4",
				"pivot": [0, 0, 0],
				"rotation": [5, 0, 0],
				"cubes": [
					{"origin": [2, 0, -8.5], "size": [3, 1, 4], "uv": [56, 68]},
					{"origin": [2.5, 0.5, -7.5], "size": [2, 1, 2], "uv": [26, 82]}
				]
			},
			{
				"name": "leg4c",
				"parent": "leg4",
				"pivot": [0, 0, 0],
				"rotation": [6, 0, 0],
				"cubes": [
					{"origin": [4.1, 0.1, -9], "size": [1, 1, 1], "uv": [38, 89]},
					{"origin": [3, 0.1, -9], "size": [1, 1, 1], "uv": [6, 89]},
					{"origin": [1.9, 0.1, -9], "size": [1, 1, 1], "uv": [34, 89]}
				]
			}
		]
	}
}