{
	"format_version": "1.10.0",
	"geometry.girafa": {
		"texturewidth": 256,
		"textureheight": 256,
		"visible_bounds_width": 4,
		"visible_bounds_height": 6,
		"visible_bounds_offset": [0, 3, 0],
		"bones": [
			{
				"name": "body",
				"pivot": [0, 30, 5],
				"cubes": [
					{"origin": [-5, 23.73853, 0.98858], "size": [14, 15, 12], "uv": [56, 76]}
				]
			},
			{
				"name": "tail",
				"parent": "body",
				"pivot": [0, 35, 12],
				"rotation": [15, 0, 0],
				"cubes": [
					{"origin": [0.3, 22, 11], "size": [3.7, 14, 2.7], "uv": [91, 30]}
				]
			},
			{
				"name": "partTail",
				"parent": "tail",
				"pivot": [0, 22, 15],
				"cubes": [
					{"origin": [1.3, 12, 11], "size": [1.7, 10, 2.7], "uv": [55, 43]},
					{"origin": [-0.1, 14, 10.5], "size": [4.7, 6, 3.7], "uv": [0, 46]}
				]
			},
			{
				"name": "upperBody",
				"pivot": [0, 31, -3],
				"cubes": [
					{"origin": [-6, 23, -11.5], "size": [16, 17, 13], "uv": [68, 0]}
				]
			},
			{
				"name": "partNeck",
				"parent": "upperBody",
				"pivot": [0, 34, -7],
				"rotation": [-70, 0, 0],
				"cubes": [
					{"origin": [-3, 28.63803, -25.68], "size": [10, 11, 20], "uv": [42, 45]},
					{"origin": [0.8, 39, -27], "size": [2.7, 2, 22], "uv": [82, 30]}
				]
			},
			{
				"name": "neck",
				"parent": "partNeck",
				"pivot": [0, 35, -20],
				"cubes": [
					{"origin": [-2, 30.27927, -41.54254], "size": [8, 8, 23], "uv": [0, 34]},
					{"origin": [0.8, 38, -39.7], "size": [2.7, 2, 15], "uv": [0, 93]}
				]
			},
			{
				"name": "upperNeck",
				"parent": "neck",
				"pivot": [0, 35, -37],
				"cubes": [
					{"origin": [-1, 31.27927, -63.54254], "size": [6, 6, 28], "uv": [0, 0]},
					{"origin": [0.8, 37, -65], "size": [2.7, 2, 26], "uv": [0, 65]}
				]
			},
			{
				"name": "head",
				"parent": "upperNeck",
				"pivot": [2, 35, -66],
				"rotation": [75, 0, 0],
				"cubes": [
					{"origin": [-1.5, 30, -71.25], "size": [7, 6, 9], "uv": [59, 30]}
				]
			},
			{
				"name": "rightLer",
				"parent": "head",
				"pivot": [2, -21, -26.25],
				"rotation": [0, 0, -10],
				"cubes": [
					{"origin": [13.98481, 31.82635, -64.25], "size": [5, 3, 1], "uv": [39, 34]}
				]
			},
			{
				"name": "leftLer",
				"parent": "head",
				"pivot": [2, -21, -26.25],
				"rotation": [180, 180, 10],
				"cubes": [
					{"origin": [13.98481, -76.82635, -64.25], "size": [5, 3, 1], "uv": [14, 20]}
				]
			},
			{
				"name": "rightHorn",
				"parent": "head",
				"pivot": [2, -21, -26.25],
				"rotation": [-15, 0, 0],
				"cubes": [
					{"origin": [-1, 23, -79.25], "size": [2, 4, 2], "uv": [20, 0]}
				]
			},
			{
				"name": "leftHorn",
				"parent": "head",
				"pivot": [2, -21, -26.25],
				"rotation": [-15, 0, 0],
				"cubes": [
					{"origin": [3, 23, -79.25], "size": [2, 4, 2], "uv": [0, 0]}
				]
			},
			{
				"name": "face",
				"parent": "head",
				"pivot": [2, -21, -26.25],
				"rotation": [5, 0, 0],
				"cubes": [
					{"origin": [-0.9, 35.26147, -70.26142], "size": [5.9, 3, 7], "uv": [30, 76]}
				]
			},
			{
				"name": "mouth",
				"parent": "head",
				"pivot": [2, 33, -73.25],
				"rotation": [5, 0, 0],
				"cubes": [
					{"origin": [-0.5, 30.26147, -74.25], "size": [4.9, 2, 6], "uv": [0, 20]}
				]
			},
			{
				"name": "upperLeg0",
				"pivot": [-4, 24, -9],
				"cubes": [
					{"origin": [-8, 18.05236, -10.00046], "size": [6, 11, 7], "uv": [34, 96]}
				]
			},
			{
				"name": "partLeg0",
				"parent": "upperLeg0",
				"pivot": [-4, 17, -8],
				"cubes": [
					{"origin": [-7, 10.73853, -9.01142], "size": [4, 8, 4], "uv": [102, 54]}
				]
			},
			{
				"name": "leg0",
				"parent": "partLeg0",
				"pivot": [-4, 8, -10],
				"cubes": [
					{"origin": [-6.35, 1, -8.35], "size": [2.7, 11, 2.6], "uv": [60, 103]},
					{"origin": [-7, 0, -9], "size": [4, 2, 4], "uv": [60, 0]}
				]
			},
			{
				"name": "upperLeg1",
				"pivot": [4, 24, -9],
				"cubes": [
					{"origin": [6, 18.05236, -10.00046], "size": [6, 11, 7], "uv": [0, 65]}
				]
			},
			{
				"name": "partLeg1",
				"parent": "upperLeg1",
				"pivot": [4, 17, -10],
				"cubes": [
					{"origin": [6.8, 10.73853, -9.01142], "size": [4, 8, 4], "uv": [96, 76]}
				]
			},
			{
				"name": "leg1",
				"parent": "partLeg1",
				"pivot": [4, 8, -10],
				"cubes": [
					{"origin": [6.8, 0, -9], "size": [4, 2, 4], "uv": [52, 22]},
					{"origin": [7.4, 1, -8.35], "size": [2.7, 11, 2.6], "uv": [14, 44]}
				]
			},
			{
				"name": "upperLeg2",
				"pivot": [4, 24, 9],
				"cubes": [
					{"origin": [5, 17.84299, 3.99589], "size": [6, 12, 8], "uv": [40, 0]}
				]
			},
			{
				"name": "partLeg2",
				"parent": "upperLeg2",
				"pivot": [4, 17, 8],
				"cubes": [
					{"origin": [6, 10.26147, 7.01142], "size": [4, 8, 4], "uv": [39, 39]}
				]
			},
			{
				"name": "leg2",
				"parent": "partLeg2",
				"pivot": [3, 8, 7],
				"cubes": [
					{"origin": [6, 0, 7], "size": [4, 2, 4], "uv": [39, 51]},
					{"origin": [6.6, 0, 7.65], "size": [2.7, 12, 2.6], "uv": [19, 93]}
				]
			},
			{
				"name": "upperLeg3",
				"pivot": [-4, 24, 9],
				"cubes": [
					{"origin": [-7, 17.84299, 3.99589], "size": [6, 12, 8], "uv": [0, 0]}
				]
			},
			{
				"name": "partLeg3",
				"parent": "upperLeg3",
				"pivot": [-4, 17, 8],
				"cubes": [
					{"origin": [-6, 10.26147, 7.01142], "size": [4, 8, 4], "uv": [0, 34]}
				]
			},
			{
				"name": "leg3",
				"parent": "partLeg3",
				"pivot": [-4, 8, 9],
				"cubes": [
					{"origin": [-6, 0, 7], "size": [4, 2, 4], "uv": [40, 20]},
					{"origin": [-5.35, 0, 7.65], "size": [2.7, 12, 2.6], "uv": [0, 93]}
				]
			}
		]
	}
}