{
	"format_version": "1.10.0",
	"geometry.gnu": {
		"texturewidth": 256,
		"textureheight": 256,
		"visible_bounds_width": 4,
		"visible_bounds_height": 2,
		"visible_bounds_offset": [0, 1, 0],
		"bones": [
			{
				"name": "leg1",
				"pivot": [0, 0, 0],
				"cubes": [
					{"origin": [4, 0, -7], "size": [3, 2, 4], "uv": [84, 136], "mirror": true},
					{"origin": [4.5, 1, -5.5], "size": [2, 7, 3], "uv": [26, 136]}
				]
			},
			{
				"name": "leg1a",
				"parent": "leg1",
				"pivot": [0, 0, 0],
				"cubes": [
					{"origin": [4, 7, -7], "size": [3, 6, 5], "uv": [16, 114]},
					{"origin": [3, 12, -8.5], "size": [5, 13, 8], "uv": [26, 57]}
				]
			},
			{
				"name": "leg2",
				"pivot": [0, 0, 0],
				"cubes": [
					{"origin": [-6, 0, -7], "size": [3, 2, 4], "uv": [60, 136]},
					{"origin": [-5.5, 1, -5.5], "size": [2, 7, 3], "uv": [74, 136]}
				]
			},
			{
				"name": "leg2a",
				"parent": "leg2",
				"pivot": [0, 0, 0],
				"cubes": [
					{"origin": [-6, 7, -7], "size": [3, 6, 5], "uv": [32, 114]},
					{"origin": [-7, 12, -8.5], "size": [5, 13, 8], "uv": [0, 57]}
				]
			},
			{
				"name": "leg3",
				"pivot": [-1, 2, 0],
				"cubes": [
					{"origin": [3, 0, 14], "size": [3, 2, 4], "uv": [36, 136]},
					{"origin": [3.5, 1, 15.5], "size": [2, 7, 3], "uv": [50, 136]}
				]
			},
			{
				"name": "leg3a",
				"parent": "leg3",
				"pivot": [-1, 2, 0],
				"rotation": [5, 0, 0],
				"cubes": [
					{"origin": [3, 6, 15.5], "size": [3, 7, 4], "uv": [78, 114]}
				]
			},
			{
				"name": "leg3b",
				"parent": "leg3",
				"pivot": [-1, 2, 0],
				"rotation": [10, 0, 0],
				"cubes": [
					{"origin": [2, 9, 14.5], "size": [5, 12, 7], "uv": [86, 57]}
				]
			},
			{
				"name": "leg4",
				"pivot": [-9, 2, 0],
				"cubes": [
					{"origin": [-5, 0, 14], "size": [3, 2, 4], "uv": [0, 146]},
					{"origin": [-4.5, 1, 15.5], "size": [2, 7, 3], "uv": [16, 136]}
				]
			},
			{
				"name": "leg4a",
				"parent": "leg4",
				"pivot": [-9, 2, 0],
				"rotation": [5, 0, 0],
				"cubes": [
					{"origin": [-5, 6, 15.5], "size": [3, 7, 4], "uv": [48, 114]}
				]
			},
			{
				"name": "leg4b",
				"parent": "leg4",
				"pivot": [-9, 2, 0],
				"rotation": [10, 0, 0],
				"cubes": [
					{"origin": [-6, 9, 14.5], "size": [5, 12, 7], "uv": [0, 95]}
				]
			},
			{
				"name": "body",
				"pivot": [0, 0, 0],
				"cubes": [
					{"origin": [-5, 13.2, -8], "size": [11, 12, 25], "uv": [0, 0]},
					{"origin": [-5, 15.2, -10], "size": [11, 10, 2], "uv": [24, 95]}
				]
			},
			{
				"name": "body2",
				"parent": "body",
				"pivot": [0, 0, 0],
				"rotation": [-6, 0, 0],
				"cubes": [
					{"origin": [-4.5, 15.7, 14], "size": [10, 11, 4], "uv": [86, 78]}
				]
			},
			{
				"name": "body3",
				"parent": "body",
				"pivot": [0, 0, 0],
				"rotation": [-31, 0, 0],
				"cubes": [
					{"origin": [-1.5, 27.7, 0.8], "size": [5, 4, 6], "uv": [50, 103]}
				]
			},
			{
				"name": "body4",
				"parent": "body",
				"pivot": [0, 0, 0],
				"rotation": [21, 0, 0],
				"cubes": [
					{"origin": [-2, 17, 19.5], "size": [6, 2, 6], "uv": [50, 95]}
				]
			},
			{
				"name": "body5",
				"parent": "body",
				"pivot": [0, 0, 0],
				"cubes": [
					{"origin": [-2, 16.2, -11], "size": [5, 9, 3], "uv": [0, 114]},
					{"origin": [-3, 16.2, -8], "size": [7, 11, 9], "uv": [40, 37]}
				]
			},
			{
				"name": "body6",
				"parent": "body",
				"pivot": [0, 0, 0],
				"rotation": [-10, 0, 0],
				"cubes": [
					{"origin": [-2.5, 24.6, -4], "size": [6, 2, 11], "uv": [52, 57]}
				]
			},
			{
				"name": "body7",
				"parent": "body",
				"pivot": [0, 0, 0],
				"rotation": [-15, 0, 0],
				"cubes": [
					{"origin": [-4, 12, -7], "size": [9, 4, 11], "uv": [0, 37]}
				]
			},
			{
				"name": "body8",
				"parent": "body",
				"pivot": [0, 0, 0],
				"rotation": [20, 0, 0],
				"cubes": [
					{"origin": [-3.5, 8, 10], "size": [8, 3, 8], "uv": [28, 78]}
				]
			},
			{
				"name": "head",
				"pivot": [0, 0, 0],
				"rotation": [-25, 0, 0],
				"cubes": [
					{"origin": [-2.5, 12, -27], "size": [6, 9, 13], "uv": [72, 0]}
				]
			},
			{
				"name": "head2",
				"parent": "head",
				"pivot": [0, 0, 0],
				"rotation": [-15, 0, 0],
				"cubes": [
					{"origin": [-1.5, 4, -27], "size": [4, 4, 13], "uv": [72, 37]},
					{"origin": [-1, 3, -24], "size": [3, 4, 11], "uv": [0, 78]}
				]
			},
			{
				"name": "head3",
				"parent": "head",
				"pivot": [0, 0, 0],
				"rotation": [-25, 0, 0],
				"cubes": [
					{"origin": [-3, -3, -34], "size": [7, 11, 6], "uv": [60, 78]},
					{"origin": [-2, -1, -34.7], "size": [5, 8, 1], "uv": [44, 126]}
				]
			},
			{
				"name": "head4",
				"parent": "head",
				"pivot": [0, 0, 0],
				"rotation": [-35, 0, 0],
				"cubes": [
					{"origin": [-2, -7.5, -28], "size": [5, 6, 3], "uv": [62, 114]}
				]
			},
			{
				"name": "head5",
				"parent": "head",
				"pivot": [0, 0, 0],
				"rotation": [-50, 0, 0],
				"cubes": [
					{"origin": [-1.5, -17, -29], "size": [4, 4, 4], "uv": [16, 126]}
				]
			},
			{
				"name": "head6",
				"parent": "head",
				"pivot": [0, 0, 0],
				"rotation": [-40, 0, 0],
				"cubes": [
					{"origin": [-1, -11.5, -27], "size": [3, 3, 2], "uv": [0, 156]}
				]
			},
			{
				"name": "head7",
				"parent": "head",
				"pivot": [-1, 0, 0],
				"rotation": [-30, 0, 0],
				"cubes": [
					{"origin": [-3.8, 4.5, -34], "size": [3, 3, 3], "uv": [36, 146]}
				]
			},
			{
				"name": "head8",
				"parent": "head7",
				"pivot": [-1, 0, 0],
				"rotation": [5, 0, 10],
				"cubes": [
					{"origin": [-8.4, 7.6, -33], "size": [5, 2, 2], "uv": [22, 152]}
				]
			},
			{
				"name": "head9",
				"parent": "head7",
				"pivot": [-1, 0, 0],
				"rotation": [10, 0, 5],
				"cubes": [
					{"origin": [-9.3, 11.3, -31.5], "size": [2, 2, 1], "uv": [22, 163]},
					{"origin": [-9.6, 11.3, -34.5], "size": [1, 2, 3], "uv": [24, 156]},
					{"origin": [-9, 11.7, -35], "size": [1, 1, 1], "uv": [42, 165]}
				]
			},
			{
				"name": "head10",
				"parent": "head",
				"pivot": [2, 0, 0],
				"rotation": [-30, 0, 0],
				"cubes": [
					{"origin": [1.8, 4.5, -34], "size": [3, 3, 3], "uv": [22, 146]}
				]
			},
			{
				"name": "head11",
				"parent": "head10",
				"pivot": [2, 0, 0],
				"rotation": [5, 0, -10],
				"cubes": [
					{"origin": [4.4, 7.6, -33], "size": [5, 2, 2], "uv": [0, 152]}
				]
			},
			{
				"name": "head12",
				"parent": "head10",
				"pivot": [2, 0, 0],
				"rotation": [10, 0, -5],
				"cubes": [
					{"origin": [8.3, 11.3, -31.5], "size": [2, 2, 1], "uv": [22, 166]},
					{"origin": [9.6, 11.3, -34.5], "size": [1, 2, 3], "uv": [10, 156]},
					{"origin": [9, 11.7, -35], "size": [1, 1, 1], "uv": [42, 163]}
				]
			},
			{
				"name": "head13",
				"parent": "head",
				"pivot": [0, 0, 0],
				"rotation": [-20, 10, -20],
				"cubes": [
					{"origin": [13, 6, -30], "size": [5, 2, 3], "uv": [84, 126]}
				]
			},
			{
				"name": "head14",
				"parent": "head",
				"pivot": [0, 0, 0],
				"rotation": [-20, -10, 20],
				"cubes": [
					{"origin": [-17, 6, -30], "size": [5, 2, 3], "uv": [0, 136]}
				]
			},
			{
				"name": "head15",
				"parent": "head",
				"pivot": [0, 0, 0],
				"rotation": [25, 0, 0],
				"cubes": [
					{"origin": [-2, 16, -15], "size": [5, 5, 2], "uv": [56, 126]},
					{"origin": [1.4, 15, -17], "size": [2, 6, 2], "uv": [56, 146]},
					{"origin": [1.7, 12, -13.5], "size": [1, 5, 1], "uv": [6, 163]},
					{"origin": [0.7, 13, -12.5], "size": [2, 4, 1], "uv": [0, 163]},
					{"origin": [0.7, 11, -10.5], "size": [2, 6, 1], "uv": [32, 156]},
					{"origin": [1.9, 15, -13], "size": [1, 5, 2], "uv": [44, 156]},
					{"origin": [1.7, 12, -9.5], "size": [1, 6, 1], "uv": [50, 156]}
				]
			},
			{
				"name": "head16",
				"parent": "head",
				"pivot": [0, 0, 0],
				"rotation": [25, 0, 0],
				"cubes": [
					{"origin": [-2, 16, -15], "size": [5, 5, 2], "uv": [70, 126]},
					{"origin": [-2.4, 15, -17], "size": [2, 6, 2], "uv": [48, 146]},
					{"origin": [-1.7, 12, -13.5], "size": [1, 5, 1], "uv": [10, 163]},
					{"origin": [-1.7, 13, -12.5], "size": [2, 4, 1], "uv": [62, 156]},
					{"origin": [-1.7, 11, -10.5], "size": [2, 6, 1], "uv": [18, 156]},
					{"origin": [-1.9, 15, -13], "size": [1, 5, 2], "uv": [38, 156]},
					{"origin": [-1.7, 12, -9.5], "size": [1, 6, 1], "uv": [54, 156]}
				]
			},
			{
				"name": "head17",
				"parent": "head",
				"pivot": [0, 0, 0],
				"rotation": [25, 0, 0],
				"cubes": [
					{"origin": [0, 12, -12], "size": [1, 3, 1], "uv": [32, 163]},
					{"origin": [0, 11, -13], "size": [1, 4, 1], "uv": [28, 163]},
					{"origin": [-1, 12, -15], "size": [1, 4, 1], "uv": [18, 163]},
					{"origin": [1, 12, -15], "size": [1, 4, 1], "uv": [14, 163]},
					{"origin": [0, 14, -17], "size": [1, 6, 1], "uv": [58, 156]},
					{"origin": [0, 13, -16], "size": [1, 6, 1], "uv": [68, 156]}
				]
			},
			{
				"name": "tail",
				"pivot": [0, 0, 0],
				"rotation": [-70, 0, 0],
				"cubes": [
					{"origin": [-0.5, 25.5, -15], "size": [3, 3, 5], "uv": [0, 126]}
				]
			},
			{
				"name": "tail2",
				"parent": "tail",
				"pivot": [0, 0, 0],
				"rotation": [-90, 0, 0],
				"cubes": [
					{"origin": [0, -10.5, -28], "size": [2, 8, 2], "uv": [14, 146]}
				]
			},
			{
				"name": "tail3",
				"parent": "tail",
				"pivot": [0, 0, 0],
				"rotation": [-95, 0, 0],
				"cubes": [
					{"origin": [-0.5, -5.5, -28], "size": [3, 7, 3], "uv": [32, 126]},
					{"origin": [2.5, 1.5, -28], "size": [0, 1, 2], "uv": [38, 166]},
					{"origin": [-0.5, 1.5, -28], "size": [0, 1, 2], "uv": [38, 163]},
					{"origin": [-0.5, 1.5, -28], "size": [3, 1, 0], "uv": [32, 167]},
					{"origin": [0, 2.5, -28], "size": [2, 1, 0], "uv": [42, 167]}
				]
			}
		]
	}
}