{
	"format_version": "1.10.0",
	"geometry.gua": {
		"texturewidth": 128,
		"textureheight": 128,
		"visible_bounds_width": 3,
		"visible_bounds_height": 2,
		"visible_bounds_offset": [0, 1, 0],
		"bones": [
			{
				"name": "leg2",
				"pivot": [0, 0, 3],
				"rotation": [60, 0, 0],
				"cubes": [
					{"origin": [-6, -3, 8], "size": [4, 8, 5], "uv": [0, 64]}
				]
			},
			{
				"name": "leg2a",
				"parent": "leg2",
				"pivot": [0, 0, 3],
				"rotation": [-60, 0, 0],
				"cubes": [
					{"origin": [-5, 2, 6], "size": [3, 5, 3], "uv": [24, 87]}
				]
			},
			{
				"name": "leg2b",
				"parent": "leg2",
				"pivot": [0, 0, 3],
				"rotation": [-60, 0, 0],
				"cubes": [
					{"origin": [-6, 0, 4], "size": [5, 2, 6], "uv": [0, 77]}
				]
			},
			{
				"name": "leg1",
				"pivot": [0, 0, 3],
				"rotation": [10, 0, 0],
				"cubes": [
					{"origin": [-6, 6, -9], "size": [4, 6, 4], "uv": [44, 77]}
				]
			},
			{
				"name": "leg1a",
				"parent": "leg1",
				"pivot": [0, 0, 3],
				"rotation": [-15, 0, 0],
				"cubes": [
					{"origin": [-5, 0, -10], "size": [3, 5, 3], "uv": [0, 87]}
				]
			},
			{
				"name": "leg1b",
				"parent": "leg1",
				"pivot": [0, 0, 3],
				"rotation": [-10, 0, 0],
				"cubes": [
					{"origin": [-6, 0, -12], "size": [5, 2, 6], "uv": [58, 64]}
				]
			},
			{
				"name": "body",
				"pivot": [0, 0, 0],
				"cubes": [
					{"origin": [-3, 4, -11], "size": [10, 9, 22], "uv": [0, 0]},
					{"origin": [-2, 12, -10], "size": [8, 2, 20], "uv": [64, 0]}
				]
			},
			{
				"name": "leg3",
				"pivot": [0, 0, 3],
				"rotation": [60, 0, 0],
				"cubes": [
					{"origin": [6, -3, 8], "size": [4, 8, 5], "uv": [18, 64]}
				]
			},
			{
				"name": "leg3a",
				"parent": "leg3",
				"pivot": [0, 0, 3],
				"rotation": [-65, 0, 0],
				"cubes": [
					{"origin": [6, 2, 6], "size": [3, 5, 3], "uv": [76, 77]}
				]
			},
			{
				"name": "leg3b",
				"parent": "leg3",
				"pivot": [0, 0, 3],
				"rotation": [-60, 0, 0],
				"cubes": [
					{"origin": [5, 0, 4], "size": [5, 2, 6], "uv": [22, 77]}
				]
			},
			{
				"name": "leg0",
				"pivot": [0, 0, 3],
				"rotation": [10, 0, 0],
				"cubes": [
					{"origin": [6, 6, -9], "size": [4, 6, 4], "uv": [60, 77]}
				]
			},
			{
				"name": "leg0a",
				"parent": "leg0",
				"pivot": [0, 0, 3],
				"rotation": [-15, 0, 0],
				"cubes": [
					{"origin": [6, 0, -10], "size": [3, 5, 3], "uv": [12, 87]}
				]
			},
			{
				"name": "leg0b",
				"parent": "leg0",
				"pivot": [0, 0, 3],
				"rotation": [-10, 0, 0],
				"cubes": [
					{"origin": [5, 0, -12], "size": [5, 2, 6], "uv": [36, 64]}
				]
			},
			{
				"name": "tail",
				"pivot": [0, 0, 3],
				"rotation": [-10, 0, 0],
				"cubes": [
					{"origin": [-2, 9, 8], "size": [8, 5, 6], "uv": [78, 31]}
				]
			},
			{
				"name": "tail1",
				"parent": "tail",
				"pivot": [0, 0, 3],
				"rotation": [15, 0, 0],
				"cubes": [
					{"origin": [-1, 6, 15], "size": [6, 5, 12], "uv": [42, 31]}
				]
			},
			{
				"name": "head",
				"pivot": [0, 0, 3],
				"cubes": [
					{"origin": [-4, 5, -20], "size": [12, 11, 9], "uv": [0, 31]}
				]
			},
			{
				"name": "head1",
				"parent": "head",
				"pivot": [0, 0, 3],
				"cubes": [
					{"origin": [-1, 7, -26], "size": [6, 4, 6], "uv": [22, 51]}
				]
			},
			{
				"name": "head2",
				"parent": "head",
				"pivot": [0, 0, 3],
				"cubes": [
					{"origin": [-1, 6, -26], "size": [6, 1, 7], "uv": [46, 51]}
				]
			},
			{
				"name": "head3",
				"parent": "head",
				"pivot": [0, 0, 3],
				"rotation": [0, 5, 0],
				"cubes": [
					{"origin": [-2, 15, -15], "size": [4, 4, 2], "uv": [36, 87]}
				]
			},
			{
				"name": "head4",
				"parent": "head",
				"pivot": [0, 0, 3],
				"cubes": [
					{"origin": [3, 15, -15], "size": [4, 4, 2], "uv": [48, 87]}
				]
			},
			{
				"name": "head5",
				"parent": "head",
				"pivot": [0, 0, 3],
				"rotation": [0, 20, 0],
				"cubes": [
					{"origin": [11, 7, -15], "size": [4, 6, 7], "uv": [0, 51]}
				]
			},
			{
				"name": "head6",
				"parent": "head",
				"pivot": [0, 0, 3],
				"rotation": [0, -20, 0],
				"cubes": [
					{"origin": [-11, 7, -16], "size": [3, 6, 7], "uv": [72, 51]}
				]
			}
		]
	}
}