{
	"format_version": "1.10.0",
	"geometry.hiena": {
		"texturewidth": 64,
		"textureheight": 64,
		"visible_bounds_width": 3,
		"visible_bounds_height": 1,
		"visible_bounds_offset": [0, 0.5, 0],
		"bones": [
			{
				"name": "head0",
				"pivot": [-3, 10, -4],
				"rotation": [10, 0, 0],
				"cubes": [
					{"origin": [-3, 8.19459, -11.93923], "size": [6, 6, 6], "uv": [0, 18]},
					{"origin": [-2, 9.19459, -14.93923], "size": [4, 2, 3], "uv": [18, 18]},
					{"origin": [-0.7, 14.19459, -9.93923], "size": [1.2, 1, 2], "uv": [0, 18]}
				]
			},
			{
				"name": "mouth0",
				"parent": "head0",
				"pivot": [0, 8.75, -14],
				"cubes": [
					{"origin": [-2, 8.19459, -14.93923], "size": [4, 1, 3], "uv": [29, 20]}
				]
			},
			{
				"name": "ear0",
				"parent": "head0",
				"pivot": [-0.5, 13, -5.5],
				"rotation": [0, -10, 20],
				"cubes": [
					{"origin": [0.12209, 14.17876, -10.32766], "size": [3, 3, 1], "uv": [36, 8]}
				]
			},
			{
				"name": "ear1",
				"parent": "head0",
				"pivot": [-5.5, 13, -5.5],
				"rotation": [0, 10, -20],
				"cubes": [
					{"origin": [-3.56959, 12.12664, -9.3486], "size": [3, 3, 1], "uv": [10, 30]}
				]
			},
			{
				"name": "body0",
				"pivot": [-3.5, 9, 6],
				"rotation": [-5, 0, 0],
				"cubes": [
					{"origin": [-3.5, 5.95138, -2.98478], "size": [7, 7, 11], "uv": [0, 0]}
				]
			},
			{
				"name": "body1",
				"parent": "body0",
				"pivot": [-3.5, 9, 0],
				"rotation": [5, 0, 0],
				"cubes": [
					{"origin": [-3.1, 7, -7], "size": [6.2, 6, 6], "uv": [18, 24]},
					{"origin": [-0.7, 13, -9], "size": [1.2, 1, 6], "uv": [30, 12]}
				]
			},
			{
				"name": "leg0",
				"pivot": [2.5, 8, -2.5],
				"cubes": [
					{"origin": [1, 0, -3], "size": [3, 8, 2], "uv": [22, 36]},
					{"origin": [1, 0, -4], "size": [3, 1, 1], "uv": [38, 12]}
				]
			},
			{
				"name": "leg1",
				"pivot": [-2.5, 8, -2.5],
				"cubes": [
					{"origin": [-4, 0, -3], "size": [3, 8, 2], "uv": [12, 36]},
					{"origin": [-4, 0, -4], "size": [3, 1, 1], "uv": [25, 8]}
				]
			},
			{
				"name": "leg3",
				"pivot": [2.5, 8, 6.5],
				"cubes": [
					{"origin": [1, 5, 4], "size": [3, 4, 4], "uv": [0, 30]},
					{"origin": [1, 0, 6], "size": [3, 6, 2], "uv": [32, 36]},
					{"origin": [1, 0, 5], "size": [3, 1, 1], "uv": [37, 0]}
				]
			},
			{
				"name": "leg2",
				"pivot": [-2.5, 8, 6.5],
				"cubes": [
					{"origin": [-4, 0, 6], "size": [3, 8, 2], "uv": [0, 0]},
					{"origin": [-4, 0, 5], "size": [3, 1, 1], "uv": [37, 2]},
					{"origin": [-4, 5, 4], "size": [4, 4, 4], "uv": [25, 0]}
				]
			},
			{
				"name": "tail",
				"pivot": [-3, 11, 12],
				"rotation": [20, 0, 0],
				"cubes": [
					{"origin": [-1, 7.36808, 7.24123], "size": [2, 6, 2], "uv": [0, 38]},
					{"origin": [-2, 6.36808, 7.24123], "size": [4, 3, 2], "uv": [36, 24]}
				]
			}
		]
	}
}