{
	"format_version": "1.10.0",
	"geometry.imperador": {
		"texturewidth": 256,
		"textureheight": 256,
		"visible_bounds_width": 2,
		"visible_bounds_height": 3,
		"visible_bounds_offset": [0, 1.5, 0],
		"bones": [
			{
				"name": "leg1",
				"pivot": [0, 0, 0],
				"cubes": [
					{"origin": [-7, 0, -3], "size": [5, 2, 7], "uv": [76, 113]},
					{"origin": [-6, 2, 1], "size": [3, 2, 4], "uv": [90, 126]}
				]
			},
			{
				"name": "leg2",
				"pivot": [0, 0, 0],
				"cubes": [
					{"origin": [3, 0, -3], "size": [5, 2, 7], "uv": [0, 126]},
					{"origin": [4, 2, 1], "size": [3, 2, 4], "uv": [76, 126]}
				]
			},
			{
				"name": "leg3",
				"pivot": [0, 0, 0],
				"rotation": [0, 0, -5],
				"cubes": [
					{"origin": [12, 7, -1], "size": [2, 30, 8], "uv": [54, 37]}
				]
			},
			{
				"name": "leg4",
				"pivot": [0, 0, 0],
				"rotation": [0, 0, 5],
				"cubes": [
					{"origin": [-13, 7, -1], "size": [2, 30, 8], "uv": [0, 75]}
				]
			},
			{
				"name": "body",
				"pivot": [0, 0, 0],
				"cubes": [
					{"origin": [-8, 3, -2.5], "size": [17, 12, 11], "uv": [64, 0]},
					{"origin": [-9, 14, -4], "size": [19, 24, 13], "uv": [0, 0]},
					{"origin": [-7, 15, 9], "size": [16, 22, 1], "uv": [20, 75]}
				]
			},
			{
				"name": "head",
				"pivot": [0, -1, 0],
				"cubes": [
					{"origin": [-5, 37, -6], "size": [11, 10, 10], "uv": [0, 51]},
					{"origin": [-4, 38, 2], "size": [9, 8, 3], "uv": [52, 113]},
					{"origin": [-4, 45, -5], "size": [9, 3, 8], "uv": [20, 98]}
				]
			},
			{
				"name": "head2",
				"parent": "head",
				"pivot": [0, -1, 0],
				"cubes": [
					{"origin": [-7.5, 37, -3], "size": [16, 3, 11], "uv": [0, 37]}
				]
			},
			{
				"name": "head3",
				"parent": "head",
				"pivot": [0, -1, 0],
				"cubes": [
					{"origin": [-3, 38, -7], "size": [7, 4, 1], "uv": [60, 126]}
				]
			},
			{
				"name": "head4",
				"parent": "head",
				"pivot": [0, -1, 0],
				"cubes": [
					{"origin": [-2, 40, -12], "size": [5, 2, 5], "uv": [24, 126]}
				]
			},
			{
				"name": "head5",
				"parent": "head",
				"pivot": [0, -1, 0],
				"rotation": [-5, 0, 0],
				"cubes": [
					{"origin": [-1, 38, -15], "size": [3, 2, 5], "uv": [44, 126]}
				]
			},
			{
				"name": "head6",
				"parent": "head",
				"pivot": [0, -1, 0],
				"rotation": [10, 0, 0],
				"cubes": [
					{"origin": [-1, 41, -6], "size": [3, 2, 2], "uv": [0, 135]}
				]
			},
			{
				"name": "tail",
				"pivot": [0, 0, 0],
				"rotation": [-5, 0, 0],
				"cubes": [
					{"origin": [-2, 2.8, 3], "size": [5, 4, 7], "uv": [28, 113]},
					{"origin": [-1, 3, 4], "size": [3, 2, 11], "uv": [0, 113]}
				]
			}
		]
	}
}