{
	"format_version": "1.10.0",
	"geometry.jabuti": {
		"texturewidth": 256,
		"textureheight": 256,
		"visible_bounds_width": 3,
		"visible_bounds_height": 1,
		"visible_bounds_offset": [0, 0.5, 0],
		"bones": [
			{
				"name": "leg2",
				"pivot": [0, 0, 0],
				"cubes": [
					{"origin": [-8, -1, 3], "size": [4, 7, 4], "uv": [42, 41]}
				]
			},
			{
				"name": "leg1",
				"pivot": [0, 0, 0],
				"cubes": [
					{"origin": [-8, -1, -11], "size": [4, 7, 4], "uv": [58, 41]}
				]
			},
			{
				"name": "body",
				"pivot": [0, 0, 0],
				"cubes": [
					{"origin": [-7, 3, -10], "size": [14, 3, 16], "uv": [0, 22]},
					{"origin": [-9, 6, -12], "size": [18, 2, 20], "uv": [0, 0]},
					{"origin": [-8, 8, -11], "size": [16, 4, 18], "uv": [76, 0]},
					{"origin": [-6, 12, -9], "size": [12, 2, 14], "uv": [60, 22]}
				]
			},
			{
				"name": "leg3",
				"pivot": [0, 0, 0],
				"cubes": [
					{"origin": [4, -1, 3], "size": [4, 7, 4], "uv": [26, 41]}
				]
			},
			{
				"name": "leg0",
				"pivot": [0, 0, 0],
				"cubes": [
					{"origin": [4, -1, -11], "size": [4, 7, 4], "uv": [0, 53]}
				]
			},
			{
				"name": "head",
				"pivot": [0, 0, 0],
				"cubes": [
					{"origin": [-3, 3, -12], "size": [6, 3, 2], "uv": [16, 53]},
					{"origin": [-3, 3, -19], "size": [6, 5, 7], "uv": [0, 41]}
				]
			},
			{
				"name": "tail",
				"pivot": [0, 0, 0],
				"cubes": [
					{"origin": [-2, 4, 6], "size": [4, 3, 3], "uv": [16, 58]},
					{"origin": [-2, 5, 9], "size": [4, 2, 3], "uv": [32, 53]}
				]
			}
		]
	}
}