{
	"format_version": "1.10.0",
	"geometry.jacare": {
		"texturewidth": 128,
		"textureheight": 128,
		"visible_bounds_width": 4,
		"visible_bounds_height": 1,
		"visible_bounds_offset": [0, 0.5, 0],
		"bones": [
			{
				"name": "leg1",
				"pivot": [-2, 0, 0],
				"rotation": [10, 30, 0],
				"cubes": [
					{"origin": [-7, 2, 3], "size": [3, 3, 5], "uv": [34, 56]}
				]
			},
			{
				"name": "leg1a",
				"parent": "leg1",
				"pivot": [-2, 0, 0],
				"rotation": [10, 0, 0],
				"cubes": [
					{"origin": [-6.5, -1.5, 4], "size": [2, 4, 2], "uv": [64, 72]}
				]
			},
			{
				"name": "leg1b",
				"parent": "leg1",
				"pivot": [-2, 0, 0],
				"rotation": [-10, -5, 0],
				"cubes": [
					{"origin": [-6.6, 0, 2.7], "size": [3, 1, 4], "uv": [0, 72]}
				]
			},
			{
				"name": "leg2",
				"pivot": [6, 0, 0],
				"rotation": [10, -30, 0],
				"cubes": [
					{"origin": [8, 2, 3], "size": [3, 3, 5], "uv": [54, 48]}
				]
			},
			{
				"name": "leg2a",
				"parent": "leg2",
				"pivot": [6, 0, 0],
				"rotation": [10, 0, 0],
				"cubes": [
					{"origin": [8.5, -1.5, 4], "size": [2, 4, 2], "uv": [56, 72]}
				]
			},
			{
				"name": "leg2b",
				"parent": "leg2",
				"pivot": [6, 0, 0],
				"rotation": [-10, 5, 0],
				"cubes": [
					{"origin": [7.6, 0, 2.7], "size": [3, 1, 4], "uv": [14, 72]}
				]
			},
			{
				"name": "leg3",
				"pivot": [4, 0, -9],
				"rotation": [-5, -40, 0],
				"cubes": [
					{"origin": [0, 3, -5], "size": [3, 3, 5], "uv": [18, 56]}
				]
			},
			{
				"name": "leg3a",
				"parent": "leg3",
				"pivot": [0, 0, 0],
				"rotation": [-10, -25, 20],
				"cubes": [
					{"origin": [-1.2, 0.8, -3], "size": [2, 3, 2], "uv": [0, 78]}
				]
			},
			{
				"name": "leg3b",
				"parent": "leg3",
				"pivot": [0, 0, 0],
				"rotation": [5, -35, 0],
				"cubes": [
					{"origin": [-2.5, 0.6, -3.3], "size": [4, 1, 3], "uv": [42, 72]}
				]
			},
			{
				"name": "leg4",
				"pivot": [0, 0, -9],
				"rotation": [-5, 40, 0],
				"cubes": [
					{"origin": [1, 3, -5], "size": [3, 3, 5], "uv": [20, 48]}
				]
			},
			{
				"name": "leg3a2",
				"parent": "leg4",
				"pivot": [4, 0, 0],
				"rotation": [-10, 25, -20],
				"cubes": [
					{"origin": [3.2, 0.8, -3], "size": [2, 3, 2], "uv": [8, 78]}
				]
			},
			{
				"name": "leg3b2",
				"parent": "leg4",
				"pivot": [4, 0, 0],
				"rotation": [5, 35, 0],
				"cubes": [
					{"origin": [2.5, 0.6, -3.3], "size": [4, 1, 3], "uv": [28, 72]}
				]
			},
			{
				"name": "body",
				"pivot": [0, 0, 0],
				"cubes": [
					{"origin": [-1, 6.5, 1], "size": [6, 2, 8], "uv": [30, 15]},
					{"origin": [-2, 3, 2], "size": [8, 5, 7], "uv": [0, 15]},
					{"origin": [-1.5, 3, -8], "size": [7, 5, 10], "uv": [0, 0]},
					{"origin": [-1.5, 2, 2.5], "size": [7, 2, 6], "uv": [58, 15]},
					{"origin": [-1, 2.3, -8.5], "size": [6, 4, 11], "uv": [34, 0]}
				]
			},
			{
				"name": "body2",
				"parent": "body",
				"pivot": [0, 0, 0],
				"cubes": [
					{"origin": [1.5, 7.8, -7], "size": [1, 1, 1], "uv": [44, 83]},
					{"origin": [1.5, 8, -8], "size": [1, 1, 1], "uv": [26, 80]},
					{"origin": [1.5, 7.5, -4], "size": [1, 1, 1], "uv": [26, 78]},
					{"origin": [1.5, 8, -5], "size": [1, 1, 1], "uv": [22, 80]},
					{"origin": [1.5, 7.5, -1], "size": [1, 1, 1], "uv": [22, 78]},
					{"origin": [1.5, 8, -2], "size": [1, 1, 1], "uv": [16, 81]},
					{"origin": [1.5, 8, 3], "size": [1, 1, 1], "uv": [40, 83]},
					{"origin": [1.5, 8.2, 2], "size": [1, 1, 1], "uv": [36, 83]},
					{"origin": [1.5, 8, 7], "size": [1, 1, 1], "uv": [28, 83]},
					{"origin": [1.5, 8.2, 6], "size": [1, 1, 1], "uv": [24, 83]}
				]
			},
			{
				"name": "head",
				"pivot": [0, 0, 0],
				"cubes": [
					{"origin": [-1, 4, -13], "size": [6, 5, 5], "uv": [0, 27]},
					{"origin": [-1.5, 3.6, -12], "size": [7, 4, 4], "uv": [62, 27]},
					{"origin": [-0.5, 3.5, -12.5], "size": [5, 2, 4], "uv": [36, 48]},
					{"origin": [-0.5, 2.7, -10.5], "size": [5, 2, 4], "uv": [0, 56]}
				]
			},
			{
				"name": "head2",
				"parent": "head",
				"pivot": [0, 0, 0],
				"cubes": [
					{"origin": [-0.5, 4.7, -16], "size": [5, 4, 3], "uv": [34, 64]},
					{"origin": [-1, 4.6, -20], "size": [6, 3, 4], "uv": [0, 48]},
					{"origin": [-0.5, 5, -25], "size": [5, 3, 5], "uv": [38, 38]}
				]
			},
			{
				"name": "head3",
				"parent": "head",
				"pivot": [0, 0, 0],
				"cubes": [
					{"origin": [-0.5, 4.1, -16], "size": [5, 1, 4], "uv": [50, 64]},
					{"origin": [-0.5, 4.2, -20], "size": [5, 1, 4], "uv": [16, 64]},
					{"origin": [0, 4.3, -24], "size": [4, 1, 4], "uv": [68, 64]}
				]
			},
			{
				"name": "head4",
				"parent": "head",
				"pivot": [0, 0, 0],
				"rotation": [-5, 0, 0],
				"cubes": [
					{"origin": [-0.5, 6.3, -12.9], "size": [5, 2, 4], "uv": [50, 56]}
				]
			},
			{
				"name": "tail",
				"pivot": [0, 0, 0],
				"rotation": [-15, 0, 0],
				"cubes": [
					{"origin": [-1, 5, 6], "size": [6, 5, 4], "uv": [0, 38]},
					{"origin": [1.5, 9.5, 7], "size": [1, 1, 1], "uv": [30, 78]},
					{"origin": [1.5, 9.5, 8.7], "size": [1, 1, 1], "uv": [4, 83]}
				]
			},
			{
				"name": "tail2",
				"parent": "tail",
				"pivot": [0, 0, 0],
				"rotation": [-15, 0, 0],
				"cubes": [
					{"origin": [-0.5, 7, 7], "size": [5, 5, 4], "uv": [58, 38]},
					{"origin": [1.5, 11.5, 7.7], "size": [1, 1, 1], "uv": [12, 83]},
					{"origin": [1.5, 11.5, 9.7], "size": [1, 1, 1], "uv": [20, 83]}
				]
			},
			{
				"name": "tail3",
				"parent": "tail",
				"pivot": [0, 0, 0],
				"cubes": [
					{"origin": [0, 4.5, 12], "size": [4, 4, 4], "uv": [0, 64]},
					{"origin": [1.5, 8, 14.3], "size": [1, 1, 1], "uv": [30, 80]}
				]
			},
			{
				"name": "tail4",
				"parent": "tail",
				"pivot": [0, 0, 0],
				"rotation": [10, 0, 0],
				"cubes": [
					{"origin": [0, 1.5, 16], "size": [4, 4, 6], "uv": [42, 27]},
					{"origin": [1.5, 5, 17.9], "size": [1, 1, 1], "uv": [34, 78]},
					{"origin": [1.5, 5, 19.9], "size": [1, 1, 1], "uv": [34, 80]}
				]
			},
			{
				"name": "tail5",
				"parent": "tail",
				"pivot": [0, 0, 0],
				"rotation": [15, 0, 0],
				"cubes": [
					{"origin": [0.5, -0.5, 21], "size": [3, 4, 7], "uv": [22, 27]},
					{"origin": [1.5, 3, 22.9], "size": [1, 1, 1], "uv": [38, 78]},
					{"origin": [1.5, 3, 24.7], "size": [1, 1, 1], "uv": [38, 80]},
					{"origin": [1.5, 3, 26.6], "size": [1, 1, 1], "uv": [8, 83]}
				]
			},
			{
				"name": "tail6",
				"parent": "tail",
				"pivot": [0, 0, 0],
				"rotation": [15, 0, 0],
				"cubes": [
					{"origin": [1, -0.4, 27], "size": [2, 3, 7], "uv": [20, 38]},
					{"origin": [1, -0.4, 34], "size": [2, 2, 1], "uv": [16, 78]},
					{"origin": [1.5, 2, 28.6], "size": [1, 1, 1], "uv": [32, 83]},
					{"origin": [1.5, 2, 30.6], "size": [1, 1, 1], "uv": [16, 83]},
					{"origin": [1.5, 2, 32.6], "size": [1, 1, 1], "uv": [0, 83]}
				]
			}
		]
	}
}