{
	"format_version": "1.10.0",
	"geometry.javali": {
		"texturewidth": 128,
		"textureheight": 128,
		"visible_bounds_width": 3,
		"visible_bounds_height": 1,
		"visible_bounds_offset": [0, 0.5, 0],
		"bones": [
			{
				"name": "leg2",
				"pivot": [0, 0, 0],
				"cubes": [
					{"origin": [-5, 3, 3], "size": [4, 5, 4], "uv": [44, 40]},
					{"origin": [-4, 0, 4], "size": [2, 6, 2], "uv": [8, 66]}
				]
			},
			{
				"name": "leg1",
				"pivot": [0, 0, 0],
				"cubes": [
					{"origin": [-5, 3, -8], "size": [4, 4, 4], "uv": [16, 49]},
					{"origin": [-4, 0, -7], "size": [2, 6, 2], "uv": [48, 58]}
				]
			},
			{
				"name": "body",
				"pivot": [2, 0, 0],
				"cubes": [
					{"origin": [-4, 4, -9], "size": [8, 6, 17], "uv": [0, 0]},
					{"origin": [-3, 10, -8], "size": [6, 1, 15], "uv": [50, 0]},
					{"origin": [-3, 3, -4], "size": [6, 2, 7], "uv": [0, 40]}
				]
			},
			{
				"name": "body1",
				"parent": "body",
				"pivot": [2, 0, 0],
				"rotation": [-10, 0, 0],
				"cubes": [
					{"origin": [-2, 9, -10], "size": [4, 3, 14], "uv": [0, 23]}
				]
			},
			{
				"name": "leg3",
				"pivot": [0, 0, 0],
				"cubes": [
					{"origin": [1, 3, 3], "size": [4, 5, 4], "uv": [0, 49]},
					{"origin": [2, 0, 4], "size": [2, 6, 2], "uv": [40, 58]}
				]
			},
			{
				"name": "leg0",
				"pivot": [0, 0, 0],
				"cubes": [
					{"origin": [1, 3, -8], "size": [4, 4, 4], "uv": [32, 49]},
					{"origin": [2, 0, -7], "size": [2, 6, 2], "uv": [0, 66]}
				]
			},
			{
				"name": "head",
				"pivot": [2, 0, 0],
				"rotation": [2, 0, 0],
				"cubes": [
					{"origin": [-3, 5, -14], "size": [6, 6, 7], "uv": [36, 23]},
					{"origin": [-2, 11, -12], "size": [4, 2, 5], "uv": [26, 40]},
					{"origin": [-2, 6, -18], "size": [4, 3, 4], "uv": [48, 49]},
					{"origin": [-1, 5, -17], "size": [2, 1, 3], "uv": [16, 66]}
				]
			},
			{
				"name": "head1",
				"parent": "head",
				"pivot": [2, 0, 0],
				"rotation": [5, 0, 5],
				"cubes": [
					{"origin": [1, 7, -15], "size": [1, 2, 1], "uv": [26, 69]}
				]
			},
			{
				"name": "head2",
				"parent": "head",
				"pivot": [2, 0, 0],
				"rotation": [5, 0, -5],
				"cubes": [
					{"origin": [-2, 7.5, -15], "size": [1, 2, 1], "uv": [32, 66]}
				]
			},
			{
				"name": "head3",
				"parent": "head",
				"pivot": [2, 0, 0],
				"rotation": [0, 0, -5],
				"cubes": [
					{"origin": [-3, 10, -11], "size": [2, 2, 1], "uv": [16, 70]}
				]
			},
			{
				"name": "head4",
				"parent": "head",
				"pivot": [2, 0, 0],
				"rotation": [0, 0, 5],
				"cubes": [
					{"origin": [1, 9.8, -11], "size": [2, 2, 1], "uv": [26, 66]}
				]
			},
			{
				"name": "tail",
				"pivot": [2, 0, 0],
				"rotation": [-20, 0, 0],
				"cubes": [
					{"origin": [-1, 8, 4], "size": [2, 2, 4], "uv": [28, 58]}
				]
			},
			{
				"name": "tail1",
				"parent": "tail",
				"pivot": [2, 0, 0],
				"rotation": [-5, 0, 0],
				"cubes": [
					{"origin": [-2, 7, 3], "size": [4, 4, 2], "uv": [16, 58]}
				]
			}
		]
	}
}