{
	"format_version": "1.10.0",
	"geometry.kiwi": {
		"texturewidth": 32,
		"textureheight": 32,
		"visible_bounds_width": 2,
		"visible_bounds_height": 1,
		"visible_bounds_offset": [0, 0.5, 0],
		"bones": [
			{
				"name": "body",
				"pivot": [0, 0, 0],
				"rotation": [10, 0, 0],
				"cubes": [
					{"origin": [-3, 2, -2], "size": [5, 4, 5], "uv": [0, 0]}
				]
			},
			{
				"name": "head",
				"pivot": [0, 0, 0],
				"cubes": [
					{"origin": [-2, 4, -5], "size": [3, 3, 3], "uv": [12, 9]},
					{"origin": [-1, 4, -10], "size": [1, 1, 5], "uv": [0, 9]}
				]
			},
			{
				"name": "leg0",
				"pivot": [0, 0, 0],
				"cubes": [
					{"origin": [-2, 1, 0], "size": [1, 2, 1], "uv": [4, 15]},
					{"origin": [-2, 0, 1], "size": [1, 1, 0], "uv": [2, 18]},
					{"origin": [-2, 0, 0], "size": [1, 0, 1], "uv": [8, 15]}
				]
			},
			{
				"name": "leg1",
				"pivot": [0, 0, 0],
				"cubes": [
					{"origin": [0, 1, 0], "size": [1, 2, 1], "uv": [0, 15]},
					{"origin": [0, 0, 1], "size": [1, 1, 0], "uv": [0, 18]},
					{"origin": [0, 0, 0], "size": [1, 0, 1], "uv": [8, 16]}
				]
			}
		]
	}
}