{
	"format_version": "1.10.0",
	"geometry.komodo": {
		"texturewidth": 256,
		"textureheight": 256,
		"visible_bounds_width": 9,
		"visible_bounds_height": 2,
		"visible_bounds_offset": [0, 1, 0],
		"bones": [
			{
				"name": "leg1",
				"pivot": [0, 0, 0],
				"rotation": [0, 5, 0],
				"cubes": [
					{"origin": [-5.5, 0, 1], "size": [4, 2, 6], "uv": [60, 103]}
				]
			},
			{
				"name": "leg1a",
				"parent": "leg1",
				"pivot": [0, 0, 0],
				"rotation": [2, 0, 0],
				"cubes": [
					{"origin": [-5.5, 1, 3], "size": [4, 7, 4], "uv": [68, 115]}
				]
			},
			{
				"name": "leg1b",
				"parent": "leg1",
				"pivot": [0, 0, 0],
				"rotation": [2, 0, 35],
				"cubes": [
					{"origin": [-10.5, 3, 1.5], "size": [6, 9, 6], "uv": [62, 88]}
				]
			},
			{
				"name": "leg1c",
				"parent": "leg1",
				"pivot": [0, 0, 0],
				"rotation": [5, 5, 0],
				"cubes": [
					{"origin": [-5.7, 0, 0], "size": [1, 1, 2], "uv": [48, 126]}
				]
			},
			{
				"name": "leg1d",
				"parent": "leg1",
				"pivot": [0, 0, 0],
				"rotation": [5, -5, 0],
				"cubes": [
					{"origin": [-2.25, 0, 0.6], "size": [1, 1, 2], "uv": [42, 126]}
				]
			},
			{
				"name": "leg1e",
				"parent": "leg1",
				"pivot": [0, 0, 0],
				"rotation": [5, 0, 0],
				"cubes": [
					{"origin": [-4, 0, 0.2], "size": [1, 1, 3], "uv": [8, 126]}
				]
			},
			{
				"name": "leg2",
				"pivot": [7, 0, 0],
				"rotation": [0, -5, 0],
				"cubes": [
					{"origin": [8.5, 0, 1], "size": [4, 2, 6], "uv": [80, 103]}
				]
			},
			{
				"name": "leg2a",
				"parent": "leg2",
				"pivot": [7, 0, 0],
				"rotation": [2, 0, 0],
				"cubes": [
					{"origin": [8.5, 1, 3], "size": [4, 7, 4], "uv": [52, 115]}
				]
			},
			{
				"name": "leg2b",
				"parent": "leg2",
				"pivot": [7, 0, 0],
				"rotation": [2, 0, -35],
				"cubes": [
					{"origin": [11.5, 3, 1.5], "size": [6, 9, 6], "uv": [86, 88]}
				]
			},
			{
				"name": "leg2c",
				"parent": "leg2",
				"pivot": [7, 0, 0],
				"rotation": [5, -5, 0],
				"cubes": [
					{"origin": [11.7, 0, 0], "size": [1, 1, 2], "uv": [54, 126]}
				]
			},
			{
				"name": "leg2d",
				"parent": "leg2",
				"pivot": [7, 0, 0],
				"rotation": [5, 5, 0],
				"cubes": [
					{"origin": [8.25, 0, 0.6], "size": [1, 1, 2], "uv": [36, 126]}
				]
			},
			{
				"name": "leg2e",
				"parent": "leg2",
				"pivot": [7, 0, 0],
				"rotation": [5, 0, 0],
				"cubes": [
					{"origin": [10, 0, 0.2], "size": [1, 1, 3], "uv": [0, 126]}
				]
			},
			{
				"name": "leg3",
				"pivot": [0, 0, -22],
				"rotation": [0, 5, 0],
				"cubes": [
					{"origin": [-5.5, 0, -21], "size": [4, 2, 6], "uv": [40, 103]}
				]
			},
			{
				"name": "leg3a",
				"parent": "leg3",
				"pivot": [0, 0, -22],
				"rotation": [2, 0, 0],
				"cubes": [
					{"origin": [-5.5, 1, -19], "size": [4, 7, 4], "uv": [20, 115]}
				]
			},
			{
				"name": "leg3b",
				"parent": "leg3",
				"pivot": [0, 0, -22],
				"rotation": [2, 0, 40],
				"cubes": [
					{"origin": [-9.5, 2, -19.5], "size": [5, 7, 5], "uv": [20, 103]}
				]
			},
			{
				"name": "leg3c",
				"parent": "leg3",
				"pivot": [0, 0, -22],
				"rotation": [5, 5, 0],
				"cubes": [
					{"origin": [-5.7, 0, -22], "size": [1, 1, 2], "uv": [60, 126]}
				]
			},
			{
				"name": "leg3d",
				"parent": "leg3",
				"pivot": [0, 0, -22],
				"rotation": [5, -5, 0],
				"cubes": [
					{"origin": [-2.25, 0, -21.4], "size": [1, 1, 2], "uv": [24, 126]}
				]
			},
			{
				"name": "leg3e",
				"parent": "leg3",
				"pivot": [0, 0, -22],
				"rotation": [5, 0, 0],
				"cubes": [
					{"origin": [-4, 0, -21.8], "size": [1, 1, 3], "uv": [84, 115]}
				]
			},
			{
				"name": "leg4",
				"pivot": [7, 0, -22],
				"rotation": [0, -5, 0],
				"cubes": [
					{"origin": [8.5, 0, -21], "size": [4, 2, 6], "uv": [0, 115]}
				]
			},
			{
				"name": "leg4a",
				"parent": "leg4",
				"pivot": [7, 0, -22],
				"rotation": [2, 0, 0],
				"cubes": [
					{"origin": [8.5, 1, -19], "size": [4, 7, 4], "uv": [36, 115]}
				]
			},
			{
				"name": "leg4b",
				"parent": "leg4",
				"pivot": [7, 0, -22],
				"rotation": [2, 0, -40],
				"cubes": [
					{"origin": [11.5, 2, -19.5], "size": [5, 7, 5], "uv": [0, 103]}
				]
			},
			{
				"name": "leg4c",
				"parent": "leg4",
				"pivot": [7, 0, -22],
				"rotation": [5, -5, 0],
				"cubes": [
					{"origin": [11.7, 0, -22], "size": [1, 1, 2], "uv": [66, 126]}
				]
			},
			{
				"name": "leg4d",
				"parent": "leg4",
				"pivot": [7, 0, -22],
				"rotation": [5, 5, 0],
				"cubes": [
					{"origin": [8.25, 0, -21.4], "size": [1, 1, 2], "uv": [30, 126]}
				]
			},
			{
				"name": "leg4e",
				"parent": "leg4",
				"pivot": [7, 0, -22],
				"rotation": [5, 0, 0],
				"cubes": [
					{"origin": [10, 0, -21.8], "size": [1, 1, 3], "uv": [16, 126]}
				]
			},
			{
				"name": "body",
				"pivot": [0, 0, 0],
				"cubes": [
					{"origin": [-2, 6, -6], "size": [11, 12, 14], "uv": [0, 0]},
					{"origin": [-1.5, 6.7, -19], "size": [10, 11, 13], "uv": [50, 0]},
					{"origin": [-0.5, 5.7, -18], "size": [8, 3, 11], "uv": [0, 73]}
				]
			},
			{
				"name": "body2",
				"parent": "body",
				"pivot": [0, 0, 0],
				"rotation": [3, 0, 0],
				"cubes": [
					{"origin": [-1, 9, -27], "size": [9, 9, 10], "uv": [86, 50]}
				]
			},
			{
				"name": "body3",
				"parent": "body",
				"pivot": [0, 0, 0],
				"rotation": [-5, 0, 0],
				"cubes": [
					{"origin": [-1, 4.7, -8], "size": [9, 4, 6], "uv": [32, 88]}
				]
			},
			{
				"name": "body4",
				"parent": "body",
				"pivot": [0, 0, 0],
				"rotation": [5, 0, 0],
				"cubes": [
					{"origin": [-1, 5, -1.2], "size": [9, 4, 8], "uv": [72, 73]}
				]
			},
			{
				"name": "head",
				"pivot": [0, 0, 0],
				"rotation": [5, 0, 0],
				"cubes": [
					{"origin": [0, 13, -35], "size": [7, 5, 10], "uv": [38, 73]}
				]
			},
			{
				"name": "head2",
				"parent": "head",
				"pivot": [0, 0, 0],
				"rotation": [-5, 0, 0],
				"cubes": [
					{"origin": [0.5, 9, -35], "size": [6, 2, 10], "uv": [0, 88]}
				]
			},
			{
				"name": "tail",
				"pivot": [0, 0, 0],
				"rotation": [-5, 0, 0],
				"cubes": [
					{"origin": [-1, 8, 6], "size": [9, 10, 13], "uv": [0, 50]}
				]
			},
			{
				"name": "tail2",
				"parent": "tail",
				"pivot": [0, 0, 0],
				"rotation": [-10, 0, 0],
				"cubes": [
					{"origin": [-0.5, 12, 14], "size": [8, 8, 15], "uv": [46, 26]}
				]
			},
			{
				"name": "tail3",
				"parent": "tail",
				"pivot": [0, 0, 0],
				"cubes": [
					{"origin": [0.5, 7.5, 28], "size": [6, 7, 17], "uv": [0, 26]}
				]
			},
			{
				"name": "tail4",
				"parent": "tail",
				"pivot": [0, 0, 0],
				"rotation": [10, 0, 0],
				"cubes": [
					{"origin": [1, 1, 43], "size": [5, 5, 18], "uv": [92, 26]}
				]
			},
			{
				"name": "tail5",
				"parent": "tail",
				"pivot": [0, 0, 0],
				"rotation": [15, 0, 0],
				"cubes": [
					{"origin": [2, -4, 60], "size": [3, 4, 18], "uv": [44, 50]}
				]
			}
		]
	}
}