{
	"format_version": "1.10.0",
	"geometry.leao": {
		"texturewidth": 128,
		"textureheight": 128,
		"visible_bounds_width": 4,
		"visible_bounds_height": 2,
		"visible_bounds_offset": [0, 1, 0],
		"bones": [
			{
				"name": "body0",
				"pivot": [0, 0, 0]
			},
			{
				"name": "tail",
				"parent": "body0",
				"pivot": [0, -1, 2],
				"rotation": [10, 0, 0],
				"cubes": [
					{"origin": [-5.5, 6.5, 10], "size": [8, 5, 3], "uv": [0, 35]}
				]
			},
			{
				"name": "tail2",
				"parent": "tail",
				"pivot": [0, -1, 2],
				"rotation": [25, 0, 0],
				"cubes": [
					{"origin": [-2.5, 2.5, 15], "size": [2, 3, 2], "uv": [18, 74]}
				]
			},
			{
				"name": "tail3",
				"parent": "tail",
				"pivot": [0, -1, 2],
				"rotation": [15, 0, 0],
				"cubes": [
					{"origin": [-2.5, 0.5, 14], "size": [2, 5, 2], "uv": [16, 67]}
				]
			},
			{
				"name": "tail4",
				"parent": "tail",
				"pivot": [0, -1, 2],
				"rotation": [25, 0, 0],
				"cubes": [
					{"origin": [-2.5, -4.5, 14.06], "size": [2, 3, 2], "uv": [26, 74]}
				]
			},
			{
				"name": "tail5",
				"parent": "tail",
				"pivot": [0, -1, 2],
				"rotation": [55, 0, 0],
				"cubes": [
					{"origin": [-2.5, -13.1, 10.7], "size": [2, 3, 2], "uv": [34, 74]}
				]
			},
			{
				"name": "tail7",
				"parent": "tail",
				"pivot": [0, -1, 2],
				"rotation": [115, 0, 0],
				"cubes": [
					{"origin": [-3, -17.9, -6], "size": [3, 3, 3], "uv": [0, 61]}
				]
			},
			{
				"name": "head",
				"parent": "body0",
				"pivot": [0, 0, -1],
				"rotation": [-35, 0, 0],
				"cubes": [
					{"origin": [-4, 6, -15], "size": [5, 4, 6], "uv": [70, 24]}
				]
			},
			{
				"name": "head2",
				"parent": "head",
				"pivot": [0, 0, -1],
				"rotation": [-20, 0, 0],
				"cubes": [
					{"origin": [-3.5, 0.5, -17.5], "size": [4, 2, 6], "uv": [0, 45]}
				]
			},
			{
				"name": "head3",
				"parent": "head",
				"pivot": [0, 0, -1],
				"rotation": [-45, 0, 0],
				"cubes": [
					{"origin": [-4.5, -3, -20], "size": [6, 1, 4], "uv": [0, 54]},
					{"origin": [-4.5, -8, -21], "size": [6, 5, 3], "uv": [38, 45]},
					{"origin": [-4, -8, -18], "size": [5, 2, 2], "uv": [72, 54]},
					{"origin": [-4.5, -6, -18], "size": [6, 3, 2], "uv": [20, 54]}
				]
			},
			{
				"name": "head4",
				"parent": "head",
				"pivot": [0, 0, -1],
				"rotation": [-40, 0, 0],
				"cubes": [
					{"origin": [-3.5, -8.5, -19.5], "size": [4, 4, 2], "uv": [60, 54]},
					{"origin": [-2.5, -9, -19.6], "size": [2, 1, 1], "uv": [50, 78]},
					{"origin": [-2, -8.9, -18.7], "size": [1, 1, 1], "uv": [58, 74]}
				]
			},
			{
				"name": "head5",
				"parent": "head",
				"pivot": [0, 0, -1],
				"rotation": [-40, 0, 0],
				"cubes": [
					{"origin": [-3, -8, -17.5], "size": [3, 5, 1], "uv": [0, 74]}
				]
			},
			{
				"name": "head6",
				"parent": "head",
				"pivot": [1, 0, -1],
				"rotation": [-50, 40, 5],
				"cubes": [
					{"origin": [6.5, -5.5, -21.4], "size": [2, 1, 3], "uv": [58, 67]}
				]
			},
			{
				"name": "head8",
				"parent": "head",
				"pivot": [-4, 0, -1],
				"rotation": [-50, -40, -5],
				"cubes": [
					{"origin": [-11.5, -5.5, -21.4], "size": [2, 1, 3], "uv": [8, 74]}
				]
			},
			{
				"name": "head10",
				"parent": "head",
				"pivot": [0, 0, -1],
				"rotation": [-55, 0, 0],
				"cubes": [
					{"origin": [-5, -9, -20.3], "size": [7, 5, 7], "uv": [58, 0]},
					{"origin": [-4.5, -8, -13.3], "size": [6, 5, 3], "uv": [20, 45]}
				]
			},
			{
				"name": "head11",
				"parent": "head",
				"pivot": [0, 0, -1],
				"rotation": [-30, 0, 0],
				"cubes": [
					{"origin": [-5.5, 0.5, -19.9], "size": [8, 4, 4], "uv": [46, 24]}
				]
			},
			{
				"name": "head12",
				"parent": "head",
				"pivot": [0, 0, -1],
				"rotation": [-35, 0, 0],
				"cubes": [
					{"origin": [-6, -1.4, -17.9], "size": [9, 5, 6], "uv": [0, 0]},
					{"origin": [-6, -2.4, -17.9], "size": [9, 1, 5], "uv": [78, 13]}
				]
			},
			{
				"name": "head13",
				"parent": "head",
				"pivot": [0, 0, -1],
				"rotation": [-10, 0, 0],
				"cubes": [
					{"origin": [-5.5, 8, -14.9], "size": [8, 2, 4], "uv": [22, 35]}
				]
			},
			{
				"name": "head14",
				"parent": "head",
				"pivot": [0, 0, -1],
				"rotation": [-15, 0, 0],
				"cubes": [
					{"origin": [-6, 4.3, -11.9], "size": [9, 5, 3], "uv": [22, 24]}
				]
			},
			{
				"name": "body",
				"parent": "body0",
				"pivot": [0, 0, 0],
				"cubes": [
					{"origin": [-6, 10.3, 4.5], "size": [9, 3, 5], "uv": [26, 13]},
					{"origin": [-5.5, 7, 4.5], "size": [8, 6, 5], "uv": [0, 13]}
				]
			},
			{
				"name": "body2",
				"parent": "body",
				"pivot": [0, 0, 0],
				"cubes": [
					{"origin": [-5.5, 6, 0.5], "size": [8, 7, 4], "uv": [54, 13]},
					{"origin": [-5.5, 6, -5.5], "size": [8, 7, 6], "uv": [30, 0]}
				]
			},
			{
				"name": "body3",
				"parent": "body",
				"pivot": [0, 0, 0],
				"rotation": [-10, 0, 0],
				"cubes": [
					{"origin": [-5, 5.6, -8], "size": [7, 7, 4], "uv": [0, 24]},
					{"origin": [-3, 6.6, -9], "size": [3, 3, 2], "uv": [48, 67]}
				]
			},
			{
				"name": "leg4",
				"parent": "body0",
				"pivot": [-4, 0, -11],
				"cubes": [
					{"origin": [0, 0, -6], "size": [3, 2, 3], "uv": [48, 61]}
				]
			},
			{
				"name": "leg4a",
				"parent": "leg4",
				"pivot": [-4, 0, -11],
				"rotation": [-10, 0, 0],
				"cubes": [
					{"origin": [0.5, 1.4, -5], "size": [2, 5, 2], "uv": [8, 67]}
				]
			},
			{
				"name": "leg4b",
				"parent": "leg4",
				"pivot": [-4, 0, -11],
				"rotation": [15, 0, 0],
				"cubes": [
					{"origin": [0, 2, -3], "size": [3, 4, 2], "uv": [60, 61]}
				]
			},
			{
				"name": "leg4c",
				"parent": "leg4",
				"pivot": [-4, 0, -11],
				"cubes": [
					{"origin": [-0.5, 7, -5.6], "size": [4, 5, 4], "uv": [72, 45]}
				]
			},
			{
				"name": "leg3",
				"parent": "body0",
				"pivot": [1, 0, -11],
				"cubes": [
					{"origin": [-6, 0, -6], "size": [3, 2, 3], "uv": [36, 61]}
				]
			},
			{
				"name": "leg3a",
				"parent": "leg3",
				"pivot": [1, 0, -11],
				"rotation": [-10, 0, 0],
				"cubes": [
					{"origin": [-5.5, 1.4, -5], "size": [2, 5, 2], "uv": [0, 67]}
				]
			},
			{
				"name": "leg3b",
				"parent": "leg3",
				"pivot": [1, 0, -11],
				"rotation": [15, 0, 0],
				"cubes": [
					{"origin": [-6, 2, -3], "size": [3, 4, 2], "uv": [70, 61]}
				]
			},
			{
				"name": "leg3c",
				"parent": "leg3",
				"pivot": [1, 0, -11],
				"cubes": [
					{"origin": [-6.5, 7, -5.6], "size": [4, 5, 4], "uv": [56, 45]}
				]
			},
			{
				"name": "leg2",
				"parent": "body0",
				"pivot": [-4, 0, 0],
				"cubes": [
					{"origin": [0, 0, 5], "size": [3, 2, 3], "uv": [24, 61]}
				]
			},
			{
				"name": "leg2a",
				"parent": "leg2",
				"pivot": [-4, 0, 0],
				"rotation": [-10, 0, 0],
				"cubes": [
					{"origin": [0.5, 2, 6], "size": [2, 5, 2], "uv": [24, 67]}
				]
			},
			{
				"name": "leg2b",
				"parent": "leg2",
				"pivot": [-4, 0, 0],
				"rotation": [15, 0, 0],
				"cubes": [
					{"origin": [0, 2, 7.4], "size": [3, 4, 3], "uv": [48, 54]}
				]
			},
			{
				"name": "leg2c",
				"parent": "leg2",
				"pivot": [-4, 0, 0],
				"rotation": [-12, 0, 0],
				"cubes": [
					{"origin": [-0.5, 8, 3.4], "size": [4, 5, 5], "uv": [46, 35]}
				]
			},
			{
				"name": "leg1",
				"parent": "body0",
				"pivot": [1, 0, 0],
				"cubes": [
					{"origin": [-6, 0, 5], "size": [3, 2, 3], "uv": [12, 61]}
				]
			},
			{
				"name": "leg1a",
				"parent": "leg1",
				"pivot": [1, 0, 0],
				"rotation": [-10, 0, 0],
				"cubes": [
					{"origin": [-5.5, 2, 6], "size": [2, 5, 2], "uv": [32, 67]}
				]
			},
			{
				"name": "leg1b",
				"parent": "leg1",
				"pivot": [1, 0, 0],
				"rotation": [15, 0, 0],
				"cubes": [
					{"origin": [-6, 2, 7.4], "size": [3, 4, 3], "uv": [36, 54]}
				]
			},
			{
				"name": "leg1c",
				"parent": "leg1",
				"pivot": [1, 0, 0],
				"rotation": [-12, 0, 0],
				"cubes": [
					{"origin": [-6.5, 8, 3.4], "size": [4, 5, 5], "uv": [64, 35]}
				]
			}
		]
	}
}