{
	"format_version": "1.10.0",
	"geometry.lemure": {
		"texturewidth": 128,
		"textureheight": 128,
		"visible_bounds_width": 2,
		"visible_bounds_height": 2,
		"visible_bounds_offset": [0, 1, 0],
		"bones": [
			{
				"name": "leg1",
				"pivot": [1, 0, 0],
				"cubes": [
					{"origin": [-6, 0, 5], "size": [3, 1, 4], "uv": [38, 49]}
				]
			},
			{
				"name": "leg1a",
				"parent": "leg1",
				"pivot": [1, 0, 0],
				"rotation": [10, 0, 0],
				"cubes": [
					{"origin": [-5.5, -1.2, 6.8], "size": [2, 6, 2], "uv": [52, 49]}
				]
			},
			{
				"name": "leg1b",
				"parent": "leg1",
				"pivot": [1, 0, 0],
				"rotation": [-35, 0, 0],
				"cubes": [
					{"origin": [-6, 8, 0.5], "size": [3, 6, 4], "uv": [14, 31]}
				]
			},
			{
				"name": "leg2",
				"pivot": [-4, 0, 0],
				"cubes": [
					{"origin": [0, 0, 5], "size": [3, 1, 4], "uv": [12, 49]}
				]
			},
			{
				"name": "leg2a",
				"parent": "leg2",
				"pivot": [-4, 0, 0],
				"rotation": [10, 0, 0],
				"cubes": [
					{"origin": [0.5, -1.2, 6.8], "size": [2, 6, 2], "uv": [0, 57]}
				]
			},
			{
				"name": "leg2b",
				"parent": "leg2",
				"pivot": [-4, 0, 0],
				"rotation": [-35, 0, 0],
				"cubes": [
					{"origin": [0, 8, 0.5], "size": [3, 6, 4], "uv": [0, 31]}
				]
			},
			{
				"name": "leg3",
				"pivot": [1, 0, -1],
				"cubes": [
					{"origin": [-5, 0, -5.6], "size": [3, 1, 3], "uv": [20, 57]}
				]
			},
			{
				"name": "leg3a",
				"parent": "leg3",
				"pivot": [1, 0, -1],
				"rotation": [-3, 0, 0],
				"cubes": [
					{"origin": [-4.5, 0, -4.5], "size": [2, 5, 2], "uv": [0, 65]}
				]
			},
			{
				"name": "leg3b",
				"parent": "leg3",
				"pivot": [1, 0, -1],
				"rotation": [7, 0, 0],
				"cubes": [
					{"origin": [-5, 5, -4.5], "size": [3, 4, 3], "uv": [26, 49]}
				]
			},
			{
				"name": "leg3c",
				"parent": "leg3",
				"pivot": [0, 0, 0],
				"rotation": [5, 0, 0],
				"cubes": [
					{"origin": [-5.1, 0.6, -7], "size": [1, 1, 2], "uv": [14, 72]},
					{"origin": [-2.9, 0.6, -7], "size": [1, 1, 2], "uv": [20, 72]},
					{"origin": [-4, 0.6, -7], "size": [1, 1, 2], "uv": [32, 72]}
				]
			},
			{
				"name": "leg4",
				"pivot": [-4, 0, -1],
				"cubes": [
					{"origin": [-1, 0, -5.6], "size": [3, 1, 3], "uv": [8, 61]}
				]
			},
			{
				"name": "leg4a",
				"parent": "leg4",
				"pivot": [-4, 0, -1],
				"rotation": [-3, 0, 0],
				"cubes": [
					{"origin": [-0.5, 0, -4.5], "size": [2, 5, 2], "uv": [32, 57]}
				]
			},
			{
				"name": "leg4b",
				"parent": "leg4",
				"pivot": [-4, 0, -1],
				"rotation": [7, 0, 0],
				"cubes": [
					{"origin": [-1, 5, -4.5], "size": [3, 4, 3], "uv": [0, 49]}
				]
			},
			{
				"name": "leg4c",
				"parent": "leg4",
				"pivot": [-3, 0, 0],
				"rotation": [5, 0, 0],
				"cubes": [
					{"origin": [1.1, 0.6, -7], "size": [1, 1, 2], "uv": [8, 72]},
					{"origin": [-1.1, 0.6, -7], "size": [1, 1, 2], "uv": [26, 72]},
					{"origin": [0, 0.6, -7], "size": [1, 1, 2], "uv": [38, 72]}
				]
			},
			{
				"name": "body",
				"pivot": [0, 2, 0],
				"rotation": [2, 0, 0],
				"cubes": [
					{"origin": [-5, 7, 5.2], "size": [7, 5, 5], "uv": [22, 0]},
					{"origin": [-4, 6, 4.5], "size": [5, 2, 5], "uv": [0, 22]},
					{"origin": [-3, 6, 9.5], "size": [3, 1, 1], "uv": [0, 72]},
					{"origin": [-3, 7, 9.5], "size": [3, 1, 2], "uv": [28, 69]}
				]
			},
			{
				"name": "body2",
				"parent": "body",
				"pivot": [0, 2, 0],
				"rotation": [7, 0, 0],
				"cubes": [
					{"origin": [-4.5, 5.4, 1.4], "size": [6, 6, 5], "uv": [46, 0]}
				]
			},
			{
				"name": "body3",
				"parent": "body",
				"pivot": [0, 2, 0],
				"rotation": [2, 0, 0],
				"cubes": [
					{"origin": [-4, 5.4, -4.8], "size": [5, 6, 6], "uv": [0, 0]}
				]
			},
			{
				"name": "body4",
				"parent": "body",
				"pivot": [0, 2, 0],
				"rotation": [5, 0, 0],
				"cubes": [
					{"origin": [-3.5, 5, -1], "size": [4, 1, 4], "uv": [48, 41]}
				]
			},
			{
				"name": "body5",
				"parent": "body",
				"pivot": [0, 2, 0],
				"cubes": [
					{"origin": [-4, 5, 2.7], "size": [5, 1, 5], "uv": [20, 22]}
				]
			},
			{
				"name": "body6",
				"parent": "body",
				"pivot": [0, 2, 0],
				"rotation": [10, 0, 0],
				"cubes": [
					{"origin": [-3.5, 4, 5.7], "size": [4, 1, 4], "uv": [32, 41]}
				]
			},
			{
				"name": "tail",
				"pivot": [0, 3, 0],
				"rotation": [10, 0, 0],
				"cubes": [
					{"origin": [-4, 6.6, 9], "size": [5, 4, 4], "uv": [40, 22]},
					{"origin": [-3, 6, 9.5], "size": [3, 1, 3], "uv": [8, 57]}
				]
			},
			{
				"name": "tail2",
				"parent": "tail",
				"pivot": [0, 3, 0],
				"rotation": [35, 0, 0],
				"cubes": [
					{"origin": [-3.5, -0.4, 12.6], "size": [4, 3, 4], "uv": [16, 41]}
				]
			},
			{
				"name": "tail3",
				"parent": "tail",
				"pivot": [0, 3, 0],
				"rotation": [55, 0, 0],
				"cubes": [
					{"origin": [-3, -6, 13.6], "size": [3, 3, 5], "uv": [44, 31]}
				]
			},
			{
				"name": "tail4",
				"parent": "tail",
				"pivot": [0, 3, 0],
				"rotation": [75, 0, 0],
				"cubes": [
					{"origin": [-2.5, -12, 13.6], "size": [2, 3, 4], "uv": [64, 41]}
				]
			},
			{
				"name": "tail5",
				"parent": "tail",
				"pivot": [0, 3, 0],
				"rotation": [120, 0, 0],
				"cubes": [
					{"origin": [-3, -20, 1.6], "size": [3, 3, 5], "uv": [0, 41]}
				]
			},
			{
				"name": "tail6",
				"parent": "tail",
				"pivot": [0, 3, 0],
				"rotation": [170, 0, 0],
				"cubes": [
					{"origin": [-2.5, -17, -13.4], "size": [2, 3, 6], "uv": [58, 22]}
				]
			},
			{
				"name": "tail7",
				"parent": "tail",
				"pivot": [0, 3, 0],
				"rotation": [175, 0, 0],
				"cubes": [
					{"origin": [-3, -16, -10.4], "size": [3, 3, 7], "uv": [20, 12]}
				]
			},
			{
				"name": "tail8",
				"parent": "tail",
				"pivot": [0, 3, 0],
				"rotation": [170, 0, 0],
				"cubes": [
					{"origin": [-2.5, -16, -3.4], "size": [2, 2, 6], "uv": [28, 31]}
				]
			},
			{
				"name": "head",
				"pivot": [0, 1, -1],
				"rotation": [-15, 0, 0],
				"cubes": [
					{"origin": [-3.5, 5.4, -12], "size": [4, 4, 6], "uv": [0, 12]},
					{"origin": [-3, 4.4, -8.5], "size": [3, 1, 3], "uv": [20, 61]}
				]
			},
			{
				"name": "head2",
				"parent": "head",
				"pivot": [0, 1, -1],
				"rotation": [15, 0, 0],
				"cubes": [
					{"origin": [-4, 8, -11], "size": [5, 5, 5], "uv": [40, 12]}
				]
			},
			{
				"name": "head3",
				"parent": "head",
				"pivot": [0, 1, -1],
				"rotation": [20, 0, 0],
				"cubes": [
					{"origin": [-3, 9.4, -11.5], "size": [3, 2, 2], "uv": [28, 65]}
				]
			},
			{
				"name": "head4",
				"parent": "head",
				"pivot": [0, 1, -1],
				"rotation": [15, 0, 0],
				"cubes": [
					{"origin": [-2.5, 8.2, -11.7], "size": [2, 1, 3], "uv": [8, 65]}
				]
			},
			{
				"name": "head5",
				"parent": "head",
				"pivot": [0, 1, -1],
				"rotation": [30, 0, 0],
				"cubes": [
					{"origin": [-2.5, 12.2, -9.7], "size": [2, 1, 3], "uv": [18, 65]}
				]
			},
			{
				"name": "head6",
				"parent": "head",
				"pivot": [0, 1, -1],
				"rotation": [-5, -10, -10],
				"cubes": [
					{"origin": [-4.5, 9, -12], "size": [1, 3, 2], "uv": [38, 65]},
					{"origin": [-4.5, 10, -10], "size": [1, 1, 1], "uv": [48, 72]}
				]
			},
			{
				"name": "head7",
				"parent": "head",
				"pivot": [0, 1, -1],
				"rotation": [-5, 10, 10],
				"cubes": [
					{"origin": [0.5, 8.4, -12.4], "size": [1, 3, 2], "uv": [44, 65]},
					{"origin": [0.5, 9.4, -10.4], "size": [1, 1, 1], "uv": [44, 72]}
				]
			}
		]
	}
}