{
	"format_version": "1.10.0",
	"geometry.lince": {
		"texturewidth": 128,
		"textureheight": 128,
		"visible_bounds_width": 3,
		"visible_bounds_height": 2,
		"visible_bounds_offset": [0, 1, 0],
		"bones": [
			{
				"name": "body0",
				"pivot": [-4, 9, 7],
				"cubes": [
					{"origin": [-4.5, 7, -10], "size": [9, 9, 9], "uv": [33, 17]}
				]
			},
			{
				"name": "body1",
				"parent": "body0",
				"pivot": [-4, 13, -3],
				"cubes": [
					{"origin": [-4, 7, -1], "size": [8, 9, 10], "uv": [0, 26]},
					{"origin": [-2, 6, -9], "size": [4, 9, 17], "uv": [0, 0]}
				]
			},
			{
				"name": "tail0",
				"parent": "body1",
				"pivot": [-4, 14, 7],
				"rotation": [-65, 0, 0],
				"cubes": [
					{"origin": [-1, 14.51764, 5.93185], "size": [2, 2, 6], "uv": [63, 29]},
					{"origin": [-2, 14.51764, 7.93185], "size": [4, 2, 4], "uv": [0, 11]}
				]
			},
			{
				"name": "head",
				"parent": "body0",
				"pivot": [0, 12, -10]
			},
			{
				"name": "head0",
				"parent": "head",
				"pivot": [-4, 13, -12],
				"rotation": [-10, 0, 0],
				"cubes": [
					{"origin": [-3, 10.17237, -13.88996], "size": [6, 6, 5], "uv": [36, 36]}
				]
			},
			{
				"name": "head1",
				"parent": "head0",
				"pivot": [-4, 12, -15],
				"rotation": [15, 0, 0],
				"cubes": [
					{"origin": [-4, 8.55583, -20.21427], "size": [8, 8, 8], "uv": [25, 0]}
				]
			},
			{
				"name": "mouth0",
				"parent": "head1",
				"pivot": [-4, 9.5, -22]
			},
			{
				"name": "ear1",
				"parent": "head1",
				"pivot": [-8, 17, -17.2],
				"rotation": [0, 55, -30],
				"cubes": [
					{"origin": [-10.09104, 11.86388, -14.21427], "size": [4, 4, 2], "uv": [0, 68]},
					{"origin": [-10.09104, 11.86388, -14.21427], "size": [2, 6, 2], "uv": [0, 26]}
				]
			},
			{
				"name": "ear0",
				"parent": "head1",
				"pivot": [0, 17, -17.2],
				"rotation": [0, -55, 20],
				"cubes": [
					{"origin": [1.9695, 15.25307, -20.21427], "size": [4, 4, 2], "uv": [65, 0]},
					{"origin": [3.9695, 15.25307, -20.21427], "size": [2, 6, 2], "uv": [25, 0]}
				]
			},
			{
				"name": "leg0",
				"parent": "body0",
				"pivot": [3, 10, -6],
				"cubes": [
					{"origin": [0.5, 0, -8.75], "size": [5, 2, 5], "uv": [60, 15]},
					{"origin": [1, 2, -7.75], "size": [4, 7, 4], "uv": [32, 59]}
				]
			},
			{
				"name": "leg0t",
				"parent": "leg0",
				"pivot": [-1, 11, -8],
				"rotation": [5, 0, 0],
				"cubes": [
					{"origin": [0.5, 5.69725, -8.46956], "size": [5, 7, 5], "uv": [55, 55]}
				]
			},
			{
				"name": "leg1",
				"parent": "body0",
				"pivot": [-3, 10, -6],
				"cubes": [
					{"origin": [-5.5, 0, -8.75], "size": [5, 2, 5], "uv": [57, 8]},
					{"origin": [-5, 2, -7.75], "size": [4, 7, 4], "uv": [16, 57]}
				]
			},
			{
				"name": "leg1t",
				"parent": "leg1",
				"pivot": [-7, 11, -8],
				"rotation": [5, 0, 0],
				"cubes": [
					{"origin": [-5.5, 5.69725, -8.46956], "size": [5, 7, 5], "uv": [40, 47]}
				]
			},
			{
				"name": "leg3",
				"parent": "body0",
				"pivot": [3, 9, 6],
				"cubes": [
					{"origin": [1, 2, 3.75], "size": [4, 7, 4], "uv": [0, 57]},
					{"origin": [0.5, 0, 1.75], "size": [5, 2, 6], "uv": [55, 41]}
				]
			},
			{
				"name": "leg3t",
				"parent": "leg3",
				"pivot": [-1, 11, 4],
				"rotation": [-5, 0, 0],
				"cubes": [
					{"origin": [0.5, 5.67431, 3.49239], "size": [5, 7, 5], "uv": [20, 45]}
				]
			},
			{
				"name": "leg2",
				"parent": "body0",
				"pivot": [-3, 9, 6],
				"cubes": [
					{"origin": [-5.5, 0, 1.75], "size": [5, 2, 6], "uv": [49, 0]},
					{"origin": [-5, 2, 3.75], "size": [4, 7, 4], "uv": [0, 0]}
				]
			},
			{
				"name": "leg2t",
				"parent": "leg2",
				"pivot": [-7, 11, 4],
				"rotation": [-5, 0, 0],
				"cubes": [
					{"origin": [-5.5, 5.67431, 3.49239], "size": [5, 7, 5], "uv": [0, 45]}
				]
			},
			{
				"name": "nouse",
				"parent": "body0",
				"pivot": [0, 0, 0],
				"rotation": [15, 0, 0],
				"cubes": [
					{"origin": [-2, 14.55583, -19.21427], "size": [4, 3, 3], "uv": [60, 49]},
					{"origin": [-2, 13.55583, -19.21427], "size": [4, 1, 3], "uv": [53, 37]}
				]
			},
			{
				"name": "mouth",
				"parent": "body0",
				"pivot": [0, 0, 0],
				"rotation": [0, 0, 10],
				"cubes": [
					{"origin": [-1, 7, -18], "size": [4, 7, 3], "uv": [59, 67]}
				]
			},
			{
				"name": "mouth2",
				"parent": "body0",
				"pivot": [0, 0, 0],
				"rotation": [0, 0, -10],
				"cubes": [
					{"origin": [-3, 7, -18], "size": [4, 7, 3], "uv": [45, 67]}
				]
			}
		]
	}
}