{
	"format_version": "1.10.0",
	"geometry.lontra": {
		"texturewidth": 128,
		"textureheight": 128,
		"visible_bounds_width": 6,
		"visible_bounds_height": 1,
		"visible_bounds_offset": [0, 0.5, 0],
		"bones": [
			{
				"name": "leg1",
				"pivot": [0, 0, 7],
				"cubes": [
					{"origin": [-7, 0, 9], "size": [4, 1, 4], "uv": [16, 72]}
				]
			},
			{
				"name": "leg1a",
				"parent": "leg1",
				"pivot": [0, 0, 7],
				"rotation": [10, 0, 0],
				"cubes": [
					{"origin": [-6.5, -0.5, 11], "size": [3, 5, 3], "uv": [50, 81]}
				]
			},
			{
				"name": "leg1b",
				"parent": "leg1",
				"pivot": [0, 0, 7],
				"rotation": [-15, 0, 0],
				"cubes": [
					{"origin": [-7, 4, 8.2], "size": [4, 7, 4], "uv": [24, 59]}
				]
			},
			{
				"name": "leg2",
				"pivot": [-2, 0, 7],
				"cubes": [
					{"origin": [1, 0, 9], "size": [4, 1, 4], "uv": [64, 72]}
				]
			},
			{
				"name": "leg2a",
				"parent": "leg2",
				"pivot": [-2, 0, 7],
				"rotation": [10, 0, 0],
				"cubes": [
					{"origin": [1.5, -0.5, 11], "size": [3, 5, 3], "uv": [24, 81]}
				]
			},
			{
				"name": "leg2b",
				"parent": "leg2",
				"pivot": [-2, 0, 7],
				"rotation": [-15, 0, 0],
				"cubes": [
					{"origin": [1, 4, 8.2], "size": [4, 7, 4], "uv": [40, 59]}
				]
			},
			{
				"name": "leg3",
				"pivot": [-3, 0, -8],
				"cubes": [
					{"origin": [0, 0, -6], "size": [4, 1, 4], "uv": [32, 72]}
				]
			},
			{
				"name": "leg3a",
				"parent": "leg3",
				"pivot": [-3, 0, -8],
				"rotation": [-10, 0, 0],
				"cubes": [
					{"origin": [0.5, 1.5, -5], "size": [3, 5, 3], "uv": [0, 81]}
				]
			},
			{
				"name": "leg3b",
				"parent": "leg3",
				"pivot": [-3, 0, -8],
				"rotation": [15, 0, 0],
				"cubes": [
					{"origin": [0, 2, -3.8], "size": [4, 5, 4], "uv": [0, 72]}
				]
			},
			{
				"name": "leg4",
				"pivot": [1, 0, -8],
				"cubes": [
					{"origin": [-6, 0, -6], "size": [4, 1, 4], "uv": [48, 72]}
				]
			},
			{
				"name": "leg4a",
				"parent": "leg4",
				"pivot": [1, 0, -8],
				"rotation": [-10, 0, 0],
				"cubes": [
					{"origin": [-5.5, 1.5, -5], "size": [3, 5, 3], "uv": [12, 81]}
				]
			},
			{
				"name": "leg4b",
				"parent": "leg4",
				"pivot": [1, 0, -8],
				"rotation": [15, 0, 0],
				"cubes": [
					{"origin": [-6, 2, -3.8], "size": [4, 5, 4], "uv": [56, 59]}
				]
			},
			{
				"name": "body",
				"pivot": [0, 0, 0],
				"cubes": [
					{"origin": [-5, 4, -4.5], "size": [8, 8, 20], "uv": [0, 0]},
					{"origin": [-5.5, 3.5, 6.5], "size": [9, 9, 9], "uv": [56, 0]}
				]
			},
			{
				"name": "body2",
				"parent": "body",
				"pivot": [0, 0, 0],
				"rotation": [-15, 0, 0],
				"cubes": [
					{"origin": [-4, 3.5, -11.8], "size": [6, 7, 8], "uv": [0, 44]}
				]
			},
			{
				"name": "head",
				"pivot": [0, 0, 0],
				"cubes": [
					{"origin": [-3.5, 6.7, -14], "size": [5, 6, 7], "uv": [0, 59]}
				]
			},
			{
				"name": "head2",
				"parent": "head",
				"pivot": [0, 0, 0],
				"cubes": [
					{"origin": [-3, 8, -16], "size": [4, 3, 3], "uv": [36, 81]},
					{"origin": [-2, 10.1, -16.2], "size": [2, 1, 1], "uv": [12, 89]},
					{"origin": [-1.5, 9.1, -16.2], "size": [1, 1, 1], "uv": [12, 91]}
				]
			},
			{
				"name": "head3",
				"parent": "head",
				"pivot": [0, 0, 0],
				"cubes": [
					{"origin": [-2.5, 7, -15.5], "size": [3, 1, 3], "uv": [62, 81]}
				]
			},
			{
				"name": "head4",
				"parent": "head",
				"pivot": [0, 0, 0],
				"rotation": [-5, 0, 0],
				"cubes": [
					{"origin": [1, 10, -13], "size": [1, 2, 2], "uv": [0, 89]}
				]
			},
			{
				"name": "head5",
				"parent": "head",
				"pivot": [0, 0, 0],
				"rotation": [-5, 0, 0],
				"cubes": [
					{"origin": [-4, 10, -13], "size": [1, 2, 2], "uv": [6, 89]}
				]
			},
			{
				"name": "tail",
				"pivot": [0, 0, 0],
				"rotation": [-5, 0, 0],
				"cubes": [
					{"origin": [-4, 6, 13], "size": [6, 7, 8], "uv": [62, 28]}
				]
			},
			{
				"name": "tail2",
				"parent": "tail",
				"pivot": [0, 0, 0],
				"rotation": [-5, 0, 0],
				"cubes": [
					{"origin": [-3.5, 8, 19], "size": [5, 6, 8], "uv": [56, 44]}
				]
			},
			{
				"name": "tail3",
				"parent": "tail",
				"pivot": [0, 0, 0],
				"rotation": [-10, 0, 0],
				"cubes": [
					{"origin": [-3, 11, 24], "size": [4, 4, 12], "uv": [0, 28]}
				]
			},
			{
				"name": "tail4",
				"parent": "tail",
				"pivot": [0, 0, 0],
				"cubes": [
					{"origin": [-2.5, 5, 36], "size": [3, 3, 12], "uv": [32, 28]}
				]
			}
		]
	}
}