{
	"format_version": "1.10.0",
	"geometry.magmahead": {
		"texturewidth": 128,
		"textureheight": 128,
		"visible_bounds_width": 6,
		"visible_bounds_height": 2,
		"visible_bounds_offset": [0, 1, 0],
		"bones": [
			{
				"name": "body0",
				"pivot": [0, 0, -13]
			},
			{
				"name": "body2",
				"parent": "body0",
				"pivot": [-2, 7, -6],
				"cubes": [
					{"origin": [-8, 2, -6], "size": [14, 11, 11], "uv": [0, 0]}
				]
			},
			{
				"name": "fin2",
				"parent": "body2",
				"pivot": [6, 5, -1],
				"rotation": [0, -15, 0],
				"cubes": [
					{"origin": [5.28809, 5, -4.19479], "size": [6, 1, 4], "uv": [60, 0]},
					{"origin": [11.28809, 5, -4.19479], "size": [2, 1, 3], "uv": [23, 63]},
					{"origin": [13.28809, 5, -4.19479], "size": [2, 1, 2], "uv": [30, 63]},
					{"origin": [15.28809, 5, -4.19479], "size": [2, 1, 1], "uv": [0, 41]}
				]
			},
			{
				"name": "fin",
				"parent": "body2",
				"pivot": [-8, 5, -1],
				"rotation": [0, 15, 0],
				"cubes": [
					{"origin": [-13.39031, 5, -3.41834], "size": [6, 1, 4], "uv": [12, 53]},
					{"origin": [-15.39031, 5, -3.41834], "size": [2, 1, 3], "uv": [62, 57]},
					{"origin": [-17.39031, 5, -3.41834], "size": [2, 1, 2], "uv": [45, 24]},
					{"origin": [-19.39031, 5, -3.41834], "size": [2, 1, 1], "uv": [36, 40]}
				]
			},
			{
				"name": "dorsalfin",
				"parent": "body2",
				"pivot": [-2, 12, -2],
				"cubes": [
					{"origin": [-6, 12.90631, -3.42262], "size": [1, 2, 6], "uv": [60, 24]},
					{"origin": [3, 12.90631, -3.42262], "size": [1, 2, 6], "uv": [12, 58]},
					{"origin": [-4, 12.90631, -5.42262], "size": [6, 2, 1], "uv": [62, 54]},
					{"origin": [-4, 12.90631, 3.57738], "size": [6, 2, 1], "uv": [28, 37]},
					{"origin": [-5, 12.90631, 2.57738], "size": [1, 2, 1], "uv": [30, 24]},
					{"origin": [2, 12.90631, 2.57738], "size": [1, 2, 1], "uv": [0, 22]},
					{"origin": [-5, 12.90631, -4.42262], "size": [1, 2, 1], "uv": [8, 29]},
					{"origin": [-5.63686, 14.82403, -3.29347], "size": [0.90922, 1.81843, 5.4553], "uv": [0, 3]},
					{"origin": [2.54608, 14.82403, -3.29347], "size": [0.90922, 1.81843, 5.4553], "uv": [0, 2]},
					{"origin": [-3.81843, 14.82403, -5.1119], "size": [5.4553, 1.81843, 0.90922], "uv": [30, 33]},
					{"origin": [-3.81843, 14.82403, 3.07104], "size": [5.4553, 1.81843, 0.90922], "uv": [0, 33]},
					{"origin": [-4.72765, 14.82403, 2.16183], "size": [0.90922, 1.81843, 0.90922], "uv": [0, 0]},
					{"origin": [1.63686, 14.82403, 2.16183], "size": [0.90922, 1.81843, 0.90922], "uv": [0, 0]},
					{"origin": [-4.72765, 14.82403, -4.20268], "size": [0.90922, 1.81843, 0.90922], "uv": [0, 0]},
					{"origin": [1.63686, 14.82403, -4.20268], "size": [0.90922, 1.81843, 0.90922], "uv": [0, 0]},
					{"origin": [-5.17716, 16.71987, -3.12997], "size": [0.79429, 1.58858, 4.76575], "uv": [0, 28]},
					{"origin": [1.97146, 16.71987, -3.12997], "size": [0.79429, 1.58858, 4.76575], "uv": [0, 27]},
					{"origin": [-3.58858, 16.71987, -4.71856], "size": [4.76575, 1.58858, 0.79429], "uv": [52, 51]},
					{"origin": [-3.58858, 16.71987, 2.43006], "size": [4.76575, 1.58858, 0.79429], "uv": [40, 33]},
					{"origin": [-4.38287, 16.71987, 1.63577], "size": [0.79429, 1.58858, 0.79429], "uv": [0, 0]},
					{"origin": [1.17716, 16.71987, 1.63577], "size": [0.79429, 1.58858, 0.79429], "uv": [0, 0]},
					{"origin": [-4.38287, 16.71987, -3.92426], "size": [0.79429, 1.58858, 0.79429], "uv": [0, 0]},
					{"origin": [1.17716, 16.71987, -3.92426], "size": [0.79429, 1.58858, 0.79429], "uv": [0, 0]},
					{"origin": [-4.7959, 17.63349, -2.99438], "size": [0.69898, 2.39795, 4.19386], "uv": [0, 25]},
					{"origin": [1.49488, 17.63349, -2.99438], "size": [0.69898, 2.39795, 4.19386], "uv": [0, 5]},
					{"origin": [-3.39795, 17.63349, -4.39233], "size": [4.19386, 2.39795, 0.69898], "uv": [50, 30]},
					{"origin": [-3.39795, 17.63349, 1.89846], "size": [4.19386, 2.39795, 0.69898], "uv": [28, 40]},
					{"origin": [-4.09693, 17.63349, 1.19948], "size": [0.69898, 2.39795, 0.69898], "uv": [0, 0]},
					{"origin": [0.7959, 17.63349, 1.19948], "size": [0.69898, 2.39795, 0.69898], "uv": [0, 0]},
					{"origin": [-4.09693, 17.63349, -3.69335], "size": [0.69898, 2.39795, 0.69898], "uv": [0, 0]},
					{"origin": [0.7959, 17.63349, -3.69335], "size": [0.69898, 2.39795, 0.69898], "uv": [0, 0]},
					{"origin": [2, 12.90631, -4.42262], "size": [1, 2, 1], "uv": [6, 0]},
					{"origin": [0.52457, 19.57201, -3.52902], "size": [0.63114, 2.16524, 0.63114], "uv": [0, 0]},
					{"origin": [-3.89343, 19.57201, -3.52902], "size": [0.63114, 2.16524, 0.63114], "uv": [0, 0]},
					{"origin": [0.52457, 19.57201, 0.88898], "size": [0.63114, 2.16524, 0.63114], "uv": [0, 0]},
					{"origin": [-3.89343, 19.57201, 0.88898], "size": [0.63114, 2.16524, 0.63114], "uv": [0, 0]},
					{"origin": [-3.26229, 19.57201, 1.52012], "size": [3.78686, 2.16524, 0.63114], "uv": [0, 37]},
					{"origin": [-3.26229, 19.57201, -4.16016], "size": [3.78686, 2.16524, 0.63114], "uv": [0, 39]},
					{"origin": [1.15571, 19.57201, -2.89787], "size": [0.63114, 2.16524, 3.78686], "uv": [6, 19]},
					{"origin": [-4.17113, 21.49193, -2.77217], "size": [0.54278, 1.8621, 3.2567], "uv": [30, 20]},
					{"origin": [0.71391, 21.49193, -2.77217], "size": [0.54278, 1.8621, 3.2567], "uv": [30, 19]},
					{"origin": [-3.08557, 21.49193, -3.85774], "size": [3.2567, 1.8621, 0.54278], "uv": [0, 53]},
					{"origin": [-3.08557, 21.49193, 1.02731], "size": [3.2567, 1.8621, 0.54278], "uv": [28, 42]},
					{"origin": [-3.62835, 21.49193, 0.48452], "size": [0.54278, 1.8621, 0.54278], "uv": [0, 0]},
					{"origin": [0.17113, 21.49193, 0.48452], "size": [0.54278, 1.8621, 0.54278], "uv": [0, 0]},
					{"origin": [-3.62835, 21.49193, -3.31496], "size": [0.54278, 1.8621, 0.54278], "uv": [0, 0]},
					{"origin": [0.17113, 21.49193, -3.31496], "size": [0.54278, 1.8621, 0.54278], "uv": [0, 0]},
					{"origin": [-4.52457, 19.57201, -2.89787], "size": [0.63114, 2.16524, 3.78686], "uv": [6, 21]},
					{"origin": [-0.00256, 22.45257, -3.20976], "size": [0.49936, 1.71314, 0.49936], "uv": [0, 0]},
					{"origin": [-3.49808, 22.45257, -3.20976], "size": [0.49936, 1.71314, 0.49936], "uv": [0, 0]},
					{"origin": [-0.00256, 22.45257, 0.28576], "size": [0.49936, 1.71314, 0.49936], "uv": [0, 0]},
					{"origin": [-3.49808, 22.45257, 0.28576], "size": [0.49936, 1.71314, 0.49936], "uv": [0, 0]},
					{"origin": [-2.99872, 22.45257, 0.78512], "size": [2.99616, 1.71314, 0.49936], "uv": [0, 0]},
					{"origin": [-2.99872, 22.45257, -3.70912], "size": [2.99616, 1.71314, 0.49936], "uv": [0, 1]},
					{"origin": [0.4968, 22.45257, -2.7104], "size": [0.49936, 1.71314, 2.99616], "uv": [0, 0]},
					{"origin": [-3.99744, 22.45257, -2.7104], "size": [0.49936, 1.71314, 2.99616], "uv": [0, 1]}
				]
			},
			{
				"name": "dorsalfin3",
				"parent": "body2",
				"pivot": [-2, 22, -2]
			},
			{
				"name": "body3",
				"parent": "body2",
				"pivot": [-1, 8, 5],
				"cubes": [
					{"origin": [-7, 3, 5], "size": [12, 9, 8], "uv": [34, 34]}
				]
			},
			{
				"name": "tail",
				"parent": "body3",
				"pivot": [-1, 8, 13],
				"cubes": [
					{"origin": [-5.18, 4.22, 13.1], "size": [8.88, 6.66, 5.92], "uv": [39, 0]}
				]
			},
			{
				"name": "bottomfins",
				"parent": "tail",
				"pivot": [0, 0, -13],
				"rotation": [40, 0, 0],
				"cubes": [
					{"origin": [1, -15.6483, 9.48831], "size": [1, 3, 3], "uv": [52, 52]},
					{"origin": [-4, -15.6483, 9.48831], "size": [1, 3, 3], "uv": [50, 24]}
				]
			},
			{
				"name": "tail2",
				"parent": "tail",
				"pivot": [0, 7, 19],
				"cubes": [
					{"origin": [-3.3152, 5.4208, 19.104], "size": [5.6832, 4.2624, 5.7888], "uv": [30, 24]}
				]
			},
			{
				"name": "tail3",
				"parent": "tail2",
				"pivot": [-1, 7, 25],
				"cubes": [
					{"origin": [-2.32064, 6, 24.9728], "size": [3.97824, 2.98368, 6.05216], "uv": [0, 53]}
				]
			},
			{
				"name": "tailtip",
				"parent": "tail3",
				"pivot": [0, 8, 29]
			},
			{
				"name": "tail5",
				"parent": "tailtip",
				"pivot": [0, 2, 27],
				"rotation": [-40, 0, 0],
				"cubes": [
					{"origin": [-1.32064, 5.55318, 24.89633], "size": [1.97824, 2.98368, 8.05216], "uv": [50, 24]}
				]
			},
			{
				"name": "tail4",
				"parent": "tailtip",
				"pivot": [0, 2, 27],
				"rotation": [45, 0, 0],
				"cubes": [
					{"origin": [-1.32064, 3, 31.9728], "size": [1.97824, 2.98368, 12.05216], "uv": [48, 51]}
				]
			},
			{
				"name": "body",
				"parent": "body0",
				"pivot": [-1, 7, -6],
				"cubes": [
					{"origin": [-6.5, 2.5, -12], "size": [11, 10, 6], "uv": [0, 37]}
				]
			},
			{
				"name": "head",
				"parent": "body",
				"pivot": [-1, 7, -12]
			},
			{
				"name": "topjaw",
				"parent": "head",
				"pivot": [-1, 8, -13],
				"rotation": [20, 0, 0],
				"cubes": [
					{"origin": [-5.5, 8, -22], "size": [9, 3, 12], "uv": [0, 22]},
					{"origin": [-11, 9.1988, -22.14127], "size": [6, 1, 2], "uv": [62, 51]},
					{"origin": [3, 9.1988, -22.14127], "size": [6, 1, 2], "uv": [0, 61]},
					{"origin": [9, 8.1988, -23.14127], "size": [1, 3, 4], "uv": [0, 22]},
					{"origin": [-12, 8.1988, -23.14127], "size": [1, 3, 4], "uv": [101, 75]}
				]
			},
			{
				"name": "jaw",
				"parent": "head",
				"pivot": [-1, 6, -10],
				"rotation": [-10, 0, 0],
				"cubes": [
					{"origin": [-5.5, 2.96386, -20.9223], "size": [9, 2, 11], "uv": [39, 11]}
				]
			},
			{
				"name": "headbase",
				"parent": "head",
				"pivot": [-1, -1, -13],
				"cubes": [
					{"origin": [-5.5, 5, -18], "size": [9, 4, 8], "uv": [26, 51]}
				]
			}
		]
	}
}