{
	"format_version": "1.10.0",
	"geometry.mandril": {
		"texturewidth": 128,
		"textureheight": 128,
		"visible_bounds_width": 2,
		"visible_bounds_height": 1,
		"visible_bounds_offset": [0, 0.5, 0],
		"bones": [
			{
				"name": "bodyb",
				"pivot": [0, 0, 0]
			},
			{
				"name": "leg1",
				"parent": "bodyb",
				"pivot": [2, 0, 2],
				"cubes": [
					{"origin": [-4.3, 0, 6], "size": [3, 1, 4], "uv": [0, 55]}
				]
			},
			{
				"name": "leg1a",
				"parent": "leg1",
				"pivot": [2, 0, 2],
				"cubes": [
					{"origin": [-4.3, 2, 7], "size": [3, 3, 3], "uv": [14, 55]},
					{"origin": [-3.8, 1, 7], "size": [2, 1, 3], "uv": [66, 55]}
				]
			},
			{
				"name": "leg1b",
				"parent": "leg1",
				"pivot": [2, 0, 2],
				"rotation": [-5, 0, 0],
				"cubes": [
					{"origin": [-4.8, 5, 6], "size": [4, 5, 4], "uv": [50, 22]}
				]
			},
			{
				"name": "leg2",
				"parent": "bodyb",
				"pivot": [-2, 0, 2],
				"cubes": [
					{"origin": [1.3, 0, 6], "size": [3, 1, 4], "uv": [52, 40]}
				]
			},
			{
				"name": "leg2a",
				"parent": "leg2",
				"pivot": [-2, 0, 2],
				"cubes": [
					{"origin": [1.3, 2, 7], "size": [3, 3, 3], "uv": [54, 55]},
					{"origin": [1.8, 1, 7], "size": [2, 1, 3], "uv": [0, 61]}
				]
			},
			{
				"name": "leg2b",
				"parent": "leg2",
				"pivot": [-2, 0, 2],
				"rotation": [-5, 0, 0],
				"cubes": [
					{"origin": [0.8, 5, 6], "size": [4, 5, 4], "uv": [18, 22]}
				]
			},
			{
				"name": "leg3",
				"parent": "bodyb",
				"pivot": [3, 0, 0],
				"rotation": [-30, 0, 0],
				"cubes": [
					{"origin": [-4.5, -1, -5.5], "size": [3, 5, 3], "uv": [40, 40]},
					{"origin": [-4, -2, -5.5], "size": [2, 1, 2], "uv": [48, 61]}
				]
			},
			{
				"name": "leg3b",
				"parent": "leg3",
				"pivot": [3, 0, 0],
				"rotation": [40, 0, 0],
				"cubes": [
					{"origin": [-5, 4.4, -3], "size": [4, 5, 4], "uv": [34, 22]}
				]
			},
			{
				"name": "leg3c",
				"parent": "leg3",
				"pivot": [3, 0, 0],
				"rotation": [30, 0, 0],
				"cubes": [
					{"origin": [-4.5, 0, -6.5], "size": [3, 1, 4], "uv": [0, 48]}
				]
			},
			{
				"name": "leg4",
				"parent": "bodyb",
				"pivot": [-3, 0, 0],
				"rotation": [-30, 0, 0],
				"cubes": [
					{"origin": [1.5, -1, -5.5], "size": [3, 5, 3], "uv": [28, 40]},
					{"origin": [2, -2, -5.5], "size": [2, 1, 2], "uv": [40, 61]}
				]
			},
			{
				"name": "leg4a",
				"parent": "leg4",
				"pivot": [-3, 0, 0],
				"rotation": [40, 0, 0],
				"cubes": [
					{"origin": [1, 4.4, -3], "size": [4, 5, 4], "uv": [0, 31]}
				]
			},
			{
				"name": "leg4b",
				"parent": "leg4",
				"pivot": [-3, 0, 0],
				"rotation": [30, 0, 0],
				"cubes": [
					{"origin": [1.5, 0, -6.5], "size": [3, 1, 4], "uv": [14, 48]}
				]
			},
			{
				"name": "body",
				"parent": "bodyb",
				"pivot": [0, 0, 0],
				"cubes": [
					{"origin": [-4, 5.2, 3], "size": [8, 5, 7], "uv": [32, 0]}
				]
			},
			{
				"name": "body2",
				"parent": "body",
				"pivot": [0, 0, 0],
				"rotation": [-5, 0, 0],
				"cubes": [
					{"origin": [-4.5, 4.9, -4], "size": [9, 6, 7], "uv": [0, 0]}
				]
			},
			{
				"name": "body3",
				"parent": "body",
				"pivot": [0, 0, 0],
				"rotation": [-20, 0, 0],
				"cubes": [
					{"origin": [-2.5, 9, -7], "size": [5, 2, 7], "uv": [0, 13]}
				]
			},
			{
				"name": "body4",
				"parent": "body",
				"pivot": [0, 0, 0],
				"rotation": [10, 0, 0],
				"cubes": [
					{"origin": [-1, 8, 10], "size": [2, 3, 2], "uv": [22, 61]},
					{"origin": [-0.5, 10, 9.5], "size": [1, 2, 1], "uv": [22, 66]}
				]
			},
			{
				"name": "body5",
				"parent": "body",
				"pivot": [0, 0, 0],
				"rotation": [-20, 0, 0],
				"cubes": [
					{"origin": [-0.5, 11, 4.6], "size": [1, 2, 2], "uv": [56, 61]}
				]
			},
			{
				"name": "head",
				"parent": "bodyb",
				"pivot": [2, -1, 3],
				"cubes": [
					{"origin": [-3, 7, -8], "size": [6, 6, 6], "uv": [62, 0]},
					{"origin": [-1.5, 13, -8.1], "size": [3, 1, 5], "uv": [62, 31]},
					{"origin": [-3.5, 11.1, -8.9], "size": [1, 2, 5], "uv": [28, 48]},
					{"origin": [-2.5, 11.5, -3.5], "size": [5, 2, 2], "uv": [26, 55]},
					{"origin": [-3.4, 8.6, -8.5], "size": [1, 3, 6], "uv": [34, 31]},
					{"origin": [-2.5, 6, -7.5], "size": [5, 2, 5], "uv": [68, 13]},
					{"origin": [-3, 12.6, -8.9], "size": [1, 1, 6], "uv": [0, 40]},
					{"origin": [-3.4, 6.6, -8.1], "size": [1, 2, 5], "uv": [64, 48]}
				]
			},
			{
				"name": "head2",
				"parent": "head",
				"pivot": [2, 0, 0],
				"rotation": [5, 0, 0],
				"cubes": [
					{"origin": [-1.5, 7.8, -8.1], "size": [3, 1, 2], "uv": [30, 61]}
				]
			},
			{
				"name": "head3",
				"parent": "head",
				"pivot": [2, 0, 0],
				"cubes": [
					{"origin": [-1, 7.3, -8.7], "size": [2, 2, 1], "uv": [0, 66]},
					{"origin": [-0.5, 9.3, -8.5], "size": [1, 1, 1], "uv": [30, 66]},
					{"origin": [-1.5, 7.7, -8.3], "size": [1, 2, 1], "uv": [26, 66]},
					{"origin": [0.5, 7.7, -8.3], "size": [1, 2, 1], "uv": [18, 66]},
					{"origin": [-2.5, 11, -8.3], "size": [5, 1, 1], "uv": [10, 61]}
				]
			},
			{
				"name": "head4",
				"parent": "head",
				"pivot": [2, -1, 3],
				"cubes": [
					{"origin": [2.5, 11.1, -8.9], "size": [1, 2, 5], "uv": [40, 48]},
					{"origin": [-2.5, 11.5, -3.5], "size": [5, 2, 2], "uv": [40, 55]},
					{"origin": [2.4, 8.6, -8.5], "size": [1, 3, 6], "uv": [48, 31]},
					{"origin": [-2.5, 6, -7.5], "size": [5, 2, 5], "uv": [48, 13]},
					{"origin": [2, 12.6, -8.9], "size": [1, 1, 6], "uv": [14, 40]},
					{"origin": [2.4, 6.6, -8.1], "size": [1, 2, 5], "uv": [52, 48]},
					{"origin": [-2, 12, -8.6], "size": [4, 1, 5], "uv": [16, 31]},
					{"origin": [-2, 12.9, -7.8], "size": [4, 2, 5], "uv": [0, 22]},
					{"origin": [-4, 7.9, -4.8], "size": [8, 5, 4], "uv": [24, 13]},
					{"origin": [-2, 12.7, -8.7], "size": [4, 1, 1], "uv": [30, 64]}
				]
			},
			{
				"name": "head5",
				"parent": "head",
				"pivot": [2, 0, 0],
				"rotation": [-5, 25, 0],
				"cubes": [
					{"origin": [-0.2, 11.5, -9], "size": [2, 2, 1], "uv": [6, 66]}
				]
			},
			{
				"name": "head6",
				"parent": "head",
				"pivot": [2, 0, 0],
				"rotation": [-5, -25, 0],
				"cubes": [
					{"origin": [-1.5, 11.7, -7.5], "size": [2, 2, 1], "uv": [12, 66]}
				]
			}
		]
	}
}