{
	"format_version": "1.10.0",
	"geometry.mega": {
		"texturewidth": 512,
		"textureheight": 512,
		"visible_bounds_width": 9,
		"visible_bounds_height": 2,
		"visible_bounds_offset": [0, 1, 0],
		"bones": [
			{
				"name": "body",
				"pivot": [0, 0, -3],
				"cubes": [
					{"origin": [-4, 0, -40], "size": [17, 16, 50], "uv": [0, 0]}
				]
			},
			{
				"name": "jaw",
				"parent": "body",
				"pivot": [0, 1.6, -2],
				"cubes": [
					{"origin": [-4, 0.4, -72], "size": [17, 5, 33], "uv": [0, 109], "inflate": -0.4}
				]
			},
			{
				"name": "head",
				"parent": "body",
				"pivot": [0, 5, -2],
				"cubes": [
					{"origin": [-4, 5, -72], "size": [17, 11, 32], "uv": [118, 66], "inflate": -0.1}
				]
			},
			{
				"name": "tail",
				"parent": "body",
				"pivot": [0, 3.5, 10],
				"cubes": [
					{"origin": [-3, 1, 10], "size": [15, 14, 50], "uv": [134, 0]}
				]
			},
			{
				"name": "tail_fin",
				"parent": "tail",
				"pivot": [0, 3.5, 20],
				"cubes": [
					{"origin": [-14, 7, 54], "size": [37, 2, 22], "uv": [0, 66]}
				]
			},
			{
				"name": "back_fin",
				"parent": "body",
				"pivot": [0, 7, 2],
				"rotation": [-45, 0, 0],
				"cubes": [
					{"origin": [3.5, 6.25, -5], "size": [1, 13, 8], "uv": [0, 147]}
				]
			},
			{
				"name": "left_fin",
				"parent": "body",
				"pivot": [3, 1, 0],
				"rotation": [0, -25, 20],
				"cubes": [
					{"origin": [-9, 4, -38.5], "size": [29, 2, 10], "uv": [100, 121]}
				]
			},
			{
				"name": "right_fin",
				"parent": "body",
				"pivot": [-3, 1, 0],
				"rotation": [0, 25, -20],
				"cubes": [
					{"origin": [-13, 0, -34.5], "size": [29, 2, 10], "uv": [100, 109]}
				]
			}
		]
	}
}