{
	"format_version": "1.10.0",
	"geometry.morsa": {
		"texturewidth": 128,
		"textureheight": 128,
		"visible_bounds_width": 4,
		"visible_bounds_height": 1,
		"visible_bounds_offset": [0, 0.5, 0],
		"bones": [
			{
				"name": "body",
				"pivot": [0, 0, 0],
				"rotation": [-15, 0, 0],
				"cubes": [
					{"origin": [-6, -1, -17], "size": [13, 11, 4], "uv": [78, 24]}
				]
			},
			{
				"name": "body2",
				"parent": "body",
				"pivot": [0, 0, 0],
				"rotation": [15, 0, 0],
				"cubes": [
					{"origin": [-6.5, 1, -2], "size": [14, 11, 9], "uv": [52, 0]},
					{"origin": [-1, 2, 0], "size": [1, 1, 1], "uv": [24, 93]}
				]
			},
			{
				"name": "body3",
				"parent": "body",
				"pivot": [0, 0, 0],
				"rotation": [10, 0, 0],
				"cubes": [
					{"origin": [-7, 0, -13], "size": [15, 13, 11], "uv": [0, 0]}
				]
			},
			{
				"name": "body4",
				"parent": "body",
				"pivot": [0, 0, 0],
				"rotation": [-5, 0, 0],
				"cubes": [
					{"origin": [-5, -1, -19], "size": [11, 9, 2], "uv": [60, 57]}
				]
			},
			{
				"name": "body5",
				"parent": "body",
				"pivot": [0, 0, 0],
				"rotation": [10, 0, 0],
				"cubes": [
					{"origin": [-6, 2, 3], "size": [13, 10, 9], "uv": [0, 24]}
				]
			},
			{
				"name": "body6",
				"parent": "body5",
				"pivot": [0, 0, 0],
				"rotation": [5, 10, 0],
				"cubes": [
					{"origin": [-3, 0, 23], "size": [6, 2, 9], "uv": [0, 57]},
					{"origin": [-2, 1, 23], "size": [4, 3, 5], "uv": [20, 79]}
				]
			},
			{
				"name": "body7",
				"parent": "body5",
				"pivot": [0, 0, 0],
				"rotation": [5, -10, 0],
				"cubes": [
					{"origin": [-2, 0, 22.9], "size": [6, 2, 9], "uv": [30, 57]},
					{"origin": [-1, 1, 22.9], "size": [4, 3, 4], "uv": [0, 87]}
				]
			},
			{
				"name": "body8",
				"parent": "body5",
				"pivot": [0, 0, 0],
				"cubes": [
					{"origin": [-5, 3, 10], "size": [11, 8, 6], "uv": [0, 43]},
					{"origin": [-4, 3, 15], "size": [9, 7, 6], "uv": [34, 43]},
					{"origin": [-3, 3, 18], "size": [7, 5, 8], "uv": [64, 43]}
				]
			},
			{
				"name": "leg1",
				"pivot": [0, 0, 0],
				"rotation": [0, 0, 5],
				"cubes": [
					{"origin": [7, 0.7, -11], "size": [6, 2, 5], "uv": [46, 68]},
					{"origin": [5, 2.7, -10.5], "size": [5, 2, 4], "uv": [74, 79]}
				]
			},
			{
				"name": "leg1a",
				"parent": "leg1",
				"pivot": [0, 0, 0],
				"rotation": [0, 0, 10],
				"cubes": [
					{"origin": [5, 4.9, -11], "size": [5, 3, 5], "uv": [0, 79]}
				]
			},
			{
				"name": "leg2",
				"pivot": [1, 0, 0],
				"rotation": [0, 0, -5],
				"cubes": [
					{"origin": [-12, 0.7, -11], "size": [6, 2, 5], "uv": [68, 68]},
					{"origin": [-9, 2.5, -10.5], "size": [5, 2, 4], "uv": [56, 79]}
				]
			},
			{
				"name": "leg2a",
				"parent": "leg2",
				"pivot": [1, 0, 0],
				"rotation": [0, 0, -10],
				"cubes": [
					{"origin": [-9, 5.1, -11], "size": [5, 3, 5], "uv": [90, 68]}
				]
			},
			{
				"name": "head",
				"pivot": [0, 1, 0],
				"cubes": [
					{"origin": [-4, 7, -23], "size": [9, 8, 8], "uv": [44, 24]},
					{"origin": [-3, 15, -23], "size": [7, 1, 7], "uv": [86, 57]}
				]
			},
			{
				"name": "head2",
				"parent": "head",
				"pivot": [0, 1, 0],
				"cubes": [
					{"origin": [-2, 9, -29], "size": [5, 4, 7], "uv": [0, 68]}
				]
			},
			{
				"name": "head3",
				"parent": "head",
				"pivot": [0, 1, 0],
				"rotation": [10, 0, 0],
				"cubes": [
					{"origin": [-1, 16, -26], "size": [3, 2, 6], "uv": [38, 79]}
				]
			},
			{
				"name": "head4",
				"parent": "head",
				"pivot": [0, 1, 0],
				"cubes": [
					{"origin": [-1.5, 8, -28], "size": [4, 1, 7], "uv": [24, 68]}
				]
			},
			{
				"name": "head5",
				"parent": "head",
				"pivot": [0, 1, 0],
				"rotation": [10, 0, 0],
				"cubes": [
					{"origin": [1.9, 5, -25], "size": [1, 9, 1], "uv": [20, 87]},
					{"origin": [1.9, 12, -24], "size": [1, 2, 1], "uv": [24, 87]}
				]
			},
			{
				"name": "head6",
				"parent": "head",
				"pivot": [0, 1, 0],
				"rotation": [10, 0, 0],
				"cubes": [
					{"origin": [-1.9, 5, -25], "size": [1, 9, 1], "uv": [16, 87]},
					{"origin": [-1.9, 12, -24], "size": [1, 2, 1], "uv": [24, 90]}
				]
			}
		]
	}
}