{
	"format_version": "1.10.0",
	"geometry.narval": {
		"texturewidth": 128,
		"textureheight": 128,
		"visible_bounds_width": 3,
		"visible_bounds_height": 1,
		"visible_bounds_offset": [0, 0.5, 0],
		"bones": [
			{
				"name": "body",
				"pivot": [0, 0, -3],
				"cubes": [
					{"origin": [-3, 0, -2], "size": [5, 6, 12], "uv": [0, 0]}
				]
			},
			{
				"name": "jaw",
				"parent": "body",
				"pivot": [0, 1.6, -2],
				"cubes": [
					{"origin": [-1, 1.4, -19], "size": [1, 1, 15], "uv": [34, 0], "inflate": -0.4}
				]
			},
			{
				"name": "head",
				"parent": "body",
				"pivot": [0, 5, -2],
				"cubes": [
					{"origin": [-3, 0, -6], "size": [5, 6, 7], "uv": [30, 18], "inflate": -0.1}
				]
			},
			{
				"name": "tail",
				"parent": "body",
				"pivot": [0, 3.5, 10],
				"cubes": [
					{"origin": [-2, 1, 10], "size": [3, 4, 8], "uv": [0, 31]}
				]
			},
			{
				"name": "tail_fin",
				"parent": "tail",
				"pivot": [0, 3.5, 20],
				"cubes": [
					{"origin": [-5, 2, 16], "size": [9, 1, 6], "uv": [0, 18]}
				]
			},
			{
				"name": "left_fin",
				"parent": "body",
				"pivot": [3, 1, 0],
				"rotation": [0, -25, 20],
				"cubes": [
					{"origin": [0, 1, -0.5], "size": [8, 1, 4], "uv": [22, 36]}
				]
			},
			{
				"name": "right_fin",
				"parent": "body",
				"pivot": [-3, 1, 0],
				"rotation": [0, 25, -20],
				"cubes": [
					{"origin": [-9, 1, -0.5], "size": [8, 1, 4], "uv": [22, 31]}
				]
			}
		]
	}
}