{
	"format_version": "1.10.0",
	"geometry.narwhal": {
		"texturewidth": 64,
		"textureheight": 64,
		"visible_bounds_width": 4,
		"visible_bounds_height": 1,
		"visible_bounds_offset": [0, 0.5, 0],
		"bones": [
			{
				"name": "body0",
				"pivot": [4, 0, -9]
			},
			{
				"name": "tail",
				"parent": "body0",
				"pivot": [0, 4, 10],
				"cubes": [
					{"origin": [-2, 1, 10], "size": [4, 5, 11], "uv": [28, 0]}
				]
			},
			{
				"name": "tail2",
				"parent": "tail",
				"pivot": [0, 3, 20],
				"cubes": [
					{"origin": [-5, 3, 20], "size": [10, 1, 6], "uv": [28, 16]}
				]
			},
			{
				"name": "body",
				"parent": "body0",
				"pivot": [4, 0, -3],
				"cubes": [
					{"origin": [-4, 0, -3], "size": [8, 7, 13], "uv": [0, 27]}
				]
			},
			{
				"name": "fin",
				"parent": "body",
				"pivot": [-4, 3, -1],
				"cubes": [
					{"origin": [-12, 2, -3], "size": [8, 1, 4], "uv": [0, 0]}
				]
			},
			{
				"name": "fin2",
				"parent": "body",
				"pivot": [4, 3, -1],
				"cubes": [
					{"origin": [4, 2, -3], "size": [8, 1, 4], "uv": [0, 5]}
				]
			},
			{
				"name": "head",
				"parent": "body0",
				"pivot": [4, 0, -9],
				"cubes": [
					{"origin": [-4, 0, -9], "size": [8, 7, 6], "uv": [29, 27]},
					{"origin": [0, 3, -35], "size": [1, 1, 26], "uv": [0, 0]}
				]
			}
		]
	}
}