{
	"format_version": "1.10.0",
	"geometry.newhammershark": {
		"texturewidth": 128,
		"textureheight": 128,
		"visible_bounds_width": 6,
		"visible_bounds_height": 2,
		"visible_bounds_offset": [0, 1, 0],
		"bones": [
			{
				"name": "body0",
				"pivot": [0, 0, -13]
			},
			{
				"name": "body2",
				"parent": "body0",
				"pivot": [-2, 7, -6],
				"cubes": [
					{"origin": [-8, 2, -6], "size": [14, 11, 11], "uv": [0, 0]}
				]
			},
			{
				"name": "fin2",
				"parent": "body2",
				"pivot": [6, 5, -1],
				"rotation": [0, -15, 0],
				"cubes": [
					{"origin": [5.28809, 5, -4.19479], "size": [6, 1, 4], "uv": [56, 56]},
					{"origin": [11.28809, 5, -4.19479], "size": [2, 1, 3], "uv": [29, 55]},
					{"origin": [13.28809, 5, -4.19479], "size": [2, 1, 2], "uv": [32, 27]},
					{"origin": [15.28809, 5, -4.19479], "size": [2, 1, 1], "uv": [0, 28]}
				]
			},
			{
				"name": "fin",
				"parent": "body2",
				"pivot": [-8, 5, -1],
				"rotation": [0, 15, 0],
				"cubes": [
					{"origin": [-13.39031, 5, -3.41834], "size": [6, 1, 4], "uv": [58, 24]},
					{"origin": [-15.39031, 5, -3.41834], "size": [2, 1, 3], "uv": [58, 36]},
					{"origin": [-17.39031, 5, -3.41834], "size": [2, 1, 2], "uv": [34, 59]},
					{"origin": [-19.39031, 5, -3.41834], "size": [2, 1, 1], "uv": [32, 22]}
				]
			},
			{
				"name": "dorsalfin",
				"parent": "body2",
				"pivot": [-2, 12, -2],
				"rotation": [-25, 0, 0],
				"cubes": [
					{"origin": [-2, 11.26837, -3.898], "size": [1.2, 6, 4.8], "uv": [0, 0]},
					{"origin": [-2, 17.26837, -2.698], "size": [1.2, 2.4, 3.6], "uv": [60, 0]},
					{"origin": [-2, 19.66837, -1.498], "size": [1.2, 2.4, 2.4], "uv": [0, 39]},
					{"origin": [-2, 22.06837, -0.298], "size": [1.2, 2.4, 1.2], "uv": [0, 0]}
				]
			},
			{
				"name": "body3",
				"parent": "body2",
				"pivot": [-1, 8, 5],
				"cubes": [
					{"origin": [-7, 3, 5], "size": [12, 9, 8], "uv": [0, 22]}
				]
			},
			{
				"name": "tail",
				"parent": "body3",
				"pivot": [-1, 8, 13],
				"cubes": [
					{"origin": [-5.18, 4.22, 13.1], "size": [8.88, 6.66, 5.92], "uv": [39, 0]}
				]
			},
			{
				"name": "bottomfins",
				"parent": "tail",
				"pivot": [0, 0, -13],
				"rotation": [40, 0, 0],
				"cubes": [
					{"origin": [1, -15.6483, 9.48831], "size": [1, 3, 3], "uv": [34, 43]},
					{"origin": [-4, -15.6483, 9.48831], "size": [1, 3, 3], "uv": [0, 22]}
				]
			},
			{
				"name": "tail2",
				"parent": "tail",
				"pivot": [0, 7, 19],
				"cubes": [
					{"origin": [-3.3152, 5.4208, 19.104], "size": [5.6832, 4.2624, 5.7888], "uv": [14, 55]}
				]
			},
			{
				"name": "tail3",
				"parent": "tail2",
				"pivot": [-1, 7, 25],
				"cubes": [
					{"origin": [-2.32064, 6, 24.9728], "size": [3.97824, 2.98368, 6.05216], "uv": [44, 55]}
				]
			},
			{
				"name": "tailtip",
				"parent": "tail3",
				"pivot": [0, 8, 29]
			},
			{
				"name": "tail5",
				"parent": "tailtip",
				"pivot": [0, 2, 27],
				"rotation": [-40, 0, 0],
				"cubes": [
					{"origin": [-1.32064, 5.55318, 24.89633], "size": [1.97824, 2.98368, 8.05216], "uv": [34, 55]}
				]
			},
			{
				"name": "tail4",
				"parent": "tailtip",
				"pivot": [0, 2, 27],
				"rotation": [45, 0, 0],
				"cubes": [
					{"origin": [-1.32064, 3, 31.9728], "size": [1.97824, 2.98368, 12.05216], "uv": [0, 55]}
				]
			},
			{
				"name": "body",
				"parent": "body0",
				"pivot": [-1, 7, -6],
				"cubes": [
					{"origin": [-6.5, 2.5, -12], "size": [11, 10, 6], "uv": [0, 39]}
				]
			},
			{
				"name": "head",
				"parent": "body",
				"pivot": [-1, 7, -12]
			},
			{
				"name": "topjaw",
				"parent": "head",
				"pivot": [-1, 8, -13],
				"rotation": [20, 0, 0],
				"cubes": [
					{"origin": [-5.5, 8, -22], "size": [9, 3, 12], "uv": [28, 28]},
					{"origin": [-11, 9.1988, -22.14127], "size": [6, 1, 2], "uv": [46, 25]},
					{"origin": [3, 9.1988, -22.14127], "size": [6, 1, 2], "uv": [32, 24]},
					{"origin": [9, 8.1988, -23.14127], "size": [1, 3, 4], "uv": [58, 29]},
					{"origin": [-12, 8.1988, -23.14127], "size": [1, 3, 4], "uv": [0, 55]}
				]
			},
			{
				"name": "jaw",
				"parent": "head",
				"pivot": [-1, 6, -10],
				"rotation": [-10, 0, 0],
				"cubes": [
					{"origin": [-5.5, 2.96386, -20.9223], "size": [9, 2, 11], "uv": [39, 11]}
				]
			},
			{
				"name": "headbase",
				"parent": "head",
				"pivot": [-1, -1, -13],
				"cubes": [
					{"origin": [-5.5, 5, -18], "size": [9, 4, 8], "uv": [34, 43]}
				]
			}
		]
	}
}