{
	"format_version": "1.10.0",
	"geometry.newiceshark": {
		"texturewidth": 128,
		"textureheight": 128,
		"visible_bounds_width": 6,
		"visible_bounds_height": 2,
		"visible_bounds_offset": [0, 1, 0],
		"bones": [
			{
				"name": "body0",
				"pivot": [0, 0, -13]
			},
			{
				"name": "body2",
				"parent": "body0",
				"pivot": [-2, 7, -6],
				"cubes": [
					{"origin": [-8, 2, -6], "size": [14, 11, 11], "uv": [0, 0]}
				]
			},
			{
				"name": "spikes2",
				"parent": "body2",
				"pivot": [-4, 2, 4]
			},
			{
				"name": "spike3",
				"parent": "spikes2",
				"pivot": [1, 2, 7],
				"rotation": [-40, 0, -25],
				"cubes": [
					{"origin": [-1, 3.57212, -8.66044], "size": [2, 7, 2], "uv": [18, 92]}
				]
			},
			{
				"name": "spike5",
				"parent": "spikes2",
				"pivot": [1, 2, 12],
				"rotation": [-40, 0, -25],
				"cubes": [
					{"origin": [-1, 3.57212, -3.66044], "size": [2, 7, 2], "uv": [10, 92]}
				]
			},
			{
				"name": "spikes3",
				"parent": "body2",
				"pivot": [-2, 2, 4],
				"rotation": [0, 0, -25]
			},
			{
				"name": "spike6",
				"parent": "spikes3",
				"pivot": [3, 2, 7],
				"rotation": [-40, 0, -25],
				"cubes": [
					{"origin": [1, 3.57212, -8.66044], "size": [2, 11, 2], "uv": [32, 79]}
				]
			},
			{
				"name": "spike7",
				"parent": "spikes3",
				"pivot": [3, 2, 12],
				"rotation": [-40, 0, -25],
				"cubes": [
					{"origin": [1, 3.57212, -3.66044], "size": [2, 11, 2], "uv": [24, 79]}
				]
			},
			{
				"name": "spikes4",
				"parent": "body2",
				"pivot": [0, 2, 4],
				"rotation": [0, 0, 25]
			},
			{
				"name": "spike8",
				"parent": "spikes4",
				"pivot": [-5, 2, 7],
				"rotation": [-40, 0, 25],
				"cubes": [
					{"origin": [-5, 3.57212, -8.66044], "size": [2, 11, 2], "uv": [16, 79]}
				]
			},
			{
				"name": "spike9",
				"parent": "spikes4",
				"pivot": [-5, 2, 12],
				"rotation": [-40, 0, 25],
				"cubes": [
					{"origin": [-5, 3.57212, -3.66044], "size": [2, 11, 2], "uv": [8, 79]}
				]
			},
			{
				"name": "spikes5",
				"parent": "body2",
				"pivot": [-3, 2, 4],
				"rotation": [0, 0, 55]
			},
			{
				"name": "spike10",
				"parent": "spikes5",
				"pivot": [-8, 2, 7],
				"rotation": [-40, 0, 25],
				"cubes": [
					{"origin": [-8, 3.57212, -8.66044], "size": [2, 11, 2], "uv": [0, 79]}
				]
			},
			{
				"name": "spike11",
				"parent": "spikes5",
				"pivot": [-8, 2, 12],
				"rotation": [-40, 0, 25],
				"cubes": [
					{"origin": [-8, 3.57212, -3.66044], "size": [2, 11, 2], "uv": [36, 66]}
				]
			},
			{
				"name": "spikes6",
				"parent": "body2",
				"pivot": [1, 2, 4],
				"rotation": [0, 0, -55]
			},
			{
				"name": "spike12",
				"parent": "spikes6",
				"pivot": [6, 2, 7],
				"rotation": [-40, 0, -25],
				"cubes": [
					{"origin": [4, 3.57212, -8.66044], "size": [2, 11, 2], "uv": [28, 66]}
				]
			},
			{
				"name": "spike13",
				"parent": "spikes6",
				"pivot": [6, 2, 12],
				"rotation": [-40, 0, -25],
				"cubes": [
					{"origin": [4, 3.57212, -3.66044], "size": [2, 11, 2], "uv": [20, 66]}
				]
			},
			{
				"name": "spikes",
				"parent": "body2",
				"pivot": [-1, 6, 0]
			},
			{
				"name": "spike4",
				"parent": "spikes",
				"pivot": [-4, 2, 7],
				"rotation": [-40, 0, 25],
				"cubes": [
					{"origin": [-4, 3.57212, -8.66044], "size": [2, 7, 2], "uv": [34, 92]}
				]
			},
			{
				"name": "spike2",
				"parent": "spikes",
				"pivot": [-4, 2, 12],
				"rotation": [-40, 0, 25],
				"cubes": [
					{"origin": [-4, 3.57212, -3.66044], "size": [2, 7, 2], "uv": [26, 92]}
				]
			},
			{
				"name": "fin2",
				"parent": "body2",
				"pivot": [6, 5, -1],
				"rotation": [0, -15, 0],
				"cubes": [
					{"origin": [5.28809, 5, -4.19479], "size": [6, 1, 4], "uv": [0, 71]},
					{"origin": [11.28809, 5, -4.19479], "size": [2, 1, 3], "uv": [10, 102]},
					{"origin": [13.28809, 5, -4.19479], "size": [2, 1, 2], "uv": [28, 105]},
					{"origin": [15.28809, 5, -4.19479], "size": [2, 1, 1], "uv": [6, 114]}
				]
			},
			{
				"name": "fin",
				"parent": "body2",
				"pivot": [-8, 5, -1],
				"rotation": [0, 15, 0],
				"cubes": [
					{"origin": [-13.39031, 5, -3.41834], "size": [6, 1, 4], "uv": [0, 66]},
					{"origin": [-15.39031, 5, -3.41834], "size": [2, 1, 3], "uv": [0, 102]},
					{"origin": [-17.39031, 5, -3.41834], "size": [2, 1, 2], "uv": [28, 102]},
					{"origin": [-19.39031, 5, -3.41834], "size": [2, 1, 1], "uv": [0, 114]}
				]
			},
			{
				"name": "dorsalfin",
				"parent": "body2",
				"pivot": [-2, 12, -2],
				"rotation": [-25, 0, 0],
				"cubes": [
					{"origin": [-2, 11.26837, -3.898], "size": [1.2, 6, 4.8], "uv": [0, 92]},
					{"origin": [-2, 17.26837, -2.698], "size": [1.2, 2.4, 3.6], "uv": [20, 102]},
					{"origin": [-2, 19.66837, -1.498], "size": [1.2, 2.4, 2.4], "uv": [12, 108]},
					{"origin": [-2, 22.06837, -0.298], "size": [1.2, 2.4, 1.2], "uv": [12, 114]}
				]
			},
			{
				"name": "body3",
				"parent": "body2",
				"pivot": [-1, 8, 5],
				"cubes": [
					{"origin": [-7, 3, 5], "size": [12, 9, 8], "uv": [0, 22]}
				]
			},
			{
				"name": "spikes7",
				"parent": "body3",
				"pivot": [-1, 8, 9]
			},
			{
				"name": "spike14",
				"parent": "spikes7",
				"pivot": [-3.36, 3.68, 13.6],
				"rotation": [-40, 0, 25],
				"cubes": [
					{"origin": [-3.52, 5.96058, 1.72523], "size": [1.68, 5.88, 1.68], "uv": [8, 108]}
				]
			},
			{
				"name": "spike15",
				"parent": "spikes7",
				"pivot": [-3.36, 3.68, 17.8],
				"rotation": [-40, 0, 25],
				"cubes": [
					{"origin": [-3.52, 5.96058, 5.92523], "size": [1.68, 5.88, 1.68], "uv": [4, 108]}
				]
			},
			{
				"name": "spikes8",
				"parent": "body3",
				"pivot": [-2, 8, 9]
			},
			{
				"name": "spike16",
				"parent": "spikes8",
				"pivot": [0.36, 3.68, 13.6],
				"rotation": [-40, 0, -25],
				"cubes": [
					{"origin": [-1.16, 5.96058, 1.72523], "size": [1.68, 5.88, 1.68], "uv": [0, 108]}
				]
			},
			{
				"name": "spike17",
				"parent": "spikes8",
				"pivot": [0.36, 3.68, 17.8],
				"rotation": [-40, 0, -25],
				"cubes": [
					{"origin": [-1.16, 5.96058, 5.92523], "size": [1.68, 5.88, 1.68], "uv": [52, 102]}
				]
			},
			{
				"name": "tail",
				"parent": "body3",
				"pivot": [-1, 8, 13],
				"cubes": [
					{"origin": [-5.18, 4.22, 13.1], "size": [8.88, 6.66, 5.92], "uv": [0, 55]}
				]
			},
			{
				"name": "spikes9",
				"parent": "tail",
				"pivot": [-1.76, 7.04, 7.92]
			},
			{
				"name": "spike18",
				"parent": "spikes9",
				"pivot": [0.3168, 3.2384, 11.968],
				"rotation": [-40, 0, -25],
				"cubes": [
					{"origin": [-1.03937, 10.33151, 7.65722], "size": [1.4784, 5.1744, 1.4784], "uv": [48, 102]}
				]
			},
			{
				"name": "spike19",
				"parent": "spikes9",
				"pivot": [0.3168, 3.2384, 15.664],
				"rotation": [-40, 0, -25],
				"cubes": [
					{"origin": [-1.03937, 10.33151, 11.35322], "size": [1.4784, 5.1744, 1.4784], "uv": [44, 102]}
				]
			},
			{
				"name": "spikes10",
				"parent": "tail",
				"pivot": [-0.24, 7.04, 7.92]
			},
			{
				"name": "spike20",
				"parent": "spikes10",
				"pivot": [-2.3168, 3.2384, 11.968],
				"rotation": [-40, 0, 25],
				"cubes": [
					{"origin": [-2.43903, 10.33151, 7.65722], "size": [1.4784, 5.1744, 1.4784], "uv": [40, 102]}
				]
			},
			{
				"name": "spike21",
				"parent": "spikes10",
				"pivot": [-2.3168, 3.2384, 15.664],
				"rotation": [-40, 0, 25],
				"cubes": [
					{"origin": [-2.43903, 10.33151, 11.35322], "size": [1.4784, 5.1744, 1.4784], "uv": [36, 102]}
				]
			},
			{
				"name": "bottomfins",
				"parent": "tail",
				"pivot": [0, 0, -11.44],
				"rotation": [40, 0, 0],
				"cubes": [
					{"origin": [1, -15.6483, 9.48831], "size": [1, 3, 3], "uv": [50, 92]},
					{"origin": [-4, -15.6483, 9.48831], "size": [1, 3, 3], "uv": [42, 92]}
				]
			},
			{
				"name": "tail2",
				"parent": "tail",
				"pivot": [0, 6.16, 16.72],
				"cubes": [
					{"origin": [-3.3152, 5.4208, 19.104], "size": [5.6832, 4.2624, 5.7888], "uv": [26, 55]}
				]
			},
			{
				"name": "spikes11",
				"parent": "tail2",
				"pivot": [-0.24, 10.04, 15.92]
			},
			{
				"name": "spike22",
				"parent": "spikes11",
				"pivot": [-1.62176, 5.26688, 14.2776],
				"rotation": [-40, 0, 25],
				"cubes": [
					{"origin": [-1.77932, 12.34406, 15.73605], "size": [1.03488, 3.62208, 1.03488], "uv": [46, 108]}
				]
			},
			{
				"name": "spike23",
				"parent": "spikes11",
				"pivot": [-1.62176, 5.26688, 16.8648],
				"rotation": [-40, 0, 25],
				"cubes": [
					{"origin": [-1.77932, 12.34406, 18.32325], "size": [1.03488, 3.62208, 1.03488], "uv": [42, 108]}
				]
			},
			{
				"name": "spikes12",
				"parent": "tail2",
				"pivot": [-0.76, 10.04, 15.92]
			},
			{
				"name": "spike24",
				"parent": "spikes12",
				"pivot": [0.62176, 5.26688, 14.2776],
				"rotation": [-40, 0, -25],
				"cubes": [
					{"origin": [-0.25556, 12.34406, 15.73605], "size": [1.03488, 3.62208, 1.03488], "uv": [38, 108]}
				]
			},
			{
				"name": "spike25",
				"parent": "spikes12",
				"pivot": [0.62176, 5.26688, 16.8648],
				"rotation": [-40, 0, -25],
				"cubes": [
					{"origin": [-0.25556, 12.34406, 18.32325], "size": [1.03488, 3.62208, 1.03488], "uv": [34, 108]}
				]
			},
			{
				"name": "tail3",
				"parent": "tail2",
				"pivot": [-0.88, 6.16, 22],
				"cubes": [
					{"origin": [-2.32064, 6, 24.9728], "size": [3.97824, 2.98368, 6.05216], "uv": [64, 55]}
				]
			},
			{
				"name": "tailtip",
				"parent": "tail3",
				"pivot": [0, 4.04, 25.52]
			},
			{
				"name": "tail5",
				"parent": "tailtip",
				"pivot": [0, -1.24, 23.76],
				"rotation": [-40, 0, 0],
				"cubes": [
					{"origin": [-1.32064, 7.30967, 20.26819], "size": [1.97824, 2.98368, 8.05216], "uv": [46, 55]}
				]
			},
			{
				"name": "tail4",
				"parent": "tailtip",
				"pivot": [0, -1.24, 23.76],
				"rotation": [45, 0, 0],
				"cubes": [
					{"origin": [-1.32064, 0, 31.9728], "size": [1.97824, 2.98368, 12.05216], "uv": [68, 39]}
				]
			},
			{
				"name": "body",
				"parent": "body0",
				"pivot": [-1, 7, -6],
				"cubes": [
					{"origin": [-6.5, 2.5, -12], "size": [11, 10, 6], "uv": [0, 39]}
				]
			},
			{
				"name": "spikes13",
				"parent": "body",
				"pivot": [-1.76, 7.04, 7.92]
			},
			{
				"name": "spike26",
				"parent": "spikes13",
				"pivot": [0.3168, 3.2384, 11.968],
				"rotation": [-40, 0, -25],
				"cubes": [
					{"origin": [-0.17472, -4.49318, -12.08255], "size": [1.33056, 4.65696, 1.33056], "uv": [30, 108]}
				]
			},
			{
				"name": "spike27",
				"parent": "spikes13",
				"pivot": [0.3168, 3.2384, 15.664],
				"rotation": [-40, 0, -25],
				"cubes": [
					{"origin": [-0.17472, -4.49318, -8.75615], "size": [1.33056, 4.65696, 1.33056], "uv": [26, 108]}
				]
			},
			{
				"name": "spikes14",
				"parent": "body",
				"pivot": [0.76, 7.04, 7.92]
			},
			{
				"name": "spike28",
				"parent": "spikes14",
				"pivot": [-1.3168, 3.2384, 11.968],
				"rotation": [-40, 0, 25],
				"cubes": [
					{"origin": [-2.15584, -4.49318, -12.08255], "size": [1.33056, 4.65696, 1.33056], "uv": [22, 108]}
				]
			},
			{
				"name": "spike29",
				"parent": "spikes14",
				"pivot": [-1.3168, 3.2384, 15.664],
				"rotation": [-40, 0, 25],
				"cubes": [
					{"origin": [-2.15584, -4.49318, -8.75615], "size": [1.33056, 4.65696, 1.33056], "uv": [18, 108]}
				]
			},
			{
				"name": "head",
				"parent": "body",
				"pivot": [-1, 7, -12]
			},
			{
				"name": "topjaw",
				"parent": "head",
				"pivot": [-1, 8, -13],
				"rotation": [20, 0, 0],
				"cubes": [
					{"origin": [-5.5, 8, -22], "size": [9, 3, 12], "uv": [50, 0]}
				]
			},
			{
				"name": "jaw",
				"parent": "head",
				"pivot": [-1, 6, -10],
				"rotation": [-10, 0, 0],
				"cubes": [
					{"origin": [-5.5, 2.96386, -20.9223], "size": [9, 2, 11], "uv": [40, 22]}
				]
			},
			{
				"name": "headbase",
				"parent": "head",
				"pivot": [-1, -1, -13],
				"cubes": [
					{"origin": [-5.5, 5, -18], "size": [9, 4, 8], "uv": [34, 39]}
				]
			}
		]
	}
}