{
	"format_version": "1.10.0",
	"geometry.onca": {
		"texturewidth": 128,
		"textureheight": 128,
		"visible_bounds_width": 4,
		"visible_bounds_height": 2,
		"visible_bounds_offset": [0, 1, 0],
		"bones": [
			{
				"name": "body0",
				"pivot": [0, 0, 0]
			},
			{
				"name": "leg1",
				"parent": "body0",
				"pivot": [1, 0, 0],
				"cubes": [
					{"origin": [-6, 0, 5], "size": [3, 2, 3], "uv": [54, 34]}
				]
			},
			{
				"name": "leg1a",
				"parent": "leg1",
				"pivot": [1, 0, 0],
				"rotation": [-10, 0, 0],
				"cubes": [
					{"origin": [-5.5, 2, 6], "size": [2, 4, 2], "uv": [8, 60]}
				]
			},
			{
				"name": "leg1b",
				"parent": "leg1",
				"pivot": [1, 0, 0],
				"rotation": [15, 0, 0],
				"cubes": [
					{"origin": [-6, 1, 7.4], "size": [3, 5, 3], "uv": [52, 52]}
				]
			},
			{
				"name": "leg1c",
				"parent": "leg1",
				"pivot": [1, 0, 0],
				"rotation": [-12, 0, 0],
				"cubes": [
					{"origin": [-6.5, 8, 3.4], "size": [4, 5, 5], "uv": [37, 44]}
				]
			},
			{
				"name": "tail",
				"parent": "body0",
				"pivot": [0, 0, 0],
				"cubes": [
					{"origin": [-5.5, 7.5, 9], "size": [8, 5, 2], "uv": [0, 46]}
				]
			},
			{
				"name": "tail2",
				"parent": "tail",
				"pivot": [0, 0, 0],
				"rotation": [25, 0, 0],
				"cubes": [
					{"origin": [-2.5, 3.5, 13], "size": [2, 3, 2], "uv": [16, 60]}
				]
			},
			{
				"name": "tail3",
				"parent": "tail",
				"pivot": [0, 0, 0],
				"rotation": [15, 0, 0],
				"cubes": [
					{"origin": [-2.5, 1.5, 12], "size": [2, 5, 2], "uv": [43, 57]}
				]
			},
			{
				"name": "tail4",
				"parent": "tail",
				"pivot": [0, 0, 0],
				"rotation": [25, 0, 0],
				"cubes": [
					{"origin": [-2.5, -3.5, 12.06], "size": [2, 3, 2], "uv": [59, 39]}
				]
			},
			{
				"name": "tail5",
				"parent": "tail",
				"pivot": [0, 0, 0],
				"rotation": [55, 0, 0],
				"cubes": [
					{"origin": [-2.5, -12.1, 8.7], "size": [2, 3, 2], "uv": [57, 5]}
				]
			},
			{
				"name": "tail6",
				"parent": "tail",
				"pivot": [0, 0, 0],
				"rotation": [90, 0, 0],
				"cubes": [
					{"origin": [-2.5, -18.9, 0.1], "size": [2, 4, 2], "uv": [16, 36]}
				]
			},
			{
				"name": "head",
				"parent": "body0",
				"pivot": [0, 0, 0],
				"rotation": [-30, 0, 0],
				"cubes": [
					{"origin": [-4, 6, -14], "size": [5, 4, 6], "uv": [0, 36]}
				]
			},
			{
				"name": "head2",
				"parent": "head",
				"pivot": [0, 0, 0],
				"rotation": [-20, 0, 0],
				"cubes": [
					{"origin": [-3.5, 0.5, -16.5], "size": [4, 2, 6], "uv": [22, 39]}
				]
			},
			{
				"name": "head3",
				"parent": "head",
				"pivot": [0, 0, 0],
				"rotation": [-45, 0, 0],
				"cubes": [
					{"origin": [-4.5, -3, -19], "size": [6, 1, 4], "uv": [41, 29]},
					{"origin": [-4.5, -8, -20], "size": [6, 5, 5], "uv": [24, 29]}
				]
			},
			{
				"name": "head4",
				"parent": "head",
				"pivot": [0, 0, 0],
				"rotation": [-30, 0, 0],
				"cubes": [
					{"origin": [-3.5, -5.5, -19], "size": [4, 3, 2], "uv": [50, 44]},
					{"origin": [-2.5, -6, -19.1], "size": [2, 1, 1], "uv": [0, 0]},
					{"origin": [-2, -5.9, -18.1], "size": [1, 1, 1], "uv": [0, 2]}
				]
			},
			{
				"name": "head5",
				"parent": "head",
				"pivot": [0, 0, 0],
				"rotation": [-30, 0, 0],
				"cubes": [
					{"origin": [-3, -5, -17], "size": [3, 4, 1], "uv": [51, 60]}
				]
			},
			{
				"name": "head6",
				"parent": "head",
				"pivot": [0, 0, 0],
				"rotation": [-50, 40, 5],
				"cubes": [
					{"origin": [5.5, -5.5, -20], "size": [2, 1, 3], "uv": [56, 15]}
				]
			},
			{
				"name": "head7",
				"parent": "head6",
				"pivot": [0, 0, 0],
				"cubes": [
					{"origin": [6.5, -6.5, -20], "size": [1, 1, 3], "uv": [59, 46]}
				]
			},
			{
				"name": "head8",
				"parent": "head",
				"pivot": [-3, 0, 0],
				"rotation": [-50, -40, -5],
				"cubes": [
					{"origin": [-10.5, -5.5, -20], "size": [2, 1, 3], "uv": [22, 0]}
				]
			},
			{
				"name": "head9",
				"parent": "head8",
				"pivot": [-3, 0, 0],
				"cubes": [
					{"origin": [-10.5, -6.5, -20], "size": [1, 1, 3], "uv": [49, 25]}
				]
			},
			{
				"name": "body",
				"parent": "body0",
				"pivot": [0, 0, 0],
				"cubes": [
					{"origin": [-6, 10.3, 4.5], "size": [9, 3, 5], "uv": [21, 21]},
					{"origin": [-5.5, 7, 4.5], "size": [8, 6, 5], "uv": [0, 13]},
					{"origin": [-6, 10.3, -4.5], "size": [9, 3, 4], "uv": [28, 0]}
				]
			},
			{
				"name": "body2",
				"parent": "body",
				"pivot": [0, 0, 0],
				"cubes": [
					{"origin": [-5.5, 6, 0.5], "size": [8, 7, 4], "uv": [0, 25]},
					{"origin": [-5.5, 6, -5.5], "size": [8, 7, 6], "uv": [0, 0]}
				]
			},
			{
				"name": "body3",
				"parent": "body",
				"pivot": [0, 0, 0],
				"rotation": [-10, 0, 0],
				"cubes": [
					{"origin": [-5, 5.6, -8], "size": [7, 7, 4], "uv": [26, 9]}
				]
			},
			{
				"name": "leg4",
				"parent": "body0",
				"pivot": [-4, 0, -11],
				"cubes": [
					{"origin": [0, 0, -6], "size": [3, 2, 3], "uv": [0, 53]}
				]
			},
			{
				"name": "leg4a",
				"parent": "leg4",
				"pivot": [-4, 0, -11],
				"rotation": [-10, 0, 0],
				"cubes": [
					{"origin": [0.5, 1.4, -5], "size": [2, 5, 2], "uv": [57, 25]}
				]
			},
			{
				"name": "leg4b",
				"parent": "leg4",
				"pivot": [-4, 0, -11],
				"rotation": [15, 0, 0],
				"cubes": [
					{"origin": [0, 2, -3], "size": [3, 4, 2], "uv": [12, 54]}
				]
			},
			{
				"name": "leg4c",
				"parent": "leg4",
				"pivot": [-4, 0, -11],
				"cubes": [
					{"origin": [-0.5, 7, -5.6], "size": [4, 5, 4], "uv": [44, 16]}
				]
			},
			{
				"name": "leg3",
				"parent": "body0",
				"pivot": [1, 0, -11],
				"cubes": [
					{"origin": [-6, 0, -6], "size": [3, 2, 3], "uv": [33, 54]}
				]
			},
			{
				"name": "leg3a",
				"parent": "leg3",
				"pivot": [1, 0, -11],
				"rotation": [-10, 0, 0],
				"cubes": [
					{"origin": [-5.5, 1.4, -5], "size": [2, 5, 2], "uv": [0, 58]}
				]
			},
			{
				"name": "leg3b",
				"parent": "leg3",
				"pivot": [1, 0, -11],
				"rotation": [15, 0, 0],
				"cubes": [
					{"origin": [-6, 2, -3], "size": [3, 4, 2], "uv": [22, 56]}
				]
			},
			{
				"name": "leg3c",
				"parent": "leg3",
				"pivot": [1, 0, -11],
				"cubes": [
					{"origin": [-6.5, 7, -5.6], "size": [4, 5, 4], "uv": [20, 47]}
				]
			},
			{
				"name": "leg2",
				"parent": "body0",
				"pivot": [-4, 0, 0],
				"cubes": [
					{"origin": [0, 0, 5], "size": [3, 2, 3], "uv": [54, 0]}
				]
			},
			{
				"name": "leg2a",
				"parent": "leg2",
				"pivot": [-4, 0, 0],
				"rotation": [-10, 0, 0],
				"cubes": [
					{"origin": [0.5, 2, 6], "size": [2, 4, 2], "uv": [32, 59]}
				]
			},
			{
				"name": "leg2b",
				"parent": "leg2",
				"pivot": [-4, 0, 0],
				"rotation": [15, 0, 0],
				"cubes": [
					{"origin": [0, 1, 7.4], "size": [3, 5, 3], "uv": [48, 7]}
				]
			},
			{
				"name": "leg2c",
				"parent": "leg2",
				"pivot": [-4, 0, 0],
				"rotation": [-12, 0, 0],
				"cubes": [
					{"origin": [-0.5, 8, 3.4], "size": [4, 5, 5], "uv": [41, 34]}
				]
			}
		]
	}
}