{
	"format_version": "1.10.0",
	"geometry.orca": {
		"texturewidth": 128,
		"textureheight": 128,
		"visible_bounds_width": 7,
		"visible_bounds_height": 2,
		"visible_bounds_offset": [0, 1, 0],
		"bones": [
			{
				"name": "head",
				"pivot": [0, 0, 0],
				"cubes": [
					{"origin": [-5.5, 0, -21.5], "size": [11, 11, 16], "uv": [38, 38]},
					{"origin": [-4.5, 1, -30.5], "size": [9, 4, 9], "uv": [27, 65]},
					{"origin": [-4.5, 5, -30.5], "size": [9, 4, 9], "uv": [0, 54]}
				]
			},
			{
				"name": "body",
				"pivot": [0, 0, 0],
				"cubes": [
					{"origin": [-5.5, 0, -5.5], "size": [11, 11, 16], "uv": [0, 27], "inflate": 0.2},
					{"origin": [-5.5, 0, 10], "size": [11, 11, 16], "uv": [0, 0]}
				]
			},
			{
				"name": "fin2",
				"parent": "body",
				"pivot": [-6, 3, -5],
				"cubes": [
					{"origin": [-16, 3, -6], "size": [11, 1, 7], "uv": [68, 7]},
					{"origin": [-21, 3, -3], "size": [5, 1, 4], "uv": [9, 67]}
				]
			},
			{
				"name": "fin",
				"parent": "body",
				"pivot": [6, 3, -5],
				"cubes": [
					{"origin": [5, 3, -6], "size": [11, 1, 7], "uv": [68, 15]},
					{"origin": [16, 3, -3], "size": [5, 1, 4], "uv": [63, 72]}
				]
			},
			{
				"name": "dorsalfin",
				"parent": "body",
				"pivot": [1, 1, -1],
				"rotation": [-30, 0, 0],
				"cubes": [
					{"origin": [0, 9, -7], "size": [1, 11, 7], "uv": [0, 67]},
					{"origin": [0, 20, -4], "size": [1, 5, 4], "uv": [0, 0]}
				]
			},
			{
				"name": "tail",
				"pivot": [0, 6, 26],
				"cubes": [
					{"origin": [-3.5, 1, 24.8], "size": [7, 9, 16], "uv": [38, 11], "inflate": -0.45}
				]
			},
			{
				"name": "tail2",
				"parent": "tail",
				"pivot": [-1, 5, 37]
			},
			{
				"name": "bone2",
				"parent": "tail2",
				"pivot": [35.5, 6.3, 4.52],
				"rotation": [0, 35, 0],
				"cubes": [
					{"origin": [-26.74846, 5, 9.38399], "size": [15.12, 1.26, 6.3], "uv": [38, 0]}
				]
			},
			{
				"name": "bone",
				"parent": "tail2",
				"pivot": [35.5, 6.3, 4.52],
				"rotation": [0, -35, 0],
				"cubes": [
					{"origin": [23.95177, 5, 50.46985], "size": [15.12, 1.26, 6.3], "uv": [54, 65]}
				]
			}
		]
	}
}