{
	"format_version": "1.10.0",
	"geometry.orn": {
		"texturewidth": 32,
		"textureheight": 32,
		"visible_bounds_width": 2,
		"visible_bounds_height": 1,
		"visible_bounds_offset": [0, 0.5, 0],
		"bones": [
			{
				"name": "body",
				"pivot": [0, 11, 1],
				"rotation": [90, 0, 0],
				"cubes": [
					{"origin": [-4, 7, -8], "size": [7, 11, 3], "uv": [0, 0]},
					{"origin": [-3, 17, -7], "size": [5, 7, 1], "uv": [0, 14]}
				]
			},
			{
				"name": "leg2",
				"pivot": [-2, 3, 3],
				"cubes": [
					{"origin": [-4, 0, 2], "size": [2, 4, 2], "uv": [8, 22]}
				]
			},
			{
				"name": "leg3",
				"pivot": [2, 3, 3],
				"cubes": [
					{"origin": [1, 0, 2], "size": [2, 4, 2], "uv": [0, 22]}
				]
			},
			{
				"name": "leg0",
				"pivot": [2, 3, -5],
				"cubes": [
					{"origin": [1, 0, -5], "size": [2, 4, 2], "uv": [20, 14]}
				]
			},
			{
				"name": "leg1",
				"pivot": [-2, 3, -5],
				"cubes": [
					{"origin": [-4, 0, -5], "size": [2, 4, 2], "uv": [12, 14]}
				]
			},
			{
				"name": "tail",
				"pivot": [0, 0, -3],
				"rotation": [85, 0, 0],
				"cubes": [
					{"origin": [-3, -20, 0.45], "size": [5, 11, 1], "uv": [20, 0]},
					{"origin": [-2, -9, 0.45], "size": [3, 2, 1], "uv": [16, 22]}
				]
			}
		]
	}
}