{
	"format_version": "1.10.0",
	"geometry.ourico": {
		"texturewidth": 64,
		"textureheight": 64,
		"visible_bounds_width": 1,
		"visible_bounds_height": 1,
		"visible_bounds_offset": [0, 0.5, 0],
		"bones": [
			{
				"name": "leg1",
				"pivot": [0, 0, 0],
				"cubes": [
					{"origin": [-4, 0, -3.7], "size": [1, 1, 2], "uv": [26, 34]},
					{"origin": [-4.5, 1, -3], "size": [2, 1, 2], "uv": [0, 34]}
				]
			},
			{
				"name": "leg2",
				"pivot": [0, 0, 0],
				"cubes": [
					{"origin": [0, 0, -3.7], "size": [1, 1, 2], "uv": [20, 34]},
					{"origin": [-0.5, 1, -3], "size": [2, 1, 2], "uv": [32, 31]}
				]
			},
			{
				"name": "leg3",
				"pivot": [0, 0, 0],
				"cubes": [
					{"origin": [-1, 0, 1.5], "size": [2, 1, 2], "uv": [16, 31]},
					{"origin": [-0.5, 1, 2], "size": [2, 1, 2], "uv": [18, 27]},
					{"origin": [0.5, 2, 2.5], "size": [1, 1, 1], "uv": [20, 39]}
				]
			},
			{
				"name": "leg4",
				"pivot": [0, 0, 0],
				"cubes": [
					{"origin": [-4, 0, 1.5], "size": [2, 1, 2], "uv": [0, 31]},
					{"origin": [-4.5, 1, 2], "size": [2, 1, 2], "uv": [26, 27]},
					{"origin": [-4.5, 2, 2.5], "size": [1, 1, 1], "uv": [8, 39]}
				]
			},
			{
				"name": "body",
				"pivot": [0, 0, 0],
				"cubes": [
					{"origin": [-4, 1.3, -3.1], "size": [5, 2, 7], "uv": [0, 0]},
					{"origin": [-3.5, 1.5, 2.6], "size": [4, 1, 2], "uv": [24, 23]},
					{"origin": [-3.5, 2.5, 2.9], "size": [4, 2, 2], "uv": [0, 23]},
					{"origin": [-4, 3.2, -3.5], "size": [5, 3, 6], "uv": [24, 0]},
					{"origin": [-4, 3.2, 1.6], "size": [5, 2, 3], "uv": [22, 9]},
					{"origin": [-4, 3.3, -2.8], "size": [5, 2, 0], "uv": [8, 27]},
					{"origin": [-4.5, 2.5, -2.8], "size": [6, 3, 5], "uv": [0, 9]},
					{"origin": [-3.5, 2.5, 1.2], "size": [4, 3, 3], "uv": [38, 9]},
					{"origin": [-4.5, 3, 2.2], "size": [6, 2, 2], "uv": [0, 17]},
					{"origin": [-3.5, 3.6, -4.8], "size": [4, 2, 2], "uv": [12, 23]},
					{"origin": [-2.5, 3.6, -5.8], "size": [2, 2, 1], "uv": [8, 34]},
					{"origin": [-3, 4, -4.3], "size": [3, 2, 3], "uv": [28, 17]},
					{"origin": [-4.2, 2.2, 2], "size": [2, 1, 2], "uv": [24, 31]},
					{"origin": [-0.8, 2.2, 2], "size": [2, 1, 2], "uv": [8, 31]},
					{"origin": [-3.5, 1.5, -4.1], "size": [4, 1, 1], "uv": [8, 29]}
				]
			},
			{
				"name": "body2",
				"parent": "body",
				"pivot": [0, 0, 0],
				"cubes": [
					{"origin": [-1, 5.5, 0], "size": [1, 1, 1], "uv": [32, 39]},
					{"origin": [-3, 5.5, 0], "size": [1, 1, 1], "uv": [28, 39]},
					{"origin": [-3.5, 5.5, -2], "size": [1, 1, 1], "uv": [24, 39]},
					{"origin": [-0.5, 5.5, -2], "size": [1, 1, 1], "uv": [16, 39]},
					{"origin": [-2, 5.3, -4], "size": [1, 1, 1], "uv": [12, 39]},
					{"origin": [-0.3, 5.1, 2], "size": [1, 1, 1], "uv": [12, 37]},
					{"origin": [-3.6, 5.1, 2], "size": [1, 1, 1], "uv": [36, 34]},
					{"origin": [-2, 4.7, 3.5], "size": [1, 1, 1], "uv": [20, 37]},
					{"origin": [-1, 3.7, 4.1], "size": [1, 1, 1], "uv": [36, 37]},
					{"origin": [-3, 3.7, 4.1], "size": [1, 1, 1], "uv": [0, 39]},
					{"origin": [-2, 5.5, 1.6], "size": [1, 1, 1], "uv": [4, 39]}
				]
			},
			{
				"name": "body3",
				"parent": "body",
				"pivot": [0, 0, 0],
				"cubes": [
					{"origin": [0.7, 3, 0], "size": [1, 1, 1], "uv": [4, 41]},
					{"origin": [0.7, 3, -2.5], "size": [1, 1, 1], "uv": [8, 41]},
					{"origin": [0.8, 4, -1.2], "size": [1, 1, 1], "uv": [0, 37]},
					{"origin": [0.8, 3.5, 1.8], "size": [1, 1, 1], "uv": [4, 37]},
					{"origin": [0.1, 4.1, -3.7], "size": [1, 1, 1], "uv": [8, 37]}
				]
			},
			{
				"name": "body4",
				"parent": "body",
				"pivot": [0, 0, 0],
				"cubes": [
					{"origin": [-4.7, 3, 0], "size": [1, 1, 1], "uv": [16, 37]},
					{"origin": [-4.7, 3, -2.5], "size": [1, 1, 1], "uv": [32, 34]},
					{"origin": [-4.8, 4, -1.2], "size": [1, 1, 1], "uv": [24, 37]},
					{"origin": [-4.8, 3.5, 1.8], "size": [1, 1, 1], "uv": [28, 37]},
					{"origin": [-4.1, 4.1, -3.7], "size": [1, 1, 1], "uv": [32, 37]}
				]
			},
			{
				"name": "head",
				"pivot": [0, 0, 0],
				"cubes": [
					{"origin": [-3, 2.3, -6.1], "size": [3, 3, 3], "uv": [16, 17]},
					{"origin": [-2.5, 2.5, -7.1], "size": [2, 2, 1], "uv": [14, 34]},
					{"origin": [-2, 3, -7.6], "size": [1, 1, 1], "uv": [12, 41]},
					{"origin": [-3.3, 3, -5.1], "size": [2, 2, 2], "uv": [36, 23]},
					{"origin": [-1.7, 3, -5.1], "size": [2, 2, 2], "uv": [0, 27]}
				]
			},
			{
				"name": "head2",
				"parent": "head",
				"pivot": [0, 0, 0],
				"rotation": [0, 0, -10],
				"cubes": [
					{"origin": [-3, 4.7, -5], "size": [1, 1, 1], "uv": [0, 41]}
				]
			},
			{
				"name": "head3",
				"parent": "head",
				"pivot": [0, 0, 0],
				"rotation": [0, 0, 10],
				"cubes": [
					{"origin": [-1, 4.2, -5], "size": [1, 1, 1], "uv": [36, 39]}
				]
			}
		]
	}
}