{
	"format_version": "1.10.0",
	"geometry.pan": {
		"texturewidth": 64,
		"textureheight": 64,
		"visible_bounds_width": 3,
		"visible_bounds_height": 1,
		"visible_bounds_offset": [0, 0.5, 0],
		"bones": [
			{
				"name": "leg2",
				"pivot": [-2, 3, 6],
				"cubes": [
					{"origin": [-4, 0, 4], "size": [3, 6, 3], "uv": [12, 33]}
				]
			},
			{
				"name": "leg3",
				"pivot": [2, 3, 6],
				"cubes": [
					{"origin": [0, 0, 4], "size": [3, 6, 3], "uv": [0, 33]}
				]
			},
			{
				"name": "leg0",
				"pivot": [2, 3, -2],
				"cubes": [
					{"origin": [0, 0, -3], "size": [3, 6, 3], "uv": [26, 17]}
				]
			},
			{
				"name": "leg1",
				"pivot": [-2, 3, -2],
				"cubes": [
					{"origin": [-4, 0, -3], "size": [3, 6, 3], "uv": [14, 17]}
				]
			},
			{
				"name": "body",
				"pivot": [0, 11, 4],
				"rotation": [90, 0, 0],
				"cubes": [
					{"origin": [-4, 7, -3], "size": [7, 11, 6], "uv": [0, 0]}
				]
			},
			{
				"name": "head",
				"pivot": [0, 9, -3],
				"cubes": [
					{"origin": [-4.5, 5.4, -8], "size": [8, 6, 6], "uv": [26, 0]},
					{"origin": [-2, 6, -9], "size": [3, 2, 1], "uv": [24, 33]},
					{"origin": [2, 10.4, -7], "size": [3, 3, 1], "uv": [8, 42]},
					{"origin": [-6, 10.4, -7], "size": [3, 3, 1], "uv": [0, 42]}
				]
			},
			{
				"name": "tail",
				"pivot": [0, 0, 0],
				"rotation": [70, 0, 0],
				"cubes": [
					{"origin": [-2, -15, 7.45], "size": [3, 12, 4], "uv": [0, 17]}
				]
			}
		]
	}
}