{
	"format_version": "1.10.0",
	"geometry.pato": {
		"texturewidth": 64,
		"textureheight": 64,
		"visible_bounds_width": 1,
		"visible_bounds_height": 2,
		"visible_bounds_offset": [0, 1, 0],
		"bones": [
			{
				"name": "head",
				"pivot": [0, 9, -4],
				"mirror": true,
				"cubes": [
					{"origin": [-2, 9, -6], "size": [4, 11, 3], "uv": [24, 0], "mirror": false}
				]
			},
			{
				"name": "beak",
				"pivot": [0, 9, -4],
				"mirror": true,
				"cubes": [
					{"origin": [-1, 17, -8], "size": [2, 1, 2], "uv": [0, 24], "mirror": false}
				]
			},
			{
				"name": "body",
				"pivot": [0, 8, 0],
				"rotation": [-90, 0, 0],
				"mirror": true,
				"cubes": [
					{"origin": [-3, 4, -3], "size": [6, 8, 6], "uv": [0, 0], "mirror": false}
				]
			},
			{
				"name": "leg0",
				"pivot": [2, 5, 1],
				"mirror": true,
				"cubes": [
					{"origin": [1, 0, 1], "size": [2, 5, 0], "uv": [0, 29], "mirror": false},
					{"origin": [1, 0, -1], "size": [2, 0, 2], "uv": [8, 24], "mirror": false}
				]
			},
			{
				"name": "leg1",
				"pivot": [-1, 5, 1],
				"mirror": true,
				"cubes": [
					{"origin": [-3, 0, 1], "size": [2, 5, 0], "uv": [16, 24], "mirror": false},
					{"origin": [-3, 0, -1], "size": [2, 0, 2], "uv": [0, 27], "mirror": false}
				]
			},
			{
				"name": "wing0",
				"pivot": [3, 11, 0],
				"mirror": true,
				"cubes": [
					{"origin": [3, 7, -3], "size": [1, 4, 6], "uv": [14, 14], "mirror": false}
				]
			},
			{
				"name": "wing1",
				"pivot": [-3, 11, 0],
				"mirror": true,
				"cubes": [
					{"origin": [-4, 7, -3], "size": [1, 4, 6], "uv": [0, 14], "mirror": false}
				]
			}
		]
	}
}