{
	"format_version": "1.10.0",
	"geometry.pavao": {
		"texturewidth": 64,
		"textureheight": 64,
		"visible_bounds_width": 3,
		"visible_bounds_height": 1,
		"visible_bounds_offset": [0, 0.5, 0],
		"bones": [
			{
				"name": "head",
				"pivot": [0, 7, -4.5],
				"cubes": [
					{"origin": [-1.5, 9, -7], "size": [3, 3, 4], "uv": [22, 31]},
					{"origin": [-0.5, 9.5, -9], "size": [1, 1, 2], "uv": [21, 23]}
				]
			},
			{
				"name": "neck0",
				"parent": "head",
				"pivot": [0, 0, 0],
				"rotation": [25, 0, 0],
				"cubes": [
					{"origin": [-1.1, 7.09372, -1.38621], "size": [2.3, 4, 2.5], "uv": [19, 0]}
				]
			},
			{
				"name": "head_feather1",
				"parent": "head",
				"pivot": [0, 14, 4],
				"rotation": [-45, 0, 0],
				"cubes": [
					{"origin": [0, 6.34315, -0.54264], "size": [0, 3, 1], "uv": [25, 25]}
				]
			},
			{
				"name": "head_feather2",
				"parent": "head",
				"pivot": [0, 14, 4],
				"rotation": [-75, 0, 0],
				"cubes": [
					{"origin": [0, 5.2797, 3.35419], "size": [0, 3, 1], "uv": [21, 21]}
				]
			},
			{
				"name": "head_feather0",
				"parent": "head",
				"pivot": [0, 14, 4],
				"rotation": [-25, 0, 0],
				"cubes": [
					{"origin": [0, 8.13536, -2.92154], "size": [0, 3, 1], "uv": [17, 0]}
				]
			},
			{
				"name": "body0",
				"pivot": [0, 0, 0],
				"cubes": [
					{"origin": [-2.5, 2.8, -3], "size": [5, 4.3, 6], "uv": [0, 28]},
					{"origin": [-2, 3, -4], "size": [4, 4, 2], "uv": [0, 16]}
				]
			},
			{
				"name": "wing0",
				"pivot": [0, 0, 0],
				"rotation": [-10, 0, 0],
				"cubes": [
					{"origin": [2.5, 3.29966, -2.72001], "size": [1, 3, 5], "uv": [0, 8]},
					{"origin": [2.5, 4.29966, 2.27999], "size": [1, 2, 1], "uv": [21, 26]}
				]
			},
			{
				"name": "wing1",
				"pivot": [0, 0, 0],
				"rotation": [-10, 0, 0],
				"cubes": [
					{"origin": [-3.5, 3.29966, -2.72001], "size": [1, 3, 5], "uv": [0, 0]},
					{"origin": [-3.5, 4.29966, 2.27999], "size": [1, 2, 1], "uv": [23, 6]}
				]
			},
			{
				"name": "body1",
				"pivot": [0, 0, 0],
				"rotation": [-15, 0, 0],
				"cubes": [
					{"origin": [-2.3, 3.72234, 0.49734], "size": [4.5, 3.5, 2], "uv": [31, 13]}
				]
			},
			{
				"name": "tail0",
				"pivot": [0, 0, 0],
				"rotation": [-20, 0, 0],
				"cubes": [
					{"origin": [-2, 4.16617, 1.76417], "size": [4, 3, 2], "uv": [0, 22]}
				]
			},
			{
				"name": "leg0",
				"pivot": [1.25, 2.75, 0.5],
				"cubes": [
					{"origin": [0.8, 1, 0], "size": [1, 2, 1], "uv": [0, 8]},
					{"origin": [0.8, 0.05, -1], "size": [1, 1, 2.1], "uv": [7, 8]}
				]
			},
			{
				"name": "leg1",
				"pivot": [-1.25, 2.75, 0.5],
				"cubes": [
					{"origin": [-1.8, 1, 0], "size": [1, 2, 1], "uv": [0, 0]},
					{"origin": [-1.8, 0.05, -1], "size": [1, 1, 2.1], "uv": [7, 0]}
				]
			},
			{
				"name": "f0",
				"pivot": [-1.5, 8.3, 10],
				"rotation": [-20, 10, 0],
				"cubes": [
					{"origin": [0.5, 3.5, 5.6], "size": [1, 0, 13], "uv": [20, 0]}
				]
			},
			{
				"name": "f1",
				"pivot": [-3, -3.7, 4],
				"rotation": [-20, -45, 10],
				"cubes": [
					{"origin": [-1.43954, 4.53117, 0.9527], "size": [1, 0, 13], "uv": [20, 20]}
				]
			},
			{
				"name": "f2",
				"parent": "f1",
				"pivot": [-3, -3.7, 4],
				"rotation": [0, 10, 0],
				"cubes": [
					{"origin": [-0.94168, 4.53117, 1.35679], "size": [1, 0, 13], "uv": [6, 19]}
				]
			},
			{
				"name": "f3",
				"parent": "f2",
				"pivot": [-3, -3.7, 4],
				"rotation": [0, 10, 0],
				"cubes": [
					{"origin": [-0.52156, 4.53117, 1.8412], "size": [1, 0, 13], "uv": [18, 0]}
				]
			},
			{
				"name": "f4",
				"parent": "f3",
				"pivot": [-3, -3.7, 4],
				"rotation": [0, 10, 0],
				"cubes": [
					{"origin": [-0.19194, 4.53117, 2.39119], "size": [1, 0, 13], "uv": [18, 18]}
				]
			},
			{
				"name": "f5",
				"parent": "f4",
				"pivot": [-3, -3.7, 4],
				"rotation": [0, 10, 0],
				"cubes": [
					{"origin": [0.03717, 4.53117, 2.99007], "size": [1, 0, 13], "uv": [4, 17]}
				]
			},
			{
				"name": "f6",
				"parent": "f5",
				"pivot": [-3, -3.7, 4],
				"rotation": [0, 10, 0],
				"cubes": [
					{"origin": [0.04298, 4.53117, 3.45423], "size": [1, 0, 13], "uv": [16, 0]}
				]
			},
			{
				"name": "f7",
				"parent": "f6",
				"pivot": [-3, -3.7, 4],
				"rotation": [0, 10, 0],
				"cubes": [
					{"origin": [-0.03189, 4.53117, 3.91234], "size": [1, 0, 13], "uv": [16, 16]}
				]
			},
			{
				"name": "f8",
				"parent": "f7",
				"pivot": [-3, -3.7, 4],
				"rotation": [0, 10, 0],
				"cubes": [
					{"origin": [-0.18518, 4.53117, 4.35049], "size": [1, 0, 13], "uv": [2, 15]}
				]
			},
			{
				"name": "f9",
				"parent": "f8",
				"pivot": [-3, -3.7, 4],
				"rotation": [0, 10, 0],
				"cubes": [
					{"origin": [-0.41223, 4.53117, 4.75536], "size": [1, 0, 13], "uv": [14, 0]}
				]
			},
			{
				"name": "f10",
				"pivot": [1, -3.7, 5],
				"rotation": [-20, 40, -10],
				"cubes": [
					{"origin": [1.39397, 4.53117, 1.43175], "size": [1, 0, 13], "uv": [14, 14]}
				]
			},
			{
				"name": "f11",
				"parent": "f10",
				"pivot": [1, -3.7, 5],
				"rotation": [0, -10, 0],
				"cubes": [
					{"origin": [0.76076, 4.53117, 1.33073], "size": [1, 0, 13], "uv": [0, 13]}
				]
			},
			{
				"name": "f12",
				"parent": "f11",
				"pivot": [1, -3.7, 5],
				"rotation": [0, -10, 0],
				"cubes": [
					{"origin": [0.11964, 4.53117, 1.3412], "size": [1, 0, 13], "uv": [12, 12]}
				]
			},
			{
				"name": "f13",
				"parent": "f12",
				"pivot": [1, -3.7, 5],
				"rotation": [0, -10, 0],
				"cubes": [
					{"origin": [-0.50993, 4.53117, 1.46283], "size": [1, 0, 13], "uv": [10, 10]}
				]
			},
			{
				"name": "f14",
				"parent": "f13",
				"pivot": [1, -3.7, 5],
				"rotation": [0, -10, 0],
				"cubes": [
					{"origin": [-1.10881, 4.53117, 1.69194], "size": [1, 0, 13], "uv": [8, 8]}
				]
			},
			{
				"name": "f15",
				"parent": "f14",
				"pivot": [1, -3.7, 5],
				"rotation": [0, -10, 0],
				"cubes": [
					{"origin": [-1.54298, 4.53117, 1.85615], "size": [1, 0, 13], "uv": [6, 6]}
				]
			},
			{
				"name": "f16",
				"parent": "f15",
				"pivot": [1, -3.7, 5],
				"rotation": [0, -10, 0],
				"cubes": [
					{"origin": [-1.94205, 4.53117, 2.09326], "size": [1, 0, 13], "uv": [4, 4]}
				]
			},
			{
				"name": "f17",
				"parent": "f16",
				"pivot": [1, -3.7, 5],
				"rotation": [0, -10, 0],
				"cubes": [
					{"origin": [-2.29387, 4.53117, 2.39606], "size": [1, 0, 13], "uv": [2, 2]}
				]
			},
			{
				"name": "f18",
				"parent": "f17",
				"pivot": [1, -3.7, 5],
				"rotation": [0, -10, 0],
				"cubes": [
					{"origin": [-2.58777, 4.53117, 2.75536], "size": [1, 0, 13], "uv": [0, 0]}
				]
			}
		]
	}
}