{
	"format_version": "1.10.0",
	"geometry.pavoa": {
		"texturewidth": 64,
		"textureheight": 64,
		"visible_bounds_width": 2,
		"visible_bounds_height": 1,
		"visible_bounds_offset": [0, 0.5, 0],
		"bones": [
			{
				"name": "head",
				"pivot": [0, 7, -4.5],
				"cubes": [
					{"origin": [-1.5, 10, -7], "size": [3, 3, 4], "uv": [12, 13]},
					{"origin": [-0.5, 10.5, -9], "size": [1, 1, 2], "uv": [0, 25]}
				]
			},
			{
				"name": "neck0",
				"parent": "head",
				"pivot": [0, 0, 0],
				"rotation": [-5, 0, 0],
				"cubes": [
					{"origin": [-1.1, 6.09372, -6.38621], "size": [2.3, 4, 2.5], "uv": [24, 18]}
				]
			},
			{
				"name": "head_feather1",
				"parent": "head",
				"pivot": [0, 14, 4],
				"rotation": [-45, 0, 0],
				"cubes": [
					{"origin": [0, 7.34315, -0.54264], "size": [0, 3, 1], "uv": [7, 16]}
				]
			},
			{
				"name": "head_feather2",
				"parent": "head",
				"pivot": [0, 14, 4],
				"rotation": [-75, 0, 0],
				"cubes": [
					{"origin": [0, 6.2797, 3.35419], "size": [0, 3, 1], "uv": [2, 16]}
				]
			},
			{
				"name": "head_feather0",
				"parent": "head",
				"pivot": [0, 14, 4],
				"rotation": [-25, 0, 0],
				"cubes": [
					{"origin": [0, 9.13536, -2.92154], "size": [0, 3, 1], "uv": [0, 16]}
				]
			},
			{
				"name": "neck1",
				"pivot": [0, 0, 0],
				"rotation": [30, 0, 0],
				"cubes": [
					{"origin": [-1.5, 4.63397, -1.86218], "size": [3, 4, 3], "uv": [12, 20]}
				]
			},
			{
				"name": "body0",
				"pivot": [0, 0, 0],
				"cubes": [
					{"origin": [-2.5, 2.8, -3], "size": [5, 4.3, 6], "uv": [0, 0]},
					{"origin": [-2, 3, -4], "size": [4, 4, 2], "uv": [24, 24]}
				]
			},
			{
				"name": "wing0",
				"pivot": [0, 0, 0],
				"rotation": [-10, 0, 0],
				"cubes": [
					{"origin": [2.5, 3.29966, -3.72001], "size": [1, 3, 5], "uv": [17, 5]},
					{"origin": [2.5, 4.29966, 1.27999], "size": [1, 2, 2], "uv": [7, 18]}
				]
			},
			{
				"name": "wing1",
				"pivot": [0, 0, 0],
				"rotation": [-10, 0, 0],
				"cubes": [
					{"origin": [-3.5, 3.29966, -3.72001], "size": [1, 3, 5], "uv": [0, 17]},
					{"origin": [-3.5, 4.29966, 1.27999], "size": [1, 2, 2], "uv": [0, 0]}
				]
			},
			{
				"name": "body1",
				"pivot": [0, 0, 0],
				"rotation": [-30, 0, 0],
				"cubes": [
					{"origin": [-2.3, 3.72234, -1.50266], "size": [4.5, 3.5, 4], "uv": [0, 10]}
				]
			},
			{
				"name": "tail0",
				"pivot": [0, 0, 0],
				"rotation": [-45, 0, 0],
				"cubes": [
					{"origin": [-2, 4.16617, -0.23583], "size": [4, 3, 2], "uv": [16, 0]}
				]
			},
			{
				"name": "leg0",
				"pivot": [1.25, 2.75, 0.5],
				"cubes": [
					{"origin": [0.8, 1, 0], "size": [1, 2, 1], "uv": [12, 10]},
					{"origin": [0.8, 0.05, -1], "size": [1, 1, 2.1], "uv": [24, 5]}
				]
			},
			{
				"name": "leg1",
				"pivot": [-1.25, 2.75, 0.5],
				"cubes": [
					{"origin": [-1.8, 1, 0], "size": [1, 2, 1], "uv": [0, 10]},
					{"origin": [-1.8, 0.05, -1], "size": [1, 1, 2.1], "uv": [22, 13]}
				]
			}
		]
	}
}