{
	"format_version": "1.10.0",
	"geometry.pinguim": {
		"texturewidth": 32,
		"textureheight": 32,
		"visible_bounds_width": 1,
		"visible_bounds_height": 1,
		"visible_bounds_offset": [0, 0.5, 0],
		"bones": [
			{
				"name": "body",
				"pivot": [0, 0, 0],
				"rotation": [10, 0, 0],
				"cubes": [
					{"origin": [-2, 2, -1], "size": [4, 6, 4], "uv": [0, 0]}
				]
			},
			{
				"name": "leg0",
				"pivot": [0, 0, 0],
				"cubes": [
					{"origin": [1, 0, -2], "size": [2, 1, 3], "uv": [0, 10]},
					{"origin": [1, 1, 0], "size": [1, 2, 1], "uv": [12, 28]}
				]
			},
			{
				"name": "leg1",
				"pivot": [0, 0, 0],
				"cubes": [
					{"origin": [-3, 0, -2], "size": [2, 1, 3], "uv": [10, 10]},
					{"origin": [-2, 1, 0], "size": [1, 2, 1], "uv": [8, 28]}
				]
			},
			{
				"name": "head",
				"pivot": [2, 0, 0],
				"cubes": [
					{"origin": [-1.5, 7, -2], "size": [3, 4, 1], "uv": [16, 14]},
					{"origin": [-1.5, 9, -4], "size": [3, 2, 2], "uv": [20, 10]},
					{"origin": [-1.5, 7, -1], "size": [3, 3, 2], "uv": [16, 0]}
				]
			},
			{
				"name": "head1",
				"parent": "head",
				"pivot": [2, 0, 0],
				"rotation": [-20, 0, 0],
				"cubes": [
					{"origin": [-1.5, 8.8, -5], "size": [3, 1, 2.5], "uv": [0, 14]}
				]
			},
			{
				"name": "head2",
				"parent": "head",
				"pivot": [2, 0, 0],
				"rotation": [15, 0, 0],
				"cubes": [
					{"origin": [-0.5, 10.6, -3.5], "size": [1, 1, 3], "uv": [6, 21]}
				]
			},
			{
				"name": "head3",
				"parent": "head",
				"pivot": [2, 0, 0],
				"rotation": [-5, 0, 0],
				"cubes": [
					{"origin": [-0.5, 8.7, -7], "size": [1, 1, 3], "uv": [14, 21]}
				]
			},
			{
				"name": "wing0",
				"pivot": [0, 0, 0],
				"rotation": [10, 0, -5],
				"cubes": [
					{"origin": [2, 2.3, 0], "size": [1, 5, 2], "uv": [0, 21]}
				]
			},
			{
				"name": "wing1",
				"pivot": [0, 0, 0],
				"rotation": [10, 0, 5],
				"cubes": [
					{"origin": [-3, 2, 0], "size": [1, 5, 2], "uv": [10, 14]}
				]
			},
			{
				"name": "tail",
				"pivot": [0, 0, 0],
				"rotation": [-20, 0, 0],
				"cubes": [
					{"origin": [-1, 3, 1], "size": [2, 1, 2], "uv": [0, 28]}
				]
			}
		]
	}
}