{
	"format_version": "1.10.0",
	"geometry.rato": {
		"texturewidth": 64,
		"textureheight": 64,
		"visible_bounds_width": 4,
		"visible_bounds_height": 1,
		"visible_bounds_offset": [0, 0.5, 0],
		"bones": [
			{
				"name": "leg1",
				"pivot": [1, 0, 0],
				"cubes": [
					{"origin": [-5, 0, 5], "size": [3, 1, 4], "uv": [0, 41]}
				]
			},
			{
				"name": "leg1a",
				"parent": "leg1",
				"pivot": [1, 0, 0],
				"rotation": [-5, 0, 0],
				"cubes": [
					{"origin": [-4.5, 1, 7], "size": [2, 3, 2], "uv": [8, 54]}
				]
			},
			{
				"name": "leg1b",
				"parent": "leg1",
				"pivot": [1, 0, 0],
				"rotation": [-10, 0, 0],
				"cubes": [
					{"origin": [-5, 3, 5.5], "size": [3, 6, 4], "uv": [16, 24]}
				]
			},
			{
				"name": "leg2",
				"pivot": [-2, 0, 0],
				"cubes": [
					{"origin": [1, 0, 5], "size": [3, 1, 4], "uv": [26, 41]}
				]
			},
			{
				"name": "leg2a",
				"parent": "leg2",
				"pivot": [-2, 0, 0],
				"rotation": [-5, 0, 0],
				"cubes": [
					{"origin": [1.5, 1, 7], "size": [2, 3, 2], "uv": [50, 48]}
				]
			},
			{
				"name": "leg2b",
				"parent": "leg2",
				"pivot": [-2, 0, 0],
				"rotation": [-10, 0, 0],
				"cubes": [
					{"origin": [1, 3, 5.5], "size": [3, 6, 4], "uv": [30, 24]}
				]
			},
			{
				"name": "leg3",
				"pivot": [-8, 0, -9],
				"cubes": [
					{"origin": [-4.5, 0, -3.5], "size": [3, 1, 3], "uv": [12, 48]}
				]
			},
			{
				"name": "leg3a",
				"parent": "leg3",
				"pivot": [-8, 0, -9],
				"rotation": [-5, 0, 0],
				"cubes": [
					{"origin": [-4, 1, -2.5], "size": [2, 3, 2], "uv": [16, 54]}
				]
			},
			{
				"name": "leg3b",
				"parent": "leg3",
				"pivot": [-8, 0, -9],
				"rotation": [5, 0, 0],
				"cubes": [
					{"origin": [-4.5, 2, -2.5], "size": [3, 4, 3], "uv": [40, 41]}
				]
			},
			{
				"name": "leg4",
				"pivot": [7, 0, -9],
				"cubes": [
					{"origin": [0.5, 0, -3.5], "size": [3, 1, 3], "uv": [0, 48]}
				]
			},
			{
				"name": "leg4a",
				"parent": "leg4",
				"pivot": [7, 0, -9],
				"rotation": [-5, 0, 0],
				"cubes": [
					{"origin": [1, 1, -2.5], "size": [2, 3, 2], "uv": [0, 54]}
				]
			},
			{
				"name": "leg4b",
				"parent": "leg4",
				"pivot": [7, 0, -9],
				"rotation": [5, 0, 0],
				"cubes": [
					{"origin": [0.5, 2, -2.5], "size": [3, 4, 3], "uv": [14, 41]}
				]
			},
			{
				"name": "body",
				"pivot": [0, 0, 0],
				"rotation": [-5, 0, 0],
				"cubes": [
					{"origin": [-3.5, 3.5, 8], "size": [6, 7, 3], "uv": [20, 14]}
				]
			},
			{
				"name": "body2",
				"parent": "body",
				"pivot": [0, 0, 0],
				"rotation": [5, 0, 0],
				"cubes": [
					{"origin": [-4, 2, 3], "size": [7, 8, 6], "uv": [0, 0]}
				]
			},
			{
				"name": "body3",
				"parent": "body",
				"pivot": [0, 0, 0],
				"rotation": [8, 0, 0],
				"cubes": [
					{"origin": [-3.5, 2.4, -2], "size": [6, 7, 7], "uv": [28, 0]}
				]
			},
			{
				"name": "head",
				"pivot": [0, 0, 0],
				"rotation": [-10, 0, 0],
				"cubes": [
					{"origin": [-2.5, 3, -6], "size": [4, 5, 5], "uv": [40, 14]}
				]
			},
			{
				"name": "head2",
				"parent": "head",
				"pivot": [0, 0, 0],
				"rotation": [15, 0, 0],
				"cubes": [
					{"origin": [-3, 4.5, -8.5], "size": [5, 5, 5], "uv": [0, 14]}
				]
			},
			{
				"name": "head3",
				"parent": "head",
				"pivot": [0, 0, 0],
				"rotation": [15, 0, 0],
				"cubes": [
					{"origin": [-2, 5.5, -11.5], "size": [3, 2, 3], "uv": [52, 41]}
				]
			},
			{
				"name": "head4",
				"parent": "head",
				"pivot": [0, 0, 0],
				"rotation": [15, 0, 0],
				"cubes": [
					{"origin": [-1.5, 4.7, -11], "size": [2, 1, 3], "uv": [24, 48]}
				]
			},
			{
				"name": "head5",
				"parent": "head",
				"pivot": [0, 0, 0],
				"rotation": [25, 0, 0],
				"cubes": [
					{"origin": [-1.5, 8.7, -10.2], "size": [2, 1, 5], "uv": [42, 34]}
				]
			},
			{
				"name": "head6",
				"parent": "head",
				"pivot": [0, 0, 0],
				"rotation": [0, -40, -15],
				"cubes": [
					{"origin": [-6, 6.7, -6.2], "size": [1, 3, 3], "uv": [34, 48]}
				]
			},
			{
				"name": "head7",
				"parent": "head",
				"pivot": [0, 0, 0],
				"rotation": [0, 40, 15],
				"cubes": [
					{"origin": [4.4, 6.5, -6.8], "size": [1, 3, 3], "uv": [42, 48]}
				]
			},
			{
				"name": "tail",
				"pivot": [0, 1, 0],
				"rotation": [-10, 0, 0],
				"cubes": [
					{"origin": [-3, 5.6, 10], "size": [5, 5, 2], "uv": [28, 34]}
				]
			},
			{
				"name": "tail2",
				"parent": "tail",
				"pivot": [0, 1, 0],
				"rotation": [-10, 0, 0],
				"cubes": [
					{"origin": [-2.5, 8, 10], "size": [4, 4, 3], "uv": [14, 34]}
				]
			},
			{
				"name": "tail3",
				"parent": "tail",
				"pivot": [0, 1, 0],
				"rotation": [-15, 0, 0],
				"cubes": [
					{"origin": [-2, 9.5, 11], "size": [3, 3, 5], "uv": [0, 24]}
				]
			},
			{
				"name": "tail4",
				"parent": "tail",
				"pivot": [0, 1, 0],
				"cubes": [
					{"origin": [-1.5, 5.5, 17], "size": [2, 2, 5], "uv": [44, 24]}
				]
			},
			{
				"name": "tail5",
				"parent": "tail",
				"pivot": [0, 1, 0],
				"rotation": [5, 0, 0],
				"cubes": [
					{"origin": [-1, 4, 22], "size": [1, 1, 6], "uv": [0, 34]}
				]
			}
		]
	}
}