{
	"format_version": "1.10.0",
	"geometry.rinoceronte": {
		"texturewidth": 256,
		"textureheight": 256,
		"visible_bounds_width": 4,
		"visible_bounds_height": 2,
		"visible_bounds_offset": [0, 1, 0],
		"bones": [
			{
				"name": "leg1",
				"pivot": [0, 0, 5],
				"cubes": [
					{"origin": [-6, 0, 6], "size": [4, 2, 4], "uv": [76, 109]}
				]
			},
			{
				"name": "leg1a",
				"parent": "leg1",
				"pivot": [0, 0, 5],
				"rotation": [-5, 0, 0],
				"cubes": [
					{"origin": [-5.5, 2, 6.5], "size": [3, 5, 3], "uv": [26, 118]}
				]
			},
			{
				"name": "leg1b",
				"parent": "leg1",
				"pivot": [0, 0, 5],
				"rotation": [15, 0, 0],
				"cubes": [
					{"origin": [-6, 4, 8.5], "size": [4, 4, 4], "uv": [16, 109]}
				]
			},
			{
				"name": "leg1c",
				"parent": "leg1",
				"pivot": [0, 0, 5],
				"cubes": [
					{"origin": [-7, 8, 5], "size": [6, 9, 7], "uv": [0, 81]}
				]
			},
			{
				"name": "leg2",
				"pivot": [0, 0, -13],
				"cubes": [
					{"origin": [-6, 0, -12], "size": [4, 2, 5], "uv": [94, 97]}
				]
			},
			{
				"name": "leg2a",
				"parent": "leg2",
				"pivot": [0, 0, -13],
				"rotation": [-5, 0, 0],
				"cubes": [
					{"origin": [-5.5, 2, -11.5], "size": [3, 5, 4], "uv": [32, 109]}
				]
			},
			{
				"name": "leg2b",
				"parent": "leg2",
				"pivot": [0, 0, -13],
				"rotation": [15, 0, 0],
				"cubes": [
					{"origin": [-6, 4, -10.5], "size": [4, 6, 6], "uv": [0, 97]}
				]
			},
			{
				"name": "leg2c",
				"parent": "leg2",
				"pivot": [0, 0, -13],
				"cubes": [
					{"origin": [-7, 9, -14], "size": [7, 10, 9], "uv": [0, 45]}
				]
			},
			{
				"name": "leg3",
				"pivot": [2, 0, 5],
				"cubes": [
					{"origin": [4, 0, 6], "size": [4, 2, 4], "uv": [92, 109]}
				]
			},
			{
				"name": "leg3a",
				"parent": "leg3",
				"pivot": [2, 0, 5],
				"rotation": [-5, 0, 0],
				"cubes": [
					{"origin": [4.5, 2, 6.5], "size": [3, 5, 3], "uv": [0, 118]}
				]
			},
			{
				"name": "leg3b",
				"parent": "leg3",
				"pivot": [2, 0, 5],
				"rotation": [15, 0, 0],
				"cubes": [
					{"origin": [4, 4, 8.5], "size": [4, 4, 4], "uv": [0, 109]}
				]
			},
			{
				"name": "leg3c",
				"parent": "leg3",
				"pivot": [2, 0, 5],
				"cubes": [
					{"origin": [3, 8, 5], "size": [6, 9, 7], "uv": [98, 64]}
				]
			},
			{
				"name": "leg4",
				"pivot": [2, 0, -13],
				"cubes": [
					{"origin": [4, 0, -12], "size": [4, 2, 5], "uv": [76, 97]}
				]
			},
			{
				"name": "leg4a",
				"parent": "leg4",
				"pivot": [2, 0, -13],
				"rotation": [-5, 0, 0],
				"cubes": [
					{"origin": [4.5, 2, -11.5], "size": [3, 5, 4], "uv": [62, 109]}
				]
			},
			{
				"name": "leg4b",
				"parent": "leg4",
				"pivot": [2, 0, -13],
				"rotation": [15, 0, 0],
				"cubes": [
					{"origin": [4, 4, -10.5], "size": [4, 6, 6], "uv": [104, 81]}
				]
			},
			{
				"name": "leg4c",
				"parent": "leg4",
				"pivot": [2, 0, -13],
				"cubes": [
					{"origin": [2, 9, -14], "size": [7, 10, 9], "uv": [32, 45]}
				]
			},
			{
				"name": "body",
				"pivot": [0, 0, 4],
				"cubes": [
					{"origin": [-6, 10, -4], "size": [14, 11, 13], "uv": [0, 0]},
					{"origin": [-5.5, 9, -10], "size": [13, 9, 7], "uv": [88, 25]},
					{"origin": [-6, 10, 9], "size": [14, 10, 2], "uv": [32, 64]},
					{"origin": [-4.5, 8, -12], "size": [11, 5, 14], "uv": [102, 0]},
					{"origin": [-4.5, 8.5, 2], "size": [11, 4, 8], "uv": [98, 45]}
				]
			},
			{
				"name": "body2",
				"parent": "body",
				"pivot": [0, 0, 4],
				"rotation": [-10, 0, 0],
				"cubes": [
					{"origin": [-5, 9, 4.7], "size": [12, 11, 5], "uv": [64, 45]},
					{"origin": [-4, 11, 7.7], "size": [10, 8, 3], "uv": [54, 81]}
				]
			},
			{
				"name": "body3",
				"parent": "body",
				"pivot": [0, 0, 4],
				"rotation": [-20, 0, 0],
				"cubes": [
					{"origin": [-5.5, 11.5, -15], "size": [13, 6, 9], "uv": [44, 25]}
				]
			},
			{
				"name": "body4",
				"parent": "body",
				"pivot": [0, 0, 4],
				"rotation": [-13, 0, 0],
				"cubes": [
					{"origin": [-3.5, 6.2, -20.5], "size": [9, 10, 15], "uv": [54, 0]}
				]
			},
			{
				"name": "body5",
				"parent": "body",
				"pivot": [0, 0, 4],
				"rotation": [5, 0, 0],
				"cubes": [
					{"origin": [-5, 13, -14], "size": [12, 10, 10], "uv": [0, 25]},
					{"origin": [-4, 22.7, -12.9], "size": [10, 1, 7], "uv": [64, 64]}
				]
			},
			{
				"name": "head",
				"pivot": [0, 0, 4],
				"rotation": [10, 0, 0],
				"cubes": [
					{"origin": [-3, 14, -18], "size": [8, 9, 8], "uv": [0, 64]}
				]
			},
			{
				"name": "head2",
				"parent": "head",
				"pivot": [0, 0, 4],
				"rotation": [-7, 0, 0],
				"cubes": [
					{"origin": [-2.5, 13.5, -25], "size": [7, 6, 7], "uv": [26, 81]}
				]
			},
			{
				"name": "head3",
				"parent": "head",
				"pivot": [0, 0, 4],
				"rotation": [-10, 0, 0],
				"cubes": [
					{"origin": [-2, 10.5, -25], "size": [6, 2, 6], "uv": [80, 81]}
				]
			},
			{
				"name": "head4",
				"parent": "head",
				"pivot": [0, 0, 4],
				"rotation": [-44.5, 0, 0],
				"cubes": [
					{"origin": [-1.5, -6, -32], "size": [5, 4, 5], "uv": [20, 97]}
				]
			},
			{
				"name": "head5",
				"parent": "head",
				"pivot": [0, 0, 4],
				"rotation": [-59, 0, 0],
				"cubes": [
					{"origin": [-1, -14.5, -33], "size": [4, 3, 5], "uv": [58, 97]}
				]
			},
			{
				"name": "head6",
				"parent": "head",
				"pivot": [0, 0, 4],
				"rotation": [-74, 0, 0],
				"cubes": [
					{"origin": [-0.5, -23, -31], "size": [3, 2, 4], "uv": [38, 118]}
				]
			},
			{
				"name": "head7",
				"parent": "head",
				"pivot": [0, 0, 4],
				"rotation": [-59, 0, 0],
				"cubes": [
					{"origin": [-1, -8.5, -28], "size": [4, 3, 5], "uv": [40, 97]}
				]
			},
			{
				"name": "head8",
				"parent": "head",
				"pivot": [0, 0, 4],
				"rotation": [-74, 0, 0],
				"cubes": [
					{"origin": [-0.5, -16, -27], "size": [3, 2, 4], "uv": [12, 118]}
				]
			},
			{
				"name": "head10",
				"parent": "head",
				"pivot": [0, 0, 4],
				"rotation": [-15, 10, -5],
				"cubes": [
					{"origin": [-0.5, 18.4, -16.8], "size": [1, 4, 1], "uv": [0, 126]},
					{"origin": [0.5, 19.4, -17], "size": [2, 4, 1], "uv": [88, 118]}
				]
			},
			{
				"name": "head11",
				"parent": "head",
				"pivot": [0, 0, 4],
				"rotation": [-15, -10, 5],
				"cubes": [
					{"origin": [1.5, 18.4, -17.3], "size": [1, 4, 1], "uv": [4, 126]},
					{"origin": [-0.5, 19.4, -17.5], "size": [2, 4, 1], "uv": [82, 118]}
				]
			},
			{
				"name": "tail",
				"pivot": [0, 0, 4],
				"rotation": [15, 0, 0],
				"cubes": [
					{"origin": [-2, 10, 15], "size": [5, 4, 3], "uv": [46, 109]},
					{"origin": [-0.5, 8, 15.8], "size": [2, 2, 2], "uv": [74, 118]}
				]
			},
			{
				"name": "tail2",
				"parent": "tail",
				"pivot": [0, 0, 4],
				"rotation": [-5, 0, 0],
				"cubes": [
					{"origin": [-0.5, 6.5, 15], "size": [2, 3, 2], "uv": [64, 118]}
				]
			},
			{
				"name": "tail3",
				"parent": "tail",
				"pivot": [0, 0, 4],
				"rotation": [-5, 0, 0],
				"cubes": [
					{"origin": [-1, 4, 14.5], "size": [3, 3, 3], "uv": [52, 118]},
					{"origin": [-1, 3, 15.5], "size": [3, 1, 2], "uv": [64, 123]}
				]
			}
		]
	}
}