{
	"format_version": "1.10.0",
	"geometry.sapo": {
		"texturewidth": 32,
		"textureheight": 32,
		"visible_bounds_width": 1,
		"visible_bounds_height": 1,
		"visible_bounds_offset": [0, 0.5, 0],
		"bones": [
			{
				"name": "body",
				"pivot": [-1, 2, 3],
				"rotation": [70, 0, 0],
				"cubes": [
					{"origin": [-1.5, 1, 2], "size": [3, 7, 2], "uv": [0, 1]}
				]
			},
			{
				"name": "leg0",
				"pivot": [-1, 2, 4],
				"rotation": [0, -60, 50],
				"cubes": [
					{"origin": [-5, 1, 3], "size": [4, 1, 1], "uv": [8, 0]}
				]
			},
			{
				"name": "bone3",
				"parent": "leg0",
				"pivot": [-4, 1, 3],
				"rotation": [-30, 0, 0],
				"cubes": [
					{"origin": [-5, -1, 2.5], "size": [1, 3, 1], "uv": [8, 13]}
				]
			},
			{
				"name": "bone4",
				"parent": "leg0",
				"pivot": [-5, 0, 2],
				"rotation": [130, -30, 0],
				"cubes": [
					{"origin": [-6, 0, 1.2], "size": [2, 1, 1], "uv": [10, 4]}
				]
			},
			{
				"name": "leg1",
				"pivot": [1, 2, 4],
				"rotation": [0, 60, -50],
				"mirror": true,
				"cubes": [
					{"origin": [1, 1, 3], "size": [4, 1, 1], "uv": [10, 2], "mirror": false}
				]
			},
			{
				"name": "bone",
				"parent": "leg1",
				"pivot": [5, 1, 3],
				"rotation": [-30, 0, 0],
				"cubes": [
					{"origin": [4, -1, 2.5], "size": [1, 3, 1], "uv": [4, 12]}
				]
			},
			{
				"name": "bone2",
				"parent": "leg1",
				"pivot": [6, -1, 2],
				"rotation": [-50, 30, 0],
				"cubes": [
					{"origin": [4, -1.8, 0.7], "size": [2, 1, 1], "uv": [10, 6]}
				]
			},
			{
				"name": "leg2",
				"pivot": [-3, 4, -2],
				"rotation": [20, 0, 0],
				"cubes": [
					{"origin": [-2.5, 2, -2], "size": [1, 2, 1], "uv": [0, 14]}
				]
			},
			{
				"name": "bone5",
				"parent": "leg2",
				"pivot": [-3, 2, -2],
				"rotation": [-45, 0, 0],
				"cubes": [
					{"origin": [-2.5, 0, -2], "size": [1, 3, 1], "uv": [12, 13]}
				]
			},
			{
				"name": "leg3",
				"pivot": [2, 4, -2],
				"rotation": [20, 0, 0],
				"mirror": true,
				"cubes": [
					{"origin": [1.5, 2, -2], "size": [1, 2, 1], "uv": [3, 16], "mirror": false}
				]
			},
			{
				"name": "bone6",
				"parent": "leg3",
				"pivot": [2, 2, -2],
				"rotation": [-45, 0, 0],
				"cubes": [
					{"origin": [1.5, 0, -2], "size": [1, 3, 1], "uv": [0, 10]}
				]
			},
			{
				"name": "head",
				"pivot": [0, 0, 0],
				"cubes": [
					{"origin": [-1.5, 3, -5], "size": [3, 2, 3], "uv": [7, 8]}
				]
			}
		]
	}
}