{
	"format_version": "1.10.0",
	"geometry.seaserpent": {
		"texturewidth": 128,
		"textureheight": 128,
		"visible_bounds_width": 9,
		"visible_bounds_height": 1,
		"visible_bounds_offset": [0, 0.5, 0],
		"bones": [
			{
				"name": "body0",
				"pivot": [-2, 0, -40]
			},
			{
				"name": "tail1",
				"parent": "body0",
				"pivot": [-1, 4, -17]
			},
			{
				"name": "bone9",
				"parent": "tail1",
				"pivot": [0, -12, 5],
				"rotation": [25, 0, 0],
				"cubes": [
					{"origin": [-1, 2, 5], "size": [1, 7, 6], "uv": [0, 31]}
				]
			},
			{
				"name": "bone3",
				"parent": "tail1",
				"pivot": [-2, -0.8648, -15.7856],
				"cubes": [
					{"origin": [-4, -1, -16], "size": [7, 1, 20], "uv": [42, 11]}
				]
			},
			{
				"name": "bone2",
				"parent": "tail1",
				"pivot": [-2, 0, -15.7856],
				"cubes": [
					{"origin": [-5, 0, -16], "size": [9, 8, 20], "uv": [0, 31]}
				]
			},
			{
				"name": "bone8",
				"parent": "tail1",
				"pivot": [0, -11, -5],
				"rotation": [25, 0, 0],
				"cubes": [
					{"origin": [-1, 3, -5], "size": [1, 7, 6], "uv": [0, 59]}
				]
			},
			{
				"name": "tail2",
				"parent": "tail1",
				"pivot": [0, 4, 5]
			},
			{
				"name": "bone4",
				"parent": "tail2",
				"pivot": [0, -11, 25],
				"rotation": [25, 0, 0],
				"cubes": [
					{"origin": [-1.06, 2.03476, 22.91262], "size": [0.94, 6.58, 5.64], "uv": [0, 38]}
				]
			},
			{
				"name": "bone5",
				"parent": "tail2",
				"pivot": [-2, -0.8648, 4.2144],
				"cubes": [
					{"origin": [-3.88, -0.94, 3.36], "size": [6.58, 0.94, 18.8], "uv": [24, 0]}
				]
			},
			{
				"name": "bone10",
				"parent": "tail2",
				"pivot": [-2, 0, 4.2144],
				"cubes": [
					{"origin": [-4.82, 0, 3.36], "size": [8.46, 7.52, 18.8], "uv": [40, 41]}
				]
			},
			{
				"name": "bone11",
				"parent": "tail2",
				"pivot": [0, -11, 15],
				"rotation": [25, 0, 0],
				"cubes": [
					{"origin": [-1.06, 1.97476, 13.51262], "size": [0.94, 6.58, 5.64], "uv": [0, 38]}
				]
			},
			{
				"name": "tail3",
				"parent": "tail2",
				"pivot": [-1, 4, 22]
			},
			{
				"name": "bone12",
				"parent": "tail3",
				"pivot": [-0.36, -8.02, 28.88],
				"rotation": [25, 0, 0],
				"cubes": [
					{"origin": [-1.2292, 2.66851, 34.18834], "size": [0.7708, 2.3956, 4.6248], "uv": [0, 38]}
				]
			},
			{
				"name": "bone13",
				"parent": "tail3",
				"pivot": [-2, 0.29086, 11.83581],
				"cubes": [
					{"origin": [-3.5416, 0.2292, 18.1552], "size": [5.3956, 0.7708, 15.416], "uv": [23, 32]}
				]
			},
			{
				"name": "bone14",
				"parent": "tail3",
				"pivot": [-2, 1, 11.83581],
				"cubes": [
					{"origin": [-4.3124, 1, 18.1552], "size": [6.9372, 6.1664, 15.416], "uv": [74, 32]}
				]
			},
			{
				"name": "bone15",
				"parent": "tail3",
				"pivot": [-0.36, -8.02, 20.68],
				"rotation": [25, 0, 0],
				"cubes": [
					{"origin": [-1.2292, 2.61931, 26.48034], "size": [0.7708, 2.3956, 4.6248], "uv": [0, 38]}
				]
			},
			{
				"name": "tail4",
				"parent": "tail3",
				"pivot": [-2, 4, 34]
			},
			{
				"name": "bone16",
				"parent": "tail4",
				"pivot": [-0.5896, -8.8972, 34.9968],
				"rotation": [25, 0, 0],
				"cubes": [
					{"origin": [-1.33711, 0.43492, 47.26198], "size": [0.66289, 2.06022, 3.97733], "uv": [0, 38]}
				]
			},
			{
				"name": "bone17",
				"parent": "tail4",
				"pivot": [-2, 1.25014, 20.33879],
				"cubes": [
					{"origin": [-3.32578, 1.33711, 33.47347], "size": [4.64022, 0.66289, 13.25776], "uv": [41, 0]}
				]
			},
			{
				"name": "bone18",
				"parent": "tail4",
				"pivot": [-2, 1.86, 20.33879],
				"cubes": [
					{"origin": [-3.98866, 2, 33.47347], "size": [5.96599, 5.3031, 13.25776], "uv": [0, 82]}
				]
			},
			{
				"name": "bone19",
				"parent": "tail4",
				"pivot": [-0.5896, -8.8972, 27.9448],
				"rotation": [25, 0, 0],
				"cubes": [
					{"origin": [-1.33711, 0.3926, 40.6331], "size": [0.66289, 2.06022, 3.97733], "uv": [0, 38]}
				]
			},
			{
				"name": "tail5",
				"parent": "tail4",
				"pivot": [-2, 4, 47]
			},
			{
				"name": "bone20",
				"parent": "tail5",
				"pivot": [-0.78706, -7.65159, 38.67725],
				"rotation": [25, 0, 0],
				"cubes": [
					{"origin": [-1.42992, -4.78382, 55.48959], "size": [0.57008, 1.77179, 7.4205], "uv": [0, 12]}
				]
			},
			{
				"name": "bone21",
				"parent": "tail5",
				"pivot": [-2, 1.07512, 26.07136],
				"cubes": [
					{"origin": [-3.14017, 1.42992, 46.16719], "size": [3.99059, 0.57008, 15.40167], "uv": [33, 33]}
				]
			},
			{
				"name": "bone22",
				"parent": "tail5",
				"pivot": [-2, 1.5996, 26.07136],
				"cubes": [
					{"origin": [-3.71025, 2, 46.16719], "size": [5.13075, 4.56067, 15.40167], "uv": [76, 0]}
				]
			},
			{
				"name": "bone23",
				"parent": "tail5",
				"pivot": [-0.78706, -7.65159, 32.61253],
				"rotation": [25, 0, 0],
				"cubes": [
					{"origin": [-1.42992, -4.82021, 49.78875], "size": [0.57008, 1.77179, 7.4205], "uv": [0, 12]}
				]
			},
			{
				"name": "tail6",
				"parent": "tail5",
				"pivot": [0, 2, 58]
			},
			{
				"name": "bone24",
				"parent": "tail6",
				"pivot": [-0.98113, -6.42734, 38.68889],
				"rotation": [25, 0, 0],
				"cubes": [
					{"origin": [-1.52113, -8.22995, 64.77816], "size": [0.47887, 1.4883, 6.23322], "uv": [0, 12]}
				]
			},
			{
				"name": "bone25",
				"parent": "tail6",
				"pivot": [-2, 0.9031, 28.09995],
				"cubes": [
					{"origin": [-2.95774, 2.52113, 59.06044], "size": [3.35209, 0.47887, 12.93741], "uv": [0, 0]}
				]
			},
			{
				"name": "bone26",
				"parent": "tail6",
				"pivot": [-2, 1.34366, 28.09995],
				"cubes": [
					{"origin": [-3.43661, 3, 59.06044], "size": [4.30983, 3.83096, 12.93741], "uv": [36, 82]}
				]
			},
			{
				"name": "bone27",
				"parent": "tail6",
				"pivot": [-0.98113, -6.42734, 33.59452],
				"rotation": [25, 0, 0],
				"cubes": [
					{"origin": [-1.52113, -8.68313, 60.89577], "size": [0.47887, 1.4883, 6.23322], "uv": [0, 12]}
				]
			},
			{
				"name": "body",
				"parent": "body0",
				"pivot": [-2, 0, -32],
				"cubes": [
					{"origin": [-6, -2, -36], "size": [11, 11, 20], "uv": [0, 0]}
				]
			},
			{
				"name": "bone6",
				"parent": "body",
				"pivot": [0, -10, -26],
				"rotation": [25, 0, 0],
				"cubes": [
					{"origin": [-1, 4, -26], "size": [1, 7, 8], "uv": [0, 4]}
				]
			},
			{
				"name": "bone7",
				"parent": "body",
				"pivot": [0, -10, -15],
				"rotation": [25, 0, 0],
				"cubes": [
					{"origin": [-1, 4, -15], "size": [1, 7, 6], "uv": [50, 66]}
				]
			},
			{
				"name": "head",
				"parent": "body",
				"pivot": [-1, 1, -40]
			},
			{
				"name": "jaw",
				"parent": "head",
				"pivot": [-1, 0, -40],
				"cubes": [
					{"origin": [-5, 0, -51], "size": [9, 1, 15], "uv": [50, 66]}
				]
			},
			{
				"name": "headbase",
				"parent": "head",
				"pivot": [-1, 1, -40],
				"cubes": [
					{"origin": [-5, 1, -52], "size": [9, 7, 16], "uv": [0, 59]}
				]
			}
		]
	}
}