{
	"format_version": "1.10.0",
	"geometry.suri": {
		"texturewidth": 64,
		"textureheight": 64,
		"visible_bounds_width": 2,
		"visible_bounds_height": 2,
		"visible_bounds_offset": [0, 1, 0],
		"bones": [
			{
				"name": "body",
				"pivot": [0, 0, 0],
				"cubes": [
					{"origin": [-3, 5, -8], "size": [5, 5, 9], "uv": [0, 0]}
				]
			},
			{
				"name": "body1",
				"parent": "body",
				"pivot": [0, 0, 0],
				"rotation": [-10, 0, 0],
				"cubes": [
					{"origin": [-3, 5, -1], "size": [5, 5, 3], "uv": [0, 14]}
				]
			},
			{
				"name": "body2",
				"parent": "body",
				"pivot": [0, 0, 0],
				"rotation": [35, 0, 0],
				"cubes": [
					{"origin": [-2, 9, -3], "size": [3, 4, 2], "uv": [0, 26]}
				]
			},
			{
				"name": "tail",
				"pivot": [0, 0, 0],
				"rotation": [5, 0, 0],
				"cubes": [
					{"origin": [-1, 9, 3.7], "size": [1, 10.3, 1], "uv": [12, 22]}
				]
			},
			{
				"name": "tail1",
				"parent": "tail",
				"pivot": [0, 0, 0],
				"rotation": [40, 0, 0],
				"cubes": [
					{"origin": [-1, 12, 15], "size": [1, 3, 1], "uv": [16, 43]}
				]
			},
			{
				"name": "head",
				"pivot": [0, 1, 1],
				"cubes": [
					{"origin": [-4, 9.5, -9], "size": [1, 2, 1], "uv": [20, 43]},
					{"origin": [2, 9.5, -9], "size": [1, 2, 1], "uv": [24, 43]},
					{"origin": [-3, 8.5, -12], "size": [5, 4, 5], "uv": [28, 0]}
				]
			},
			{
				"name": "head2",
				"parent": "head",
				"pivot": [0, -1, -1],
				"cubes": [
					{"origin": [-1.5, 8.8, -14], "size": [2, 1, 2], "uv": [8, 43]},
					{"origin": [-2, 9.8, -15], "size": [3, 1, 3], "uv": [0, 22]}
				]
			},
			{
				"name": "head3",
				"parent": "head",
				"pivot": [0, -1, -1],
				"rotation": [20, 0, 0],
				"cubes": [
					{"origin": [-1.5, 13.8, -10], "size": [2, 1, 3], "uv": [16, 22]}
				]
			},
			{
				"name": "leg0",
				"pivot": [0, 0, 0],
				"cubes": [
					{"origin": [0, 0, -8], "size": [2, 3, 2], "uv": [0, 33]},
					{"origin": [0, 0, -9], "size": [2, 1, 2], "uv": [32, 38]},
					{"origin": [0, 3, -8], "size": [2, 3, 2], "uv": [16, 33]}
				]
			},
			{
				"name": "leg1",
				"pivot": [0, 0, 0],
				"cubes": [
					{"origin": [-3, 0, -9], "size": [2, 1, 2], "uv": [0, 43]},
					{"origin": [-3, 0, -8], "size": [2, 3, 2], "uv": [8, 33]},
					{"origin": [-3, 3, -8], "size": [2, 3, 2], "uv": [0, 38]}
				]
			},
			{
				"name": "leg2",
				"pivot": [0, 0, 0],
				"cubes": [
					{"origin": [-3, 0, 0], "size": [2, 1, 2], "uv": [16, 38]},
					{"origin": [-3, 0, 1], "size": [2, 3, 2], "uv": [8, 38]},
					{"origin": [-3, 3, 0], "size": [2, 4, 3], "uv": [16, 14]}
				]
			},
			{
				"name": "leg3",
				"pivot": [0, 0, 0],
				"cubes": [
					{"origin": [0, 0, 0], "size": [2, 1, 2], "uv": [24, 38]},
					{"origin": [0, 0, 1], "size": [2, 3, 2], "uv": [24, 33]},
					{"origin": [0, 3, 0], "size": [2, 4, 3], "uv": [26, 14]}
				]
			}
		]
	}
}