{
	"format_version": "1.10.0",
	"geometry.tamandua": {
		"texturewidth": 128,
		"textureheight": 128,
		"visible_bounds_width": 4,
		"visible_bounds_height": 1,
		"visible_bounds_offset": [0, 0.5, 0],
		"bones": [
			{
				"name": "leg2",
				"pivot": [0, 0, 0],
				"cubes": [
					{"origin": [-6.5, 3, 1], "size": [4, 7, 5], "uv": [0, 49]}
				]
			},
			{
				"name": "leg2a",
				"parent": "leg2",
				"pivot": [0, 0, 0],
				"cubes": [
					{"origin": [-6, 1, 1.5], "size": [3, 3, 4], "uv": [14, 70]},
					{"origin": [-6.5, 0, 1], "size": [4, 1, 5], "uv": [18, 61]}
				]
			},
			{
				"name": "leg2b",
				"parent": "leg2",
				"pivot": [0, 0, 0],
				"rotation": [10, 0, 0],
				"cubes": [
					{"origin": [-4.1, 0, -0.5], "size": [1, 1, 3], "uv": [42, 77]},
					{"origin": [-5.8, 0, 0], "size": [1, 1, 3], "uv": [26, 77]}
				]
			},
			{
				"name": "leg1",
				"pivot": [0, 0, 0],
				"cubes": [
					{"origin": [-5.5, 0, -9.5], "size": [2, 3, 3], "uv": [42, 70]}
				]
			},
			{
				"name": "leg1a",
				"parent": "leg1",
				"pivot": [0, 0, 0],
				"cubes": [
					{"origin": [-6, 3, -10], "size": [3, 5, 4], "uv": [36, 61]}
				]
			},
			{
				"name": "leg1b",
				"parent": "leg1",
				"pivot": [0, 0, 0],
				"cubes": [
					{"origin": [-6.3, 0, -10], "size": [1, 1, 2], "uv": [14, 83]},
					{"origin": [-5, 0, -11], "size": [1, 1, 3], "uv": [18, 77]},
					{"origin": [-3.7, 0, -10], "size": [1, 1, 2], "uv": [8, 83]}
				]
			},
			{
				"name": "leg3",
				"pivot": [-1, 0, 0],
				"cubes": [
					{"origin": [1.5, 3, 1], "size": [4, 7, 5], "uv": [46, 37]}
				]
			},
			{
				"name": "leg3a",
				"parent": "leg3",
				"pivot": [-1, 0, 0],
				"cubes": [
					{"origin": [1.5, 0, 1], "size": [4, 1, 5], "uv": [0, 61]},
					{"origin": [2, 1, 1.5], "size": [3, 3, 4], "uv": [14, 70]}
				]
			},
			{
				"name": "leg3b",
				"parent": "leg3",
				"pivot": [-1, 0, 0],
				"rotation": [10, 0, 0],
				"cubes": [
					{"origin": [2.1, 0, -0.5], "size": [1, 1, 3], "uv": [10, 77]},
					{"origin": [3.8, 0, 0], "size": [1, 1, 3], "uv": [0, 83]}
				]
			},
			{
				"name": "leg0",
				"pivot": [0, 0, 0],
				"cubes": [
					{"origin": [2.5, 0, -9.5], "size": [2, 3, 3], "uv": [0, 77]}
				]
			},
			{
				"name": "leg0a",
				"parent": "leg0",
				"pivot": [0, 0, 0],
				"cubes": [
					{"origin": [2, 3, -10], "size": [3, 5, 4], "uv": [50, 61]}
				]
			},
			{
				"name": "leg0b",
				"parent": "leg0",
				"pivot": [0, 0, 0],
				"cubes": [
					{"origin": [4.3, 0, -10], "size": [1, 1, 2], "uv": [26, 83]},
					{"origin": [3, 0, -11], "size": [1, 1, 3], "uv": [34, 77]},
					{"origin": [1.7, 0, -10], "size": [1, 1, 2], "uv": [20, 83]}
				]
			},
			{
				"name": "body",
				"pivot": [0, 0, 0],
				"cubes": [
					{"origin": [-5, 4, -2], "size": [9, 9, 10], "uv": [40, 0]}
				]
			},
			{
				"name": "body2",
				"parent": "body",
				"pivot": [0, 0, 0],
				"rotation": [2, 0, 0],
				"cubes": [
					{"origin": [-4.5, 4.5, -10.5], "size": [8, 8, 10], "uv": [0, 19]}
				]
			},
			{
				"name": "body3",
				"parent": "body",
				"pivot": [0, 0, 0],
				"rotation": [7, 0, 0],
				"cubes": [
					{"origin": [-3.5, 7, -13], "size": [6, 6, 5], "uv": [24, 37]}
				]
			},
			{
				"name": "head",
				"pivot": [0, -2, -2]
			},
			{
				"name": "head1",
				"parent": "head",
				"pivot": [0, -2, -2],
				"cubes": [
					{"origin": [-3, 6, -20], "size": [5, 5, 7], "uv": [0, 37]}
				]
			},
			{
				"name": "head2",
				"parent": "head",
				"pivot": [0, -2, -2],
				"rotation": [10, 0, 0],
				"cubes": [
					{"origin": [-2, 9.5, -23], "size": [3, 3, 7], "uv": [18, 49]}
				]
			},
			{
				"name": "head3",
				"parent": "head",
				"pivot": [0, -2, -2],
				"rotation": [13, 0, 0],
				"cubes": [
					{"origin": [-1.5, 11, -28], "size": [2, 2, 8], "uv": [38, 49]}
				]
			},
			{
				"name": "head4",
				"parent": "head",
				"pivot": [0, -2, -2],
				"rotation": [10, 0, 0],
				"cubes": [
					{"origin": [-1, 10.3, -28], "size": [1, 1, 6], "uv": [28, 70]}
				]
			},
			{
				"name": "tail",
				"pivot": [0, 0, 0],
				"rotation": [-2, 0, 0],
				"cubes": [
					{"origin": [-4.5, 6, 7], "size": [8, 7, 12], "uv": [0, 0]},
					{"origin": [-4.5, 5.3, 18], "size": [8, 7, 8], "uv": [36, 19]}
				]
			},
			{
				"name": "tail2",
				"parent": "tail",
				"pivot": [0, 0, 0],
				"rotation": [-2, 0, 0],
				"cubes": [
					{"origin": [3.5, 5, 8], "size": [0, 2, 1], "uv": [18, 87]},
					{"origin": [3.5, 4, 9], "size": [0, 1, 1], "uv": [18, 90]},
					{"origin": [3.5, 5, 10], "size": [0, 2, 1], "uv": [14, 87]},
					{"origin": [3.5, 4, 11], "size": [0, 1, 1], "uv": [30, 90]},
					{"origin": [3.5, 5, 12], "size": [0, 2, 1], "uv": [10, 87]},
					{"origin": [3.5, 3, 13], "size": [0, 2, 1], "uv": [8, 87]},
					{"origin": [3.5, 5, 14], "size": [0, 2, 1], "uv": [6, 87]},
					{"origin": [3.5, 3, 15], "size": [0, 2, 1], "uv": [4, 87]},
					{"origin": [3.5, 5, 16], "size": [0, 2, 1], "uv": [2, 87]},
					{"origin": [3.5, 3, 17], "size": [0, 2, 1], "uv": [0, 87]},
					{"origin": [3.5, 5, 18], "size": [0, 2, 1], "uv": [42, 83]},
					{"origin": [3.5, 3, 19], "size": [0, 2, 1], "uv": [40, 83]},
					{"origin": [3.5, 5, 20], "size": [0, 2, 1], "uv": [38, 83]},
					{"origin": [3.5, 4, 21], "size": [0, 1, 1], "uv": [22, 90]},
					{"origin": [3.5, 5, 22], "size": [0, 2, 1], "uv": [34, 83]},
					{"origin": [3.5, 3, 23], "size": [0, 2, 1], "uv": [32, 83]},
					{"origin": [3.5, 5, 24], "size": [0, 2, 1], "uv": [14, 90]},
					{"origin": [3.5, 3, 25], "size": [0, 2, 1], "uv": [12, 90]},
					{"origin": [2.5, 5, 26], "size": [1, 2, 0], "uv": [24, 90]}
				]
			},
			{
				"name": "tail3",
				"parent": "tail",
				"pivot": [0, 0, 0],
				"rotation": [-2, 0, 0],
				"cubes": [
					{"origin": [-4.5, 5, 8], "size": [0, 2, 1], "uv": [8, 90]},
					{"origin": [-4.5, 4, 9], "size": [0, 1, 1], "uv": [26, 90]},
					{"origin": [-4.5, 5, 10], "size": [0, 2, 1], "uv": [4, 90]},
					{"origin": [-4.5, 4, 11], "size": [0, 1, 1], "uv": [28, 90]},
					{"origin": [-4.5, 5, 12], "size": [0, 2, 1], "uv": [0, 90]},
					{"origin": [-4.5, 3, 13], "size": [0, 2, 1], "uv": [30, 87]},
					{"origin": [-4.5, 5, 14], "size": [0, 2, 1], "uv": [28, 87]},
					{"origin": [-4.5, 3, 15], "size": [0, 2, 1], "uv": [26, 87]},
					{"origin": [-4.5, 5, 16], "size": [0, 2, 1], "uv": [24, 87]},
					{"origin": [-4.5, 3, 17], "size": [0, 2, 1], "uv": [22, 87]},
					{"origin": [-4.5, 5, 18], "size": [0, 2, 1], "uv": [20, 87]},
					{"origin": [-4.5, 3, 19], "size": [0, 2, 1], "uv": [16, 87]},
					{"origin": [-4.5, 5, 20], "size": [0, 2, 1], "uv": [12, 87]},
					{"origin": [-4.5, 4, 21], "size": [0, 1, 1], "uv": [16, 90]},
					{"origin": [-4.5, 5, 22], "size": [0, 2, 1], "uv": [36, 83]},
					{"origin": [-4.5, 3, 23], "size": [0, 2, 1], "uv": [10, 90]},
					{"origin": [-4.5, 5, 24], "size": [0, 2, 1], "uv": [6, 90]},
					{"origin": [-4.5, 3, 25], "size": [0, 2, 1], "uv": [2, 90]},
					{"origin": [-4.5, 5, 26], "size": [1, 2, 0], "uv": [32, 90]}
				]
			},
			{
				"name": "tail4",
				"parent": "tail",
				"pivot": [0, 0, 0],
				"cubes": [
					{"origin": [-3, 4, 26], "size": [1, 2, 0], "uv": [0, 93]},
					{"origin": [1, 4, 26], "size": [1, 2, 0], "uv": [2, 93]},
					{"origin": [-1, 4, 26], "size": [1, 2, 0], "uv": [4, 93]},
					{"origin": [0, 2, 26], "size": [1, 2, 0], "uv": [6, 93]},
					{"origin": [-2, 2, 26], "size": [1, 2, 0], "uv": [8, 93]},
					{"origin": [-4, 2, 26], "size": [1, 2, 0], "uv": [20, 90]},
					{"origin": [2, 2, 26], "size": [1, 2, 0], "uv": [10, 93]}
				]
			}
		]
	}
}