{
	"format_version": "1.10.0",
	"geometry.tart": {
		"texturewidth": 128,
		"textureheight": 128,
		"visible_bounds_width": 3,
		"visible_bounds_height": 1,
		"visible_bounds_offset": [0, 0.5, 0],
		"bones": [
			{
				"name": "leg1",
				"pivot": [0, -1, 0],
				"rotation": [-50, 0, 0],
				"cubes": [
					{"origin": [-5.5, -4.5, -7.5], "size": [3, 2, 3], "uv": [0, 73]},
					{"origin": [-5, -6, -7.5], "size": [2, 2, 2], "uv": [64, 73]},
					{"origin": [-5.5, -2.5, -6.5], "size": [1, 3, 2], "uv": [72, 73]}
				]
			},
			{
				"name": "leg1a",
				"parent": "leg1",
				"pivot": [0, -1, 0],
				"rotation": [50, 0, 0],
				"cubes": [
					{"origin": [-6, 0, -9.5], "size": [4, 2, 4], "uv": [72, 52]}
				]
			},
			{
				"name": "leg1b",
				"parent": "leg1",
				"pivot": [0, -1, 0],
				"rotation": [50, 0, 0],
				"cubes": [
					{"origin": [-6, 0, -10.5], "size": [1, 1, 1], "uv": [24, 80]},
					{"origin": [-3, 0, -10.5], "size": [1, 1, 1], "uv": [12, 78]},
					{"origin": [-4.5, 0, -10.5], "size": [1, 1, 1], "uv": [20, 80]}
				]
			},
			{
				"name": "leg2",
				"pivot": [0, -1, 0],
				"rotation": [-50, 0, 0],
				"cubes": [
					{"origin": [2.5, -4.5, -7.5], "size": [3, 2, 3], "uv": [12, 73]},
					{"origin": [3, -6, -7.5], "size": [2, 2, 2], "uv": [56, 73]},
					{"origin": [4.5, -2.5, -6.5], "size": [1, 3, 2], "uv": [0, 78]}
				]
			},
			{
				"name": "leg2a",
				"parent": "leg2",
				"pivot": [0, -1, 0],
				"rotation": [50, 0, 0],
				"cubes": [
					{"origin": [2, 0, -9.5], "size": [4, 2, 4], "uv": [56, 52]}
				]
			},
			{
				"name": "leg2b",
				"parent": "leg2",
				"pivot": [0, -1, 0],
				"rotation": [50, 0, 0],
				"cubes": [
					{"origin": [5, 0, -10.5], "size": [1, 1, 1], "uv": [12, 80]},
					{"origin": [2, 0, -10.5], "size": [1, 1, 1], "uv": [24, 78]},
					{"origin": [3.5, 0, -10.5], "size": [1, 1, 1], "uv": [16, 78]}
				]
			},
			{
				"name": "leg3",
				"pivot": [0, 0, 0],
				"cubes": [
					{"origin": [-6.5, 1, 2.6], "size": [3, 2, 3], "uv": [72, 67]},
					{"origin": [-6.5, 3, 2.6], "size": [3, 1, 2], "uv": [46, 73]}
				]
			},
			{
				"name": "leg3a",
				"parent": "leg3",
				"pivot": [0, 0, 0],
				"cubes": [
					{"origin": [-7, 0, 2], "size": [4, 1, 4], "uv": [46, 60]},
					{"origin": [-7, 0.5, 2], "size": [4, 1, 3], "uv": [58, 67]}
				]
			},
			{
				"name": "leg3b",
				"parent": "leg3",
				"pivot": [0, -1, 0],
				"cubes": [
					{"origin": [-7, 0, 1], "size": [1, 1, 1], "uv": [16, 80]},
					{"origin": [-4, 0, 1], "size": [1, 1, 1], "uv": [20, 78]},
					{"origin": [-5.5, 0, 1], "size": [1, 1, 1], "uv": [28, 78]}
				]
			},
			{
				"name": "leg4",
				"pivot": [0, 0, 0],
				"cubes": [
					{"origin": [3.5, 1, 2.6], "size": [3, 2, 3], "uv": [24, 73]},
					{"origin": [3.5, 3, 2.6], "size": [3, 1, 2], "uv": [36, 73]}
				]
			},
			{
				"name": "leg3a2",
				"parent": "leg4",
				"pivot": [0, 0, 0],
				"cubes": [
					{"origin": [3, 0, 2], "size": [4, 1, 4], "uv": [0, 67]},
					{"origin": [3, 0.5, 2], "size": [4, 1, 3], "uv": [44, 67]}
				]
			},
			{
				"name": "leg3b2",
				"parent": "leg4",
				"pivot": [0, -1, 0],
				"cubes": [
					{"origin": [6, 0, 1], "size": [1, 1, 1], "uv": [32, 80]},
					{"origin": [3, 0, 1], "size": [1, 1, 1], "uv": [28, 80]},
					{"origin": [4.5, 0, 1], "size": [1, 1, 1], "uv": [32, 78]}
				]
			},
			{
				"name": "body",
				"pivot": [0, -1, 0],
				"cubes": [
					{"origin": [-5, 3, -7], "size": [10, 3, 14], "uv": [0, 0]},
					{"origin": [-6, 3, -6], "size": [12, 2, 12], "uv": [48, 0]},
					{"origin": [-4.5, 5, -5], "size": [9, 4, 10], "uv": [0, 17]},
					{"origin": [-5.8, 4.9, -5], "size": [2, 3, 10], "uv": [70, 17]},
					{"origin": [3.8, 4.9, -5], "size": [2, 3, 10], "uv": [24, 31]},
					{"origin": [-5, 4.9, 4.3], "size": [10, 3, 2], "uv": [50, 44]},
					{"origin": [-5, 4.9, -6.3], "size": [10, 3, 2], "uv": [26, 44]},
					{"origin": [-5, 1, -5], "size": [10, 3, 6], "uv": [38, 17]},
					{"origin": [-4, 1.5, 1], "size": [8, 3, 5], "uv": [0, 44]}
				]
			},
			{
				"name": "body2",
				"parent": "body",
				"pivot": [0, -1, 0],
				"rotation": [0, 0, -30],
				"cubes": [
					{"origin": [-0.5, 6.7, -5], "size": [2, 3, 10], "uv": [0, 31]}
				]
			},
			{
				"name": "body3",
				"parent": "body",
				"pivot": [0, -1, 0],
				"rotation": [0, 0, 30],
				"cubes": [
					{"origin": [-1.5, 6.7, -5], "size": [2, 3, 10], "uv": [48, 31]}
				]
			},
			{
				"name": "body4",
				"parent": "body",
				"pivot": [0, -1, 0],
				"rotation": [-30, 0, 0],
				"cubes": [
					{"origin": [-4, 7, -1], "size": [8, 3, 2], "uv": [0, 52]}
				]
			},
			{
				"name": "body5",
				"parent": "body",
				"pivot": [0, -1, 0],
				"rotation": [30, 0, 0],
				"cubes": [
					{"origin": [-4, 7, -1], "size": [8, 3, 2], "uv": [20, 52]}
				]
			},
			{
				"name": "head",
				"pivot": [0, 0, 0],
				"cubes": [
					{"origin": [-3, 3.5, -9], "size": [6, 4, 4], "uv": [74, 44]},
					{"origin": [-2.5, 3, -8], "size": [5, 5, 3], "uv": [40, 52]}
				]
			},
			{
				"name": "head2",
				"parent": "head",
				"pivot": [0, 0, 0],
				"cubes": [
					{"origin": [-2.5, 4.5, -12], "size": [5, 3, 3], "uv": [0, 60]},
					{"origin": [-2, 5, -14], "size": [4, 3, 3], "uv": [16, 67]},
					{"origin": [-2, 3.5, -13], "size": [4, 1, 4], "uv": [30, 60]},
					{"origin": [-1, 4.5, -14.2], "size": [2, 1, 1], "uv": [6, 80]}
				]
			},
			{
				"name": "tail",
				"pivot": [0, -1, 0],
				"cubes": [
					{"origin": [-2, 1.5, 5], "size": [4, 3, 3], "uv": [30, 67]}
				]
			},
			{
				"name": "tail2",
				"parent": "tail",
				"pivot": [0, -1, 0],
				"rotation": [-10, 0, 0],
				"cubes": [
					{"origin": [-1, 3, 7], "size": [2, 2, 5], "uv": [16, 60]}
				]
			},
			{
				"name": "tail3",
				"parent": "tail",
				"pivot": [0, -1, 0],
				"cubes": [
					{"origin": [-1, 1, 12], "size": [2, 2, 5], "uv": [62, 60]},
					{"origin": [-1, 1.5, 17], "size": [2, 1, 1], "uv": [6, 78]}
				]
			}
		]
	}
}