{
	"format_version": "1.10.0",
	"geometry.tatu": {
		"texturewidth": 64,
		"textureheight": 64,
		"visible_bounds_width": 2,
		"visible_bounds_height": 1,
		"visible_bounds_offset": [0, 0.5, 0],
		"bones": [
			{
				"name": "body",
				"pivot": [0, 0, 0],
				"cubes": [
					{"origin": [-2, 2, -4], "size": [5, 5, 7], "uv": [0, 0]},
					{"origin": [-2, 2, 3], "size": [5, 4, 4], "uv": [24, 0]}
				]
			},
			{
				"name": "tail",
				"pivot": [0, 0, 0],
				"rotation": [-15, 0, 0],
				"cubes": [
					{"origin": [0, 4, 5], "size": [1, 1, 5], "uv": [14, 12]}
				]
			},
			{
				"name": "head",
				"pivot": [0, 0, 0],
				"cubes": [
					{"origin": [-1, 2, -8], "size": [3, 3, 4], "uv": [0, 12]}
				]
			},
			{
				"name": "head1",
				"parent": "head",
				"pivot": [0, 0, 0],
				"cubes": [
					{"origin": [1, 5, -5], "size": [1, 1, 1], "uv": [8, 26]},
					{"origin": [-1, 5, -5], "size": [1, 1, 1], "uv": [8, 24]}
				]
			},
			{
				"name": "leg0",
				"pivot": [0, 0, 0],
				"cubes": [
					{"origin": [1, 0, -3], "size": [2, 3, 2], "uv": [0, 24]}
				]
			},
			{
				"name": "leg1",
				"pivot": [0, 0, 0],
				"cubes": [
					{"origin": [-2, 0, -3], "size": [2, 3, 2], "uv": [16, 19]}
				]
			},
			{
				"name": "leg2",
				"pivot": [0, 0, 0],
				"cubes": [
					{"origin": [-2, 0, 5], "size": [2, 3, 2], "uv": [8, 19]}
				]
			},
			{
				"name": "leg3",
				"pivot": [0, 0, 0],
				"cubes": [
					{"origin": [1, 0, 5], "size": [2, 3, 2], "uv": [0, 19]}
				]
			}
		]
	}
}