{
	"format_version": "1.10.0",
	"geometry.tigershark": {
		"texturewidth": 128,
		"textureheight": 128,
		"visible_bounds_width": 5,
		"visible_bounds_height": 2,
		"visible_bounds_offset": [0, 1, 0],
		"bones": [
			{
				"name": "tail",
				"pivot": [0, 4, 13]
			},
			{
				"name": "topfin",
				"parent": "tail",
				"pivot": [1, 7.2608, 17.84564],
				"rotation": [22.5, 0, 0],
				"cubes": [
					{"origin": [-0.5, 4.7608, 13.34564], "size": [1, 4, 5], "uv": [39, 45]}
				]
			},
			{
				"name": "bottomfin",
				"parent": "tail",
				"pivot": [1, 2.2608, 17.84564],
				"rotation": [-22.5, 0, 0],
				"cubes": [
					{"origin": [-0.5, -0.2392, 15.34564], "size": [1, 4, 3], "uv": [0, 48]}
				]
			},
			{
				"name": "tailbase",
				"parent": "tail",
				"pivot": [8, 0, -5],
				"cubes": [
					{"origin": [-3, 1, 10], "size": [6, 6, 10], "uv": [0, 32]}
				]
			},
			{
				"name": "tail2",
				"parent": "tail",
				"pivot": [0, 4, 20]
			},
			{
				"name": "fin2",
				"parent": "tail2",
				"pivot": [0, 0, 25.5],
				"rotation": [22.5, 0, 0],
				"cubes": [
					{"origin": [-1, -4, 24], "size": [2, 8, 3], "uv": [40, 12]}
				]
			},
			{
				"name": "fin",
				"parent": "tail2",
				"pivot": [0, 7.5, 25.5],
				"rotation": [-22.5, 0, 0],
				"cubes": [
					{"origin": [-1, 2, 24], "size": [2, 11, 3], "uv": [29, 45]}
				]
			},
			{
				"name": "tailbase2",
				"parent": "tail2",
				"pivot": [7, 0, -5],
				"cubes": [
					{"origin": [-2, 2, 20], "size": [4, 4, 4], "uv": [0, 8]}
				]
			},
			{
				"name": "body",
				"pivot": [8, 0, -5]
			},
			{
				"name": "finbottom",
				"parent": "body",
				"pivot": [3, 0.2608, 10.84564],
				"rotation": [-22.5, 0, 0],
				"cubes": [
					{"origin": [1.5, -1.698, 7.03908], "size": [1, 4, 4], "uv": [0, 32]}
				]
			},
			{
				"name": "finbottom2",
				"parent": "body",
				"pivot": [-1, 0.2608, 10.84564],
				"rotation": [-22.5, 0, 0],
				"cubes": [
					{"origin": [-2.5, -1.698, 7.03908], "size": [1, 4, 4], "uv": [0, 16]}
				]
			},
			{
				"name": "sharkfin",
				"parent": "body",
				"pivot": [-3.34315, 1.8255, -1.0349],
				"rotation": [0, 0, -45],
				"cubes": [
					{"origin": [-10.97709, 1.70624, -3], "size": [8, 1, 5], "uv": [40, 6]}
				]
			},
			{
				"name": "sharkfin2",
				"parent": "body",
				"pivot": [3.34315, 1.8255, -1.0349],
				"rotation": [0, 0, 45],
				"cubes": [
					{"origin": [2.26999, 1.41334, -3], "size": [8, 1, 5], "uv": [40, 0]}
				]
			},
			{
				"name": "bodybase",
				"parent": "body",
				"pivot": [8, 0, -5],
				"cubes": [
					{"origin": [-4, 0, -11], "size": [8, 8, 24], "uv": [0, 0]}
				]
			},
			{
				"name": "dorsaldfin",
				"parent": "body",
				"pivot": [0, 10, 1.5],
				"rotation": [-22.5, 0, 0],
				"cubes": [
					{"origin": [-0.5, 6, -1], "size": [1, 7, 5], "uv": [11, 11]}
				]
			},
			{
				"name": "head",
				"pivot": [0, 4, -11]
			},
			{
				"name": "jaw",
				"parent": "head",
				"pivot": [7, 0, -5],
				"cubes": [
					{"origin": [-3, 0, -17], "size": [6, 2, 6], "uv": [0, 0]}
				]
			},
			{
				"name": "headbase",
				"parent": "head",
				"pivot": [7, 0, -5],
				"cubes": [
					{"origin": [-3, 2, -18], "size": [6, 6, 7], "uv": [32, 32]},
					{"origin": [-2, 2, -20], "size": [4, 5, 2], "uv": [22, 32]},
					{"origin": [-3.2, 5, -16], "size": [6.5, 1, 2], "uv": [80, 0]}
				]
			}
		]
	}
}