{
	"format_version": "1.10.0",
	"geometry.tigreb": {
		"texturewidth": 128,
		"textureheight": 128,
		"visible_bounds_width": 3,
		"visible_bounds_height": 2,
		"visible_bounds_offset": [0, 1, 0],
		"bones": [
			{
				"name": "leg1",
				"pivot": [1, 0, 0],
				"cubes": [
					{"origin": [-6, 0, 4.3], "size": [3, 2, 4], "uv": [44, 48]}
				]
			},
			{
				"name": "leg1a",
				"parent": "leg1",
				"pivot": [1, 0, 0],
				"rotation": [-10, 0, 0],
				"cubes": [
					{"origin": [-5.5, 2, 6], "size": [2, 4, 2], "uv": [54, 64]}
				]
			},
			{
				"name": "leg1b",
				"parent": "leg1",
				"pivot": [1, 0, 0],
				"rotation": [15, 0, 0],
				"cubes": [
					{"origin": [-6, 1, 7.4], "size": [3, 6, 3], "uv": [20, 48]}
				]
			},
			{
				"name": "leg1c",
				"parent": "leg1",
				"pivot": [1, 0, 0],
				"rotation": [-12, 0, 0],
				"cubes": [
					{"origin": [-6.5, 9, 2.4], "size": [4, 5, 5], "uv": [0, 38]}
				]
			},
			{
				"name": "leg2",
				"pivot": [-4, 0, 0],
				"cubes": [
					{"origin": [0, 0, 4.3], "size": [3, 2, 4], "uv": [58, 48]}
				]
			},
			{
				"name": "leg2a",
				"parent": "leg2",
				"pivot": [-4, 0, 0],
				"rotation": [-10, 0, 0],
				"cubes": [
					{"origin": [0.5, 2, 6], "size": [2, 4, 2], "uv": [0, 71]}
				]
			},
			{
				"name": "leg2b",
				"parent": "leg2",
				"pivot": [-4, 0, 0],
				"rotation": [15, 0, 0],
				"cubes": [
					{"origin": [0, 1, 7.4], "size": [3, 6, 3], "uv": [32, 48]}
				]
			},
			{
				"name": "leg2c",
				"parent": "leg2",
				"pivot": [-4, 0, 0],
				"rotation": [-12, 0, 0],
				"cubes": [
					{"origin": [-0.5, 9, 2.4], "size": [4, 5, 5], "uv": [64, 28]}
				]
			},
			{
				"name": "leg3",
				"pivot": [1, 0, -13],
				"cubes": [
					{"origin": [-6, 0, -8], "size": [3, 2, 3], "uv": [36, 57]}
				]
			},
			{
				"name": "leg3a",
				"parent": "leg3",
				"pivot": [1, 0, -13],
				"rotation": [-10, 0, 0],
				"cubes": [
					{"origin": [-5.5, 1.4, -7], "size": [2, 5, 2], "uv": [26, 64]}
				]
			},
			{
				"name": "leg3b",
				"parent": "leg3",
				"pivot": [1, 0, -13],
				"rotation": [15, 0, 0],
				"cubes": [
					{"origin": [-6, 2, -5], "size": [3, 4, 3], "uv": [0, 57]}
				]
			},
			{
				"name": "leg3c",
				"parent": "leg3",
				"pivot": [1, 0, -13],
				"cubes": [
					{"origin": [-6.5, 7, -7], "size": [4, 6, 4], "uv": [38, 38]}
				]
			},
			{
				"name": "leg4",
				"pivot": [-4, 0, -13],
				"cubes": [
					{"origin": [0, 0, -8], "size": [3, 2, 3], "uv": [48, 57]}
				]
			},
			{
				"name": "leg4a",
				"parent": "leg4",
				"pivot": [-4, 0, -13],
				"rotation": [-10, 0, 0],
				"cubes": [
					{"origin": [0.5, 1.4, -7], "size": [2, 5, 2], "uv": [10, 64]}
				]
			},
			{
				"name": "leg4b",
				"parent": "leg4",
				"pivot": [-4, 0, -13],
				"rotation": [15, 0, 0],
				"cubes": [
					{"origin": [0, 2, -5], "size": [3, 4, 3], "uv": [12, 57]}
				]
			},
			{
				"name": "leg4c",
				"parent": "leg4",
				"pivot": [-4, 0, -13],
				"cubes": [
					{"origin": [-0.5, 7, -7], "size": [4, 5, 4], "uv": [54, 38]}
				]
			},
			{
				"name": "body",
				"pivot": [0, 1, 0],
				"cubes": [
					{"origin": [-6, 11.3, 4.5], "size": [9, 4, 5], "uv": [58, 0]},
					{"origin": [-5.5, 8, 4.5], "size": [8, 6, 5], "uv": [0, 16]},
					{"origin": [-6, 10.5, -6.5], "size": [9, 5, 4], "uv": [50, 16]}
				]
			},
			{
				"name": "body2",
				"parent": "body",
				"pivot": [0, 1, 0],
				"cubes": [
					{"origin": [-5.5, 7, 0.5], "size": [8, 8, 4], "uv": [26, 16]},
					{"origin": [-5.5, 7, -7.5], "size": [8, 8, 8], "uv": [0, 0]}
				]
			},
			{
				"name": "body3",
				"parent": "body",
				"pivot": [0, 1, 0],
				"rotation": [-10, 0, 0],
				"cubes": [
					{"origin": [-5, 6.6, -10], "size": [7, 7, 6], "uv": [32, 0]}
				]
			},
			{
				"name": "head",
				"pivot": [0, 0, -2],
				"rotation": [-30, 0, 0],
				"cubes": [
					{"origin": [-4, 6, -16], "size": [5, 4, 6], "uv": [22, 28]}
				]
			},
			{
				"name": "head2",
				"parent": "head",
				"pivot": [0, 0, -2],
				"rotation": [-20, 0, 0],
				"cubes": [
					{"origin": [-3.5, 0.5, -18.5], "size": [4, 2, 6], "uv": [18, 38]}
				]
			},
			{
				"name": "head3",
				"parent": "head",
				"pivot": [0, 0, -2],
				"rotation": [-45, 0, 0],
				"cubes": [
					{"origin": [-4.5, -3, -21], "size": [6, 1, 4], "uv": [0, 48]},
					{"origin": [-4.5, -8, -22], "size": [6, 5, 5], "uv": [0, 28]}
				]
			},
			{
				"name": "head4",
				"parent": "head",
				"pivot": [0, 0, -2],
				"rotation": [-30, 0, 0],
				"cubes": [
					{"origin": [-3.5, -5.5, -21], "size": [4, 3, 2], "uv": [24, 57]},
					{"origin": [-2.5, -6, -21.1], "size": [2, 1, 1], "uv": [8, 77]},
					{"origin": [-2, -5.9, -20.1], "size": [1, 1, 1], "uv": [8, 79]}
				]
			},
			{
				"name": "head5",
				"parent": "head",
				"pivot": [0, 0, -2],
				"rotation": [-30, 0, 0],
				"cubes": [
					{"origin": [-3, -5, -19], "size": [3, 4, 1], "uv": [32, 71]}
				]
			},
			{
				"name": "head6",
				"parent": "head",
				"pivot": [0, 0, -2],
				"rotation": [-50, 40, 5],
				"cubes": [
					{"origin": [5.5, -5.5, -22], "size": [2, 1, 3], "uv": [44, 64]}
				]
			},
			{
				"name": "head7",
				"parent": "head6",
				"pivot": [0, 0, -2],
				"cubes": [
					{"origin": [6.5, -6.5, -22], "size": [1, 1, 3], "uv": [0, 77]}
				]
			},
			{
				"name": "head8",
				"parent": "head",
				"pivot": [-3, 0, -2],
				"rotation": [-50, -40, -5],
				"cubes": [
					{"origin": [-10.5, -5.5, -22], "size": [2, 1, 3], "uv": [34, 64]}
				]
			},
			{
				"name": "head9",
				"parent": "head8",
				"pivot": [-3, 0, -2],
				"cubes": [
					{"origin": [-10.5, -6.5, -22], "size": [1, 1, 3], "uv": [56, 71]}
				]
			},
			{
				"name": "head10",
				"parent": "head",
				"pivot": [0, 0, -2],
				"rotation": [-50, 20, 15],
				"cubes": [
					{"origin": [3.5, -8, -18.4], "size": [2, 3, 3], "uv": [60, 57]}
				]
			},
			{
				"name": "head11",
				"parent": "head",
				"pivot": [0, 0, -2],
				"rotation": [-50, -20, -15],
				"cubes": [
					{"origin": [-8.3, -6.7, -18.4], "size": [2, 3, 3], "uv": [0, 64]}
				]
			},
			{
				"name": "head12",
				"parent": "head",
				"pivot": [0, 0, -2],
				"rotation": [-5, 0, 0],
				"cubes": [
					{"origin": [-3, 3, -21.5], "size": [3, 4, 1], "uv": [24, 71]}
				]
			},
			{
				"name": "tail",
				"pivot": [0, 1, 0],
				"cubes": [
					{"origin": [-5.5, 8.5, 9], "size": [8, 6, 2], "uv": [44, 28]}
				]
			},
			{
				"name": "tail2",
				"parent": "tail",
				"pivot": [0, 1, 0],
				"rotation": [25, 0, 0],
				"cubes": [
					{"origin": [-2.5, 4.5, 13], "size": [2, 3, 2], "uv": [40, 71]}
				]
			},
			{
				"name": "tail3",
				"parent": "tail",
				"pivot": [0, 1, 0],
				"rotation": [15, 0, 0],
				"cubes": [
					{"origin": [-2.5, 2.5, 12], "size": [2, 5, 2], "uv": [18, 64]}
				]
			},
			{
				"name": "tail4",
				"parent": "tail",
				"pivot": [0, 1, 0],
				"rotation": [25, 0, 0],
				"cubes": [
					{"origin": [-2.5, -2.5, 12.06], "size": [2, 3, 2], "uv": [48, 71]}
				]
			},
			{
				"name": "tail5",
				"parent": "tail",
				"pivot": [0, 1, 0],
				"rotation": [55, 0, 0],
				"cubes": [
					{"origin": [-2.5, -11.1, 8.7], "size": [2, 3, 2], "uv": [16, 71]}
				]
			},
			{
				"name": "tail6",
				"parent": "tail",
				"pivot": [0, 1, 0],
				"rotation": [90, 0, 0],
				"cubes": [
					{"origin": [-2.5, -17.9, 0.1], "size": [2, 4, 2], "uv": [8, 71]}
				]
			}
		]
	}
}