{
	"format_version": "1.10.0",
	"geometry.toupeira": {
		"texturewidth": 128,
		"textureheight": 128,
		"visible_bounds_width": 3,
		"visible_bounds_height": 1,
		"visible_bounds_offset": [0, 0.5, 0],
		"bones": [
			{
				"name": "body",
				"pivot": [0, -6, -3],
				"cubes": [
					{"origin": [-4, -6, -6], "size": [8, 7, 11], "uv": [0, 0]},
					{"origin": [-4, 1, -6], "size": [8, 1, 12], "uv": [38, 0]},
					{"origin": [-4.5, -5.8, -7], "size": [9, 7, 4], "uv": [0, 30]},
					{"origin": [-4.5, -5.8, 3], "size": [9, 7, 5], "uv": [0, 18]},
					{"origin": [-3.5, -5.5, 7], "size": [7, 6, 2], "uv": [26, 30]}
				]
			},
			{
				"name": "head",
				"pivot": [0, -6, -3],
				"rotation": [2, 0, 0],
				"cubes": [
					{"origin": [-3.5, -5, -12], "size": [7, 6, 6], "uv": [56, 18]}
				]
			},
			{
				"name": "head1",
				"parent": "head",
				"pivot": [0, -6, -3],
				"rotation": [10, 0, 0],
				"cubes": [
					{"origin": [-2, -2, -13], "size": [4, 2, 3], "uv": [32, 49]},
					{"origin": [-1, -0.3, -12], "size": [2, 1, 2], "uv": [0, 64]},
					{"origin": [-1.5, -2, -15], "size": [3, 2, 2], "uv": [50, 59]}
				]
			},
			{
				"name": "head2",
				"parent": "head",
				"pivot": [0, -6, -3],
				"rotation": [10, 0, 0],
				"cubes": [
					{"origin": [-1.5, -3, -13], "size": [3, 1, 3], "uv": [60, 49]},
					{"origin": [-1, -2.5, -14.5], "size": [2, 1, 2], "uv": [60, 59]}
				]
			},
			{
				"name": "tail",
				"pivot": [0, -6, -3],
				"rotation": [-5, 0, 0],
				"cubes": [
					{"origin": [-3, -4, 8], "size": [6, 4, 2], "uv": [64, 41]},
					{"origin": [-2.5, -2.5, 10], "size": [5, 2, 9], "uv": [28, 18]}
				]
			},
			{
				"name": "tail1",
				"parent": "tail",
				"pivot": [0, -6, -3],
				"rotation": [-2, 0, 0],
				"cubes": [
					{"origin": [-2, -1.5, 18], "size": [4, 1, 3], "uv": [46, 49]}
				]
			},
			{
				"name": "leg0",
				"pivot": [-2, -4, -3],
				"rotation": [0, 0, 50],
				"cubes": [
					{"origin": [0, -2, -6.5], "size": [4, 4, 4], "uv": [44, 30]}
				]
			},
			{
				"name": "leg0a",
				"parent": "leg0",
				"pivot": [-2, -4, -3],
				"rotation": [0, 0, 10],
				"cubes": [
					{"origin": [-1, -0.5, -6], "size": [6, 2, 3], "uv": [18, 41]},
					{"origin": [4, 0, -7], "size": [1, 1, 4], "uv": [10, 59]},
					{"origin": [4, -1.3, -7], "size": [1, 1, 4], "uv": [0, 59]},
					{"origin": [4, 1.3, -7], "size": [1, 1, 4], "uv": [60, 54]}
				]
			},
			{
				"name": "leg3",
				"pivot": [-2, -4, -3],
				"rotation": [0, 0, 50],
				"cubes": [
					{"origin": [0, -2, 3.5], "size": [3, 4, 4], "uv": [50, 41]}
				]
			},
			{
				"name": "leg3a",
				"parent": "leg3",
				"pivot": [-2, -4, -3],
				"rotation": [0, -15, 20],
				"cubes": [
					{"origin": [0, 0.5, 2.7], "size": [5, 2, 3], "uv": [0, 49]},
					{"origin": [4, 1, 1.7], "size": [1, 1, 4], "uv": [20, 54]},
					{"origin": [4, 2.3, 1.7], "size": [1, 1, 4], "uv": [10, 54]},
					{"origin": [4, -0.3, 1.7], "size": [1, 1, 4], "uv": [0, 54]}
				]
			},
			{
				"name": "leg1",
				"pivot": [2, -4, -3],
				"rotation": [0, 0, -50],
				"cubes": [
					{"origin": [-4, -2, -6.5], "size": [4, 4, 4], "uv": [60, 30]}
				]
			},
			{
				"name": "leg1a",
				"parent": "leg1",
				"pivot": [2, -4, -3],
				"rotation": [0, 0, -10],
				"cubes": [
					{"origin": [-5, -0.5, -6], "size": [6, 2, 3], "uv": [0, 41]},
					{"origin": [-5, 0, -7], "size": [1, 1, 4], "uv": [20, 59]},
					{"origin": [-5, -1.3, -7], "size": [1, 1, 4], "uv": [40, 54]},
					{"origin": [-5, 1.3, -7], "size": [1, 1, 4], "uv": [30, 54]}
				]
			},
			{
				"name": "leg2",
				"pivot": [2, -4, -3],
				"rotation": [0, 0, -50],
				"cubes": [
					{"origin": [-3, -2, 3.5], "size": [3, 4, 4], "uv": [36, 41]}
				]
			},
			{
				"name": "leg2a",
				"parent": "leg2",
				"pivot": [2, -4, -3],
				"rotation": [0, 15, -15],
				"cubes": [
					{"origin": [-5.2, 0.5, 2.7], "size": [5, 2, 3], "uv": [16, 49]},
					{"origin": [-5.2, 1, 1.7], "size": [1, 1, 4], "uv": [30, 59]},
					{"origin": [-5.2, 2.3, 1.7], "size": [1, 1, 4], "uv": [40, 59]},
					{"origin": [-5.2, -0.3, 1.7], "size": [1, 1, 4], "uv": [50, 54]}
				]
			}
		]
	}
}