{
	"format_version": "1.10.0",
	"geometry.tubarao_baleia": {
		"texturewidth": 256,
		"textureheight": 256,
		"visible_bounds_width": 7,
		"visible_bounds_height": 2,
		"visible_bounds_offset": [0, 1, 0],
		"bones": [
			{
				"name": "body",
				"pivot": [0, -10, -6],
				"cubes": [
					{"origin": [-9, 1, -9], "size": [17, 10, 8], "uv": [0, 43]}
				]
			},
			{
				"name": "body2",
				"parent": "body",
				"pivot": [0, -5, 0],
				"rotation": [-2, 0, 0],
				"cubes": [
					{"origin": [-8, 0.5, -3], "size": [15, 11, 13], "uv": [0, 0]}
				]
			},
			{
				"name": "body3",
				"parent": "body",
				"pivot": [0, -5, 0],
				"cubes": [
					{"origin": [-7.5, 0.7, 9], "size": [14, 10, 12], "uv": [56, 0]}
				]
			},
			{
				"name": "body_fin",
				"parent": "body",
				"pivot": [0, -5, 0],
				"rotation": [-45, 0, 0],
				"cubes": [
					{"origin": [-2, 13, -3], "size": [3, 10, 6], "uv": [24, 76]},
					{"origin": [-1, 23, -2], "size": [1, 2, 4], "uv": [42, 93]}
				]
			},
			{
				"name": "body_left_fin",
				"parent": "body",
				"pivot": [4, -14.5, -3],
				"rotation": [-6.25, -28.125, 39.375],
				"cubes": [
					{"origin": [-7.5, 1, -5.5], "size": [13, 2, 6], "uv": [70, 61]},
					{"origin": [5.5, 1.5, -4.5], "size": [3, 1, 5], "uv": [0, 93]},
					{"origin": [8.5, 1.5, -3.5], "size": [1, 1, 4], "uv": [52, 93]}
				]
			},
			{
				"name": "body_rigth_fin",
				"parent": "body",
				"pivot": [-4, -14.5, -3],
				"rotation": [-6.25, 28.125, -39.375],
				"cubes": [
					{"origin": [-6.5, 1, -5.5], "size": [13, 2, 6], "uv": [32, 61]},
					{"origin": [-9.5, 1.5, -4.5], "size": [3, 1, 5], "uv": [16, 93]},
					{"origin": [-10.5, 1.5, -3.5], "size": [1, 1, 4], "uv": [62, 93]}
				]
			},
			{
				"name": "neck",
				"parent": "body",
				"pivot": [0, -10, -5],
				"rotation": [3, 0, 0],
				"cubes": [
					{"origin": [-8.5, 1.5, -13], "size": [16, 9, 10], "uv": [0, 24]}
				]
			},
			{
				"name": "jaw_lower",
				"parent": "neck",
				"pivot": [0, -14.5, -13],
				"rotation": [-11.25, 0, 0],
				"cubes": [
					{"origin": [-6.5, 1.5, -26], "size": [12, 4, 11], "uv": [50, 43]}
				]
			},
			{
				"name": "jaw_up",
				"parent": "neck",
				"pivot": [0, -5.5, -13],
				"rotation": [6.25, 0, 0],
				"cubes": [
					{"origin": [-7, 5.5, -22], "size": [13, 4, 13], "uv": [52, 24]}
				]
			},
			{
				"name": "tail_1",
				"parent": "body",
				"pivot": [0, -4, 20],
				"rotation": [-4.5, 0, 0],
				"cubes": [
					{"origin": [-6.5, 1.5, 20], "size": [12, 9, 8], "uv": [96, 43]}
				]
			},
			{
				"name": "tail_2",
				"parent": "tail_1",
				"pivot": [0, -4, 28],
				"cubes": [
					{"origin": [-4.5, 2.5, 28], "size": [8, 7, 8], "uv": [0, 61]}
				]
			},
			{
				"name": "tail_2_fin",
				"parent": "tail_2",
				"pivot": [0, -0.5, 32],
				"rotation": [-45, 0, 0],
				"cubes": [
					{"origin": [-2, 1.5, 28], "size": [3, 5, 5], "uv": [76, 76]},
					{"origin": [-1.5, 5.5, 26], "size": [2, 5, 3], "uv": [32, 93]}
				]
			},
			{
				"name": "tail_3",
				"parent": "tail_2",
				"pivot": [0, -4, 36],
				"rotation": [-5, 0, 0],
				"cubes": [
					{"origin": [-2.5, 3.5, 35], "size": [4, 5, 8], "uv": [0, 76]}
				]
			},
			{
				"name": "tail_3_fins",
				"parent": "tail_3",
				"pivot": [0, -4, 44],
				"rotation": [-36.875, 0, 0],
				"cubes": [
					{"origin": [-1.5, 1, 37], "size": [2, 5, 8], "uv": [42, 76]},
					{"origin": [-1.5, 2, 34], "size": [2, 12, 5], "uv": [62, 76]}
				]
			}
		]
	}
}