{
	"format_version": "1.10.0",
	"geometry.tubarao": {
		"texturewidth": 128,
		"textureheight": 128,
		"visible_bounds_width": 5,
		"visible_bounds_height": 2,
		"visible_bounds_offset": [0, 1, 0],
		"bones": [
			{
				"name": "body",
				"pivot": [0, -5, -6],
				"cubes": [
					{"origin": [-4, 0, -6], "size": [8, 10, 12], "uv": [0, 0]}
				]
			},
			{
				"name": "body_fin",
				"parent": "body",
				"pivot": [0, 0, 0],
				"rotation": [-45, 0, 0],
				"cubes": [
					{"origin": [-1, 5, -9], "size": [2, 10, 6], "uv": [14, 65]}
				]
			},
			{
				"name": "body_left_fin",
				"parent": "body",
				"pivot": [4, -9.5, -3],
				"rotation": [33.75, -28.125, 39.375],
				"cubes": [
					{"origin": [-6.5, -2, -1.5], "size": [10, 1, 5], "uv": [0, 45]}
				]
			},
			{
				"name": "body_right_fin",
				"parent": "body",
				"pivot": [-4, -9.5, -3],
				"rotation": [33.75, 28.125, -39.375],
				"cubes": [
					{"origin": [-3, -2, -1], "size": [10, 1, 5], "uv": [0, 39]}
				]
			},
			{
				"name": "neck",
				"parent": "body",
				"pivot": [0, -5, -6],
				"cubes": [
					{"origin": [-3.5, 0.5, -14], "size": [7, 9, 8], "uv": [40, 0]}
				]
			},
			{
				"name": "jaw_lower",
				"parent": "neck",
				"pivot": [0, -9.5, -14],
				"rotation": [-11.25, 0, 0],
				"cubes": [
					{"origin": [-2.5, 0.5, -23], "size": [5, 3, 7], "uv": [22, 52]}
				]
			},
			{
				"name": "jaw_up",
				"parent": "neck",
				"pivot": [0, -0.5, -14],
				"rotation": [11.25, 0, 0],
				"cubes": [
					{"origin": [-3, 4.5, -21], "size": [6, 5, 9], "uv": [30, 22]}
				]
			},
			{
				"name": "tail_1",
				"parent": "body",
				"pivot": [0, -5, 6],
				"cubes": [
					{"origin": [-3.5, 0.5, 6], "size": [7, 9, 8], "uv": [0, 22]}
				]
			},
			{
				"name": "tail_2",
				"parent": "tail_1",
				"pivot": [0, -5, 14],
				"cubes": [
					{"origin": [-2.5, 1.5, 14], "size": [5, 7, 8], "uv": [60, 22]}
				]
			},
			{
				"name": "tail_2_fin",
				"parent": "tail_2",
				"pivot": [0, -1.5, 18],
				"rotation": [-45, 0, 0],
				"cubes": [
					{"origin": [-1.5, 0.5, 14], "size": [3, 5, 8], "uv": [30, 39]},
					{"origin": [-1, 4.5, 12], "size": [2, 5, 3], "uv": [30, 65]}
				]
			},
			{
				"name": "tail_3",
				"parent": "tail_2",
				"pivot": [0, -5, 22],
				"cubes": [
					{"origin": [-1.5, 2.5, 22], "size": [3, 5, 8], "uv": [0, 52]}
				]
			},
			{
				"name": "tail_3_fins",
				"parent": "tail_3",
				"pivot": [0, -5, 30],
				"rotation": [-61.875, 0, 0],
				"cubes": [
					{"origin": [-1, -4, 20], "size": [2, 5, 8], "uv": [46, 52]},
					{"origin": [-1, -3, 17], "size": [2, 14, 5], "uv": [0, 65]}
				]
			}
		]
	}
}