{
	"format_version": "1.10.0",
	"geometry.tucano": {
		"texturewidth": 64,
		"textureheight": 64,
		"visible_bounds_width": 2,
		"visible_bounds_height": 1,
		"visible_bounds_offset": [0, 0.5, 0],
		"bones": [
			{
				"name": "leg1",
				"pivot": [0, 0, 0],
				"cubes": [
					{"origin": [-1, 0, 3], "size": [1, 2, 1], "uv": [16, 29]},
					{"origin": [-1, 0, 1], "size": [1, 0, 1], "uv": [20, 29]},
					{"origin": [-1, 0, 2], "size": [2, 0, 2], "uv": [22, 25]}
				]
			},
			{
				"name": "leg0",
				"pivot": [0, 0, 0],
				"cubes": [
					{"origin": [-3, 0, 3], "size": [1, 2, 1], "uv": [12, 29]},
					{"origin": [-4, 0, 2], "size": [2, 0, 2], "uv": [0, 29]},
					{"origin": [-3, 0, 1], "size": [1, 0, 1], "uv": [20, 30]}
				]
			},
			{
				"name": "wing1",
				"pivot": [0, 0, 0],
				"rotation": [-20, 0, 0],
				"cubes": [
					{"origin": [0, 4, -2], "size": [1, 3, 6], "uv": [14, 0]},
					{"origin": [0, 5, 4], "size": [1, 2, 2], "uv": [16, 25]}
				]
			},
			{
				"name": "wing0",
				"pivot": [0, 0, 0],
				"rotation": [-20, 0, 0],
				"cubes": [
					{"origin": [-4, 4, -2], "size": [1, 3, 6], "uv": [0, 0]},
					{"origin": [-4, 5, 4], "size": [1, 2, 2], "uv": [10, 25]}
				]
			},
			{
				"name": "body",
				"pivot": [0, 0, 0],
				"rotation": [50, 0, 0],
				"cubes": [
					{"origin": [-3, -2, 3], "size": [3, 6, 3], "uv": [14, 9]}
				]
			},
			{
				"name": "body1",
				"parent": "body",
				"pivot": [0, 0, 0],
				"rotation": [-50, 0, 0],
				"cubes": [
					{"origin": [-3, 5, -1], "size": [3, 2, 2], "uv": [0, 25]}
				]
			},
			{
				"name": "head",
				"pivot": [0, 0, 0],
				"cubes": [
					{"origin": [-3, 7, -3], "size": [3, 3, 4], "uv": [0, 9]},
					{"origin": [-2, 7, -7], "size": [1, 3, 4], "uv": [14, 18]},
					{"origin": [-2, 7, -8], "size": [1, 2, 1], "uv": [8, 29]}
				]
			},
			{
				"name": "tail",
				"pivot": [0, 0, 0],
				"rotation": [5, 0, 0],
				"cubes": [
					{"origin": [-3, 1, 4], "size": [3, 2, 2], "uv": [24, 18]},
					{"origin": [-3, 2, 6], "size": [3, 1, 4], "uv": [0, 18]}
				]
			}
		]
	}
}