{
	"format_version": "1.10.0",
	"geometry.urso": {
		"texturewidth": 128,
		"textureheight": 128,
		"visible_bounds_width": 4,
		"visible_bounds_height": 1,
		"visible_bounds_offset": [0, 0.5, 0],
		"bones": [
			{
				"name": "body",
				"pivot": [0, 0, 6],
				"cubes": [
					{"origin": [-4, 5, -12], "size": [11, 11, 11], "uv": [54, 0]},
					{"origin": [-5, 4, -1], "size": [13, 13, 14], "uv": [0, 0]},
					{"origin": [-3, 16, 0], "size": [10, 0, 12], "uv": [0, 27]},
					{"origin": [-3, 16, -12], "size": [9, 1, 12], "uv": [44, 27]},
					{"origin": [-3, 5, -14], "size": [9, 11, 2], "uv": [0, 59]},
					{"origin": [-3, 6, -15], "size": [9, 10, 1], "uv": [64, 59]}
				]
			},
			{
				"name": "leg2",
				"pivot": [0, 0, 6],
				"cubes": [
					{"origin": [-7, 4, 6], "size": [5, 9, 6], "uv": [50, 44]}
				]
			},
			{
				"name": "leg2a",
				"parent": "leg2",
				"pivot": [0, 0, 0],
				"cubes": [
					{"origin": [-6, 1, 8], "size": [3, 5, 4], "uv": [14, 83]}
				]
			},
			{
				"name": "leg2b",
				"parent": "leg2",
				"pivot": [0, 0, 0],
				"cubes": [
					{"origin": [-7, 0, 6], "size": [5, 2, 6], "uv": [20, 72]}
				]
			},
			{
				"name": "leg1",
				"pivot": [0, 0, 6],
				"cubes": [
					{"origin": [-6, 4, -11], "size": [5, 6, 5], "uv": [44, 59]}
				]
			},
			{
				"name": "leg1a",
				"parent": "leg1",
				"pivot": [0, 0, 0],
				"cubes": [
					{"origin": [-5, 1, -11], "size": [3, 5, 3], "uv": [54, 83]}
				]
			},
			{
				"name": "leg1b",
				"parent": "leg1",
				"pivot": [0, 0, 0],
				"cubes": [
					{"origin": [-6, 0, -13], "size": [5, 2, 5], "uv": [64, 72]}
				]
			},
			{
				"name": "leg3",
				"pivot": [0, 0, 6],
				"cubes": [
					{"origin": [5, 4, 6], "size": [5, 9, 6], "uv": [28, 44]}
				]
			},
			{
				"name": "leg3a",
				"parent": "leg3",
				"pivot": [0, 0, 0],
				"cubes": [
					{"origin": [6, 1, 8], "size": [3, 5, 4], "uv": [0, 83]}
				]
			},
			{
				"name": "leg3b",
				"parent": "leg3",
				"pivot": [0, 0, 0],
				"cubes": [
					{"origin": [5, 0, 6], "size": [5, 2, 6], "uv": [42, 72]}
				]
			},
			{
				"name": "leg0",
				"pivot": [0, 0, 6],
				"cubes": [
					{"origin": [4, 4, -11], "size": [5, 6, 5], "uv": [0, 72]}
				]
			},
			{
				"name": "leg0a",
				"parent": "leg0",
				"pivot": [0, 0, 0],
				"cubes": [
					{"origin": [5, 1, -11], "size": [3, 5, 3], "uv": [42, 83]}
				]
			},
			{
				"name": "leg0b",
				"parent": "leg0",
				"pivot": [0, 0, 0],
				"cubes": [
					{"origin": [4, 0, -13], "size": [5, 2, 5], "uv": [84, 72]}
				]
			},
			{
				"name": "tail",
				"pivot": [0, 0, 6],
				"cubes": [
					{"origin": [-4, 5, 13], "size": [11, 11, 1], "uv": [72, 44]},
					{"origin": [-1, 12, 13], "size": [5, 5, 2], "uv": [28, 83]}
				]
			},
			{
				"name": "head",
				"pivot": [0, 0, 6],
				"cubes": [
					{"origin": [-3, 7, -16], "size": [9, 9, 2], "uv": [22, 59]}
				]
			},
			{
				"name": "face",
				"parent": "head",
				"pivot": [0, 0, 6],
				"rotation": [15, 0, 0],
				"cubes": [
					{"origin": [-3, 13, -20], "size": [9, 8, 9], "uv": [86, 27]},
					{"origin": [-1, 13, -25], "size": [5, 5, 9], "uv": [0, 44]},
					{"origin": [5, 20, -16], "size": [2, 2, 1], "uv": [66, 83]},
					{"origin": [-4, 20, -16], "size": [2, 2, 1], "uv": [66, 86]}
				]
			}
		]
	}
}