{
	"format_version": "1.10.0",
	"geometry.urubu": {
		"texturewidth": 64,
		"textureheight": 64,
		"visible_bounds_width": 2,
		"visible_bounds_height": 2,
		"visible_bounds_offset": [0, 1, 0],
		"bones": [
			{
				"name": "body",
				"pivot": [0, 1, 0]
			},
			{
				"name": "body2",
				"parent": "body",
				"pivot": [0, 1, 0],
				"rotation": [75, 0, 0],
				"cubes": [
					{"origin": [-4, -3, 5], "size": [8, 11, 6], "uv": [0, 0]}
				]
			},
			{
				"name": "body3",
				"parent": "body",
				"pivot": [0, 1, 0],
				"rotation": [65, 0, 0],
				"cubes": [
					{"origin": [-3, -1, 4], "size": [6, 11, 6], "uv": [28, 0]}
				]
			},
			{
				"name": "tail",
				"parent": "body",
				"pivot": [0, 0, 0],
				"rotation": [-25, 15, 0],
				"cubes": [
					{"origin": [-1, 8, 2], "size": [2, 3, 5], "uv": [30, 41]}
				]
			},
			{
				"name": "tail2",
				"parent": "body",
				"pivot": [0, 0, 0],
				"rotation": [-25, 5, 0],
				"cubes": [
					{"origin": [-1, 8, 2], "size": [2, 3, 5], "uv": [0, 49]}
				]
			},
			{
				"name": "tail3",
				"parent": "body",
				"pivot": [0, 0, 0],
				"rotation": [-25, -10, 0],
				"cubes": [
					{"origin": [0, 8, 2], "size": [2, 3, 5], "uv": [44, 41]}
				]
			},
			{
				"name": "tail4",
				"parent": "body",
				"pivot": [0, 0, 0],
				"rotation": [-25, -15, 0],
				"cubes": [
					{"origin": [-1, 8, 2], "size": [2, 3, 5], "uv": [16, 41]}
				]
			},
			{
				"name": "head",
				"parent": "body",
				"pivot": [0, 0, 0],
				"rotation": [40, 0, 0],
				"cubes": [
					{"origin": [-2, 10, 1], "size": [4, 6, 4], "uv": [0, 31]}
				]
			},
			{
				"name": "head2",
				"parent": "body",
				"pivot": [0, 0, 0],
				"rotation": [10, 0, 0],
				"cubes": [
					{"origin": [-2, 14, -7], "size": [4, 4, 4], "uv": [0, 41]}
				]
			},
			{
				"name": "head3",
				"parent": "body",
				"pivot": [0, 0, 0],
				"cubes": [
					{"origin": [-2, 16, -12], "size": [4, 3, 6], "uv": [40, 17]}
				]
			},
			{
				"name": "head4",
				"parent": "body",
				"pivot": [0, 0, 0],
				"rotation": [-20, 0, 0],
				"cubes": [
					{"origin": [-1, 10, -18], "size": [2, 3, 1], "uv": [12, 57]}
				]
			},
			{
				"name": "leg0",
				"parent": "body",
				"pivot": [0, 0, 0],
				"cubes": [
					{"origin": [1, 3, 1], "size": [3, 3, 2], "uv": [36, 49]},
					{"origin": [2, 0, 1], "size": [1, 3, 2], "uv": [6, 57]},
					{"origin": [1, 0, -1], "size": [3, 1, 3], "uv": [14, 53]}
				]
			},
			{
				"name": "leg1",
				"parent": "body",
				"pivot": [0, 0, 0],
				"cubes": [
					{"origin": [-4, 3, 1], "size": [3, 3, 2], "uv": [26, 49]},
					{"origin": [-3, 0, 1], "size": [1, 3, 2], "uv": [0, 57]},
					{"origin": [-4, 0, -1], "size": [3, 1, 3], "uv": [14, 49]}
				]
			},
			{
				"name": "wing0",
				"parent": "body",
				"pivot": [0, 0, 0],
				"rotation": [-5, 0, 0],
				"cubes": [
					{"origin": [4, 7, -5], "size": [2, 6, 8], "uv": [0, 17]},
					{"origin": [4, 7, 3], "size": [2, 4, 6], "uv": [32, 31]}
				]
			},
			{
				"name": "wing1",
				"parent": "body",
				"pivot": [0, 0, 0],
				"rotation": [-5, 0, 0],
				"cubes": [
					{"origin": [-6, 7, -5], "size": [2, 6, 8], "uv": [20, 17]},
					{"origin": [-6, 7, 3], "size": [2, 4, 6], "uv": [16, 31]}
				]
			}
		]
	}
}