{
	"format_version": "1.10.0",
	"geometry.whalereal": {
		"texturewidth": 256,
		"textureheight": 256,
		"visible_bounds_width": 10,
		"visible_bounds_height": 1,
		"visible_bounds_offset": [0, 0.5, 0],
		"bones": [
			{
				"name": "bone",
				"pivot": [0, 2, 43]
			},
			{
				"name": "fin2",
				"parent": "bone",
				"pivot": [15, 6, 11],
				"cubes": [
					{"origin": [12, 3, 5], "size": [5, 6, 9], "uv": [120, 117]},
					{"origin": [17, 5, 2], "size": [29, 1, 12], "uv": [0, 104]}
				]
			},
			{
				"name": "fin",
				"parent": "bone",
				"pivot": [-15, 6, 11],
				"cubes": [
					{"origin": [-18, 3, 5], "size": [5, 6, 9], "uv": [148, 117]},
					{"origin": [-47, 5, 2], "size": [29, 1, 12], "uv": [82, 104]}
				]
			},
			{
				"name": "tail",
				"parent": "bone",
				"pivot": [0, 2, -28],
				"cubes": [
					{"origin": [-11, 2, -46], "size": [21, 11, 18], "uv": [88, 71]}
				]
			},
			{
				"name": "tail2",
				"parent": "tail",
				"pivot": [0, 8, -47],
				"cubes": [
					{"origin": [-9, 3, -64], "size": [17, 8, 18], "uv": [166, 71]}
				]
			},
			{
				"name": "tail3",
				"parent": "tail2",
				"pivot": [0, 6, -64],
				"cubes": [
					{"origin": [-5, 4, -80], "size": [9, 5, 16], "uv": [70, 117]}
				]
			},
			{
				"name": "tailtip",
				"parent": "tail3",
				"pivot": [0, 7, -79],
				"cubes": [
					{"origin": [-26, 6, -90], "size": [23, 1, 12], "uv": [164, 104]},
					{"origin": [2, 6, -90], "size": [23, 1, 12], "uv": [0, 117]}
				]
			},
			{
				"name": "body",
				"parent": "bone",
				"pivot": [10, -5, 8],
				"cubes": [
					{"origin": [-13, 0, -28], "size": [25, 15, 56], "uv": [0, 0]}
				]
			},
			{
				"name": "head",
				"parent": "bone",
				"pivot": [0, 3, 43]
			},
			{
				"name": "jaw",
				"parent": "head",
				"pivot": [0, -11, 40],
				"rotation": [-10, 0, 0],
				"cubes": [
					{"origin": [-8, 1.27912, 25.12012], "size": [16, 5, 28], "uv": [0, 71]}
				]
			},
			{
				"name": "headbase",
				"parent": "head",
				"pivot": [0, 3, 43],
				"cubes": [
					{"origin": [-8, 3, 28], "size": [16, 10, 28], "uv": [162, 0]}
				]
			}
		]
	}
}