{
	"format_version": "1.10.0",
	"geometry.whale": {
		"texturewidth": 128,
		"textureheight": 128,
		"visible_bounds_width": 5,
		"visible_bounds_height": 1,
		"visible_bounds_offset": [0, 0.5, 0],
		"bones": [
			{
				"name": "body0",
				"pivot": [8, 0, 0]
			},
			{
				"name": "bodybase",
				"parent": "body0",
				"pivot": [8, 0, 0],
				"cubes": [
					{"origin": [-6.3, 10.08, -15.05], "size": [12.6, 6.3, 24.57], "uv": [0, 0]},
					{"origin": [-6.3, 5.04, 1.33], "size": [12.6, 8.19, 7.56], "uv": [0, 53]},
					{"origin": [-6.3, 7.56, -3.08], "size": [12.6, 3.78, 11.34], "uv": [48, 0]},
					{"origin": [-5.67, 5.04, -9.38], "size": [11.34, 5.04, 14.49], "uv": [0, 30]},
					{"origin": [-6.93, 11.34, -8.75], "size": [13.86, 1.26, 1.89], "uv": [36, 32]},
					{"origin": [-6.93, 11.34, -8.75], "size": [13.86, 1.89, 1.26], "uv": [36, 30]},
					{"origin": [-6.93, 12.6, -7.49], "size": [13.86, 0.63, 0.63], "uv": [9, 47]}
				]
			},
			{
				"name": "fin",
				"parent": "bodybase",
				"pivot": [5.7, 10.285, -0.81],
				"rotation": [0, 0, 22.5],
				"cubes": [
					{"origin": [3.4782, 10.57685, -4.59], "size": [12.6, 0.63, 7.56], "uv": [52, 37]}
				]
			},
			{
				"name": "fin2",
				"parent": "bodybase",
				"pivot": [-5.7, 10.285, -0.81],
				"rotation": [0, 0, -22.5],
				"cubes": [
					{"origin": [-15.69552, 10.50073, -4.59], "size": [12.6, 0.63, 7.56], "uv": [52, 37]}
				]
			},
			{
				"name": "bone8",
				"parent": "bodybase",
				"pivot": [8, 0, -23],
				"cubes": [
					{"origin": [-0.63, 15.75, -3.92], "size": [1.26, 1.26, 1.26], "uv": [0, 0]}
				]
			},
			{
				"name": "jaw",
				"parent": "body0",
				"pivot": [0, 5.985, -10.01],
				"rotation": [-45, 0, 0],
				"cubes": [
					{"origin": [-5.67, 5.76226, -16.45631], "size": [11.34, 4.41, 7.56], "uv": [65, 23]}
				]
			},
			{
				"name": "tail1",
				"parent": "body0",
				"pivot": [0, 11, 10]
			},
			{
				"name": "bone3",
				"parent": "tail1",
				"pivot": [8, 0, 0],
				"cubes": [
					{"origin": [-4.41, 5.67, 5.74], "size": [8.82, 6.93, 13.23], "uv": [37, 41]}
				]
			},
			{
				"name": "bone2",
				"parent": "tail1",
				"pivot": [8, 9, 13],
				"rotation": [22.5, 0, 0],
				"cubes": [
					{"origin": [-4.52, 6.91427, 7.68743], "size": [8.82, 5.04, 9.45], "uv": [63, 63]}
				]
			},
			{
				"name": "bone",
				"parent": "tail1",
				"pivot": [8, 8, -4],
				"rotation": [-22.5, 0, 0],
				"cubes": [
					{"origin": [-4.41, 13.67, 4.89], "size": [8.82, 6.93, 8.82], "uv": [0, 68]}
				]
			},
			{
				"name": "tail",
				"parent": "tail1",
				"pivot": [0, 9, 19]
			},
			{
				"name": "bone7",
				"parent": "tail",
				"pivot": [-0.315, 14.805, 27.1],
				"rotation": [45, 0, 0],
				"cubes": [
					{"origin": [-14.49, 12.6, 26.47], "size": [28.35, 4.41, 1.26], "uv": [36, 36]}
				]
			},
			{
				"name": "bone6",
				"parent": "tail",
				"pivot": [0, 13.86, 28.1],
				"rotation": [45, 0, 0],
				"cubes": [
					{"origin": [-10.71, 10.71, 27.47], "size": [21.42, 6.3, 1.26], "uv": [48, 14]}
				]
			},
			{
				"name": "bone5",
				"parent": "tail",
				"pivot": [8, -3, 28],
				"rotation": [-45, 0, 0],
				"cubes": [
					{"origin": [-5.67, 6.45, 13.06], "size": [11.34, 2.52, 6.93], "uv": [73, 55]}
				]
			},
			{
				"name": "bone4",
				"parent": "tail",
				"pivot": [0, 19.915, 21.86],
				"rotation": [22.5, 0, 0],
				"cubes": [
					{"origin": [-3.56, 7.85299, 13.73564], "size": [7.56, 5.67, 11.34], "uv": [27, 60]}
				]
			}
		]
	}
}