{
    "linked_pack": [
        "743b86bb-ed11-4c7a-8955-9ce6f9938246",
        "C:\\Users\\kl0wn\\AppData\\Local\\Packages\\Microsoft.MinecraftUWP_8wekyb3d8bbwe\\LocalState\\games\\com.mojang\\development_behavior_packs\\Dragon Mounts Refurbished"
    ],
    "pack_name": "\u00c2\u00a7bDm2 Refurbished Beta",
    "structures": [
        {
            "filepaths": [
                "C:\\Users\\kl0wn\\AppData\\Local\\Packages\\Microsoft.MinecraftUWP_8wekyb3d8bbwe\\LocalState\\games\\com.mojang\\development_behavior_packs\\Dragon Mounts Refurbished\\structures\\magma_dripper_volcano.mcstructure",
                "C:\\Users\\kl0wn\\AppData\\Local\\Packages\\Microsoft.MinecraftUWP_8wekyb3d8bbwe\\LocalState\\games\\com.mojang\\development_behavior_packs\\Dragon Mounts Refurbished\\feature_rules\\magma_dripper_volcano_feature_rule.json",
                "C:\\Users\\kl0wn\\AppData\\Local\\Packages\\Microsoft.MinecraftUWP_8wekyb3d8bbwe\\LocalState\\games\\com.mojang\\development_behavior_packs\\Dragon Mounts Refurbished\\features\\magma_dripper_volcano_feature_mcstructure.json"
            ],
            "settings": {
                "spawning_method": 1,
                "spawn_chance": 20,
                "name": "magma_dripper_volcano",
                "include_air": true,
                "grounded": true,
                "y_offset": 0
            },
            "biomes": [
                [
                    "nether"
                ],
                []
            ],
            "structure_type": "basic structure",
            "structure_name": "magma_dripper_volcano",
            "structure_display_name": "Magma Dripper Volcano"
        }
    ]
}