{
  "format_version": "1.10.0",
  "animation_controllers": {
      "controller.animation.dragonbase.move": {
        "states": {
          "default": { 
            "animations": [
              {
                "walking": "query.is_on_ground * query.modified_move_speed"
              },
              {
                "roar": "query.is_roaring && !query.is_sitting"
              }
            ],
            "transitions": [
              {
                "fly": "!query.is_on_ground && query.is_levitating && !query.ground_speed < 4 && query.has_rider"
              },
              {
                "glide": "!query.is_on_ground && !query.is_levitating && !query.ground_speed < 4 && query.has_rider"
              }
            ],
            "blend_transition": 0.5
          },
          "fly": {
            "animations": [
              "flying",
              "hrotation"
            ],
            "transitions": [
              {
                "default": "query.is_on_ground"
              },
              {
                "glide": "!query.is_on_ground && !query.is_levitating && !query.ground_speed < 5 && query.has_rider"
              }
            ],
            "blend_transition": 0.5
          },
          "glide": {
            "animations": [
              "fly_open",
              "hrotation",
             {
                "fly_open.sound": "query.has_rider"
              }

            ],
            "transitions": [
              {
                "default": "query.is_on_ground"
              },
              {
                "fly": "!query.is_on_ground && query.is_levitating && !query.ground_speed < 5 && query.has_rider"
              }
            ],
            "blend_transition": 0.5
          },
          "flyRest": {
            "animations": [
              "fly_rest",
              "hrotation"
            ],
            "transitions": [
              {
                "default": "query.is_on_ground"
              },
              {
                "fly": "!query.is_on_ground && query.is_levitating && !query.ground_speed < 4"
              },
              {
                "glide": "!query.is_on_ground && !query.is_levitating && !query.ground_speed < 4"
              }
            ],
            "blend_transition": 0.5
          }
        }
      },
    "controller.animation.dragonbase.resting": {
      "states": {
        "default": {
          "transitions": [
            { "resting": "query.is_sleeping" }
          ],
          "blend_transition": 1
        },
        "resting": {
          "animations": [
            "resting"
          ],
          "transitions": [
            { "default": "!query.is_sleeping" }
          ],
            "blend_transition": 1
        }
      }
    },
    "controller.animation.dragonbase.tempted": {
      "states": {
        "default": {
          "transitions": [
            { "tempted": "query.is_interested" }
          ]
        },
        "tempted": {
          "animations": [
            "temped"
          ],
          "transitions": [
            { "default": "!query.is_interested" }
          ]
        }
      }
    },
    "controller.animation.dragonbase.charging": {
      "states": {
        "default": {
          "transitions": [
            { "charging": "query.is_charged" }
          ]
        },
        "charging": {
          "animations": [
            "charge"
          ],
          "transitions": [
            { "default": "!query.is_charged" }
          ]
        }
      }
    },
    "controller.animation.dragonbase.sitting": {
      "states": {
        "default": {
          "transitions": [
            { "sitting": "query.is_sitting && !query.has_rider && query.is_on_ground" }
          ],
          "blend_transition": 1
        },
        "sitting": {
          "animations": [
            "sitting"
          ],
          "transitions": [
            { "default": "!query.is_sitting || query.has_rider || !query.is_on_ground" }
          ],
          "blend_transition": 1
        }
      }
    },
    "controller.animation.dragonbase.look_at_target": {
      "states": {
        "default": {
          "animations": [
            "look_at_target"
          ]
        }
      }
    }
  }
}