{
  "format_version": "1.10.0",
  "animation_controllers": {
    "controller.animation.minotaur.die": {
      "initial_state": "default",
      "states": {
        "default": {
          "transitions": [
            {
              "cancel_animation": "query.is_alive"
            }
          ]
        },
        "cancel_animation": {
          "animations": [
            "dies"
          ],
          "transitions": [
            {
              "default": "query.is_alive"
            }
          ]
        }
      }
    }
  }
}