{
	"format_version": "1.12.0",
	"minecraft:geometry": [
		{
			"description": {
				"identifier": "geometry.aether_dragon_boss_summon",
				"texture_width": 16,
				"texture_height": 16,
				"visible_bounds_width": 2,
				"visible_bounds_height": 2.5,
				"visible_bounds_offset": [0, 0.75, 0]
			},
			"bones": [
				{
					"name": "bone",
					"pivot": [0, 0, 0],
					"cubes": [
						{
							"origin": [-8, 0, 0],
							"size": [16, 14, 0],
							"uv": {
								"north": {"uv": [0, 1], "uv_size": [16, 14]},
								"east": {"uv": [0, 0], "uv_size": [0, 15]},
								"west": {"uv": [0, 0], "uv_size": [0, 15]},
								"up": {"uv": [16, 0], "uv_size": [-16, 0]},
								"down": {"uv": [16, 0], "uv_size": [-16, 0]}
							}
						},
						{
							"origin": [-8, 0, 0],
							"size": [16, 14, 0],
							"pivot": [0, 0, 0],
							"rotation": [0, 90, 0],
							"uv": {
								"north": {"uv": [0, 1], "uv_size": [16, 14]},
								"east": {"uv": [0, 0], "uv_size": [0, 15]},
								"west": {"uv": [0, 0], "uv_size": [0, 15]},
								"up": {"uv": [16, 0], "uv_size": [-16, 0]},
								"down": {"uv": [16, 0], "uv_size": [-16, 0]}
							}
						}
					]
				}
			]
		}
	]
}