{
	"format_version": "1.12.0",
	"minecraft:geometry": [
		{
			"description": {
				"identifier": "geometry.dragonglow",
				"texture_width": 256,
				"texture_height": 256,
				"visible_bounds_width": 18,
				"visible_bounds_height": 10.5,
				"visible_bounds_offset": [0, 1.75, 0]
			},
			"bones": [
				{
					"name": "body",
					"pivot": [-0.5, 22.6, -9.5]
				},
				{
					"name": "legs",
					"parent": "body",
					"pivot": [5, 3.1, 0]
				},
				{
					"name": "thighRight2",
					"parent": "legs",
					"pivot": [6, 21.1, 12],
					"rotation": [-30, -15, 0],
					"cubes": [
						{
							"origin": [3.9, 11, 8.9],
							"size": [5.2, 13.2, 6.2],
							"inflate": 0.0002,
							"uv": {
								"north": {"uv": [130, 9], "uv_size": [-9, 20]},
								"east": {"uv": [139, 9], "uv_size": [-9, 20]},
								"south": {"uv": [148, 9], "uv_size": [-9, 20]},
								"west": {"uv": [121, 9], "uv_size": [-9, 20]},
								"up": {"uv": [78, 75], "uv_size": [2.5, 3]},
								"down": {"uv": [83, 78], "uv_size": [-2.5, -3]}
							}
						}
					]
				},
				{
					"name": "calfRight2",
					"parent": "thighRight2",
					"pivot": [6, 12.1, 10],
					"rotation": [70, 0, 0],
					"cubes": [
						{
							"origin": [4.4, 2, 8.9],
							"size": [4.2, 10.2, 5.2],
							"inflate": 0.0002,
							"uv": {
								"north": {"uv": [162, 7], "uv_size": [7, 20]},
								"east": {"uv": [162, 7], "uv_size": [7, 20]},
								"south": {"uv": [162, 7], "uv_size": [7, 20]},
								"west": {"uv": [162, 7], "uv_size": [7, 20]},
								"up": {"uv": [169, 27], "uv_size": [-7, -20]},
								"down": {"uv": [162, 27], "uv_size": [7, -20]}
							}
						}
					]
				},
				{
					"name": "ankleRight2",
					"parent": "calfRight2",
					"pivot": [6, 2.1, 11],
					"rotation": [20, 0, 0],
					"cubes": [
						{
							"origin": [3.9, 1, 3.9],
							"size": [5.2, 3.2, 10.2],
							"inflate": 0.0002,
							"uv": {
								"north": {"uv": [5, 27.5], "uv_size": [2.5, 1.5]},
								"east": {"uv": [206, 46], "uv_size": [17, 4]},
								"south": {"uv": [12.5, 27.5], "uv_size": [2.5, 1.5]},
								"west": {"uv": [206, 46], "uv_size": [17, 4]},
								"up": {"uv": [197, 29], "uv_size": [9, 17]},
								"down": {"uv": [215, 46], "uv_size": [-9, -17]}
							}
						}
					]
				},
				{
					"name": "footRight2",
					"parent": "ankleRight2",
					"pivot": [6, 3.1, 5],
					"rotation": [-60, 0, 0],
					"cubes": [
						{
							"origin": [3.9, 1, 0.4],
							"size": [5.2, 3.2, 5.7],
							"inflate": 0.0002,
							"uv": {
								"north": {"uv": [184, 8], "uv_size": [9, 4]},
								"east": {"uv": [223, 6], "uv_size": [4, 1.5]},
								"south": {"uv": [59.5, 28], "uv_size": [2.5, 1.5]},
								"west": {"uv": [223, 6], "uv_size": [4, 1.5]},
								"up": {"uv": [184, 0], "uv_size": [9, 8]},
								"down": {"uv": [193, 0], "uv_size": [-9, 8]}
							}
						}
					]
				},
				{
					"name": "thighLeft2",
					"parent": "legs",
					"pivot": [-6, 21.1, 12],
					"rotation": [-30, 15, 0],
					"cubes": [
						{
							"origin": [-9.1, 11, 8.9],
							"size": [5.2, 13.2, 6.2],
							"inflate": 0.0002,
							"uv": {
								"north": {"uv": [121, 9], "uv_size": [9, 20]},
								"east": {"uv": [112, 9], "uv_size": [9, 20]},
								"south": {"uv": [139, 9], "uv_size": [9, 20]},
								"west": {"uv": [130, 9], "uv_size": [9, 20]},
								"up": {"uv": [80.5, 75], "uv_size": [-2.5, 3]},
								"down": {"uv": [80.5, 78], "uv_size": [2.5, -3]}
							}
						}
					]
				},
				{
					"name": "calfLeft2",
					"parent": "thighLeft2",
					"pivot": [-6, 12.1, 10],
					"rotation": [70, 0, 0],
					"cubes": [
						{
							"origin": [-8.6, 2, 8.9],
							"size": [4.2, 10.2, 5.2],
							"inflate": 0.0002,
							"uv": {
								"north": {"uv": [169, 7], "uv_size": [-7, 20]},
								"east": {"uv": [169, 7], "uv_size": [-7, 20]},
								"south": {"uv": [169, 7], "uv_size": [-7, 20]},
								"west": {"uv": [169, 7], "uv_size": [-7, 20]},
								"up": {"uv": [162, 27], "uv_size": [7, -20]},
								"down": {"uv": [169, 27], "uv_size": [-7, -20]}
							}
						}
					]
				},
				{
					"name": "ankleLeft2",
					"parent": "calfLeft2",
					"pivot": [-6, 2.1, 11],
					"rotation": [20, 0, 0],
					"cubes": [
						{
							"origin": [-9.1, 0.5, 3.9],
							"size": [5.2, 3.7, 10.2],
							"inflate": 0.0002,
							"uv": {
								"north": {"uv": [7.5, 27.5], "uv_size": [-2.5, 1.5]},
								"east": {"uv": [223, 46], "uv_size": [-17, 4]},
								"south": {"uv": [15, 27.5], "uv_size": [-2.5, 1.5]},
								"west": {"uv": [223, 46], "uv_size": [-17, 4]},
								"up": {"uv": [206, 29], "uv_size": [-9, 17]},
								"down": {"uv": [206, 46], "uv_size": [9, -17]}
							}
						}
					]
				},
				{
					"name": "footLeft2",
					"parent": "ankleLeft2",
					"pivot": [-6, 3.1, 5],
					"rotation": [-60, 0, 0],
					"cubes": [
						{
							"origin": [-9.1, 1, 0.4],
							"size": [5.2, 3.2, 5.7],
							"inflate": 0.0002,
							"uv": {
								"north": {"uv": [193, 8], "uv_size": [-9, 4]},
								"east": {"uv": [223, 6], "uv_size": [4, 1.5]},
								"south": {"uv": [62, 28], "uv_size": [-2.5, 1.5]},
								"west": {"uv": [223, 6], "uv_size": [4, 1.5]},
								"up": {"uv": [193, 0], "uv_size": [-9, 8]},
								"down": {"uv": [184, 0], "uv_size": [9, 8]}
							}
						}
					]
				},
				{
					"name": "thighRight",
					"parent": "legs",
					"pivot": [5, 20.1, -6],
					"rotation": [35, 0, 0],
					"cubes": [
						{
							"origin": [3.9, 13, -10.1],
							"size": [4.7, 10.2, 7.2],
							"inflate": 0.0002,
							"uv": {
								"north": {"uv": [130, 9], "uv_size": [-9, 20]},
								"east": {"uv": [139, 9], "uv_size": [-9, 20]},
								"south": {"uv": [148, 9], "uv_size": [-9, 20]},
								"west": {"uv": [121, 9], "uv_size": [-9, 20]},
								"up": {"uv": [130, 0], "uv_size": [-9, 9]},
								"down": {"uv": [130, 9], "uv_size": [9, -9]}
							}
						}
					]
				},
				{
					"name": "calfRight",
					"parent": "thighRight",
					"pivot": [5, 13.1, -4],
					"rotation": [-55, 0, 0],
					"cubes": [
						{
							"origin": [3.65, 3, -8.6],
							"size": [4.7, 10.2, 5.2],
							"inflate": 0.0002,
							"uv": {
								"north": {"uv": [155, 7], "uv_size": [7, 20]},
								"east": {"uv": [148, 7], "uv_size": [7, 20]},
								"south": {"uv": [169, 7], "uv_size": [7, 20]},
								"west": {"uv": [162, 7], "uv_size": [7, 20]},
								"up": {"uv": [43, 93.5], "uv_size": [2, 2.5]},
								"down": {"uv": [47, 96], "uv_size": [-2, -2.5]}
							}
						}
					]
				},
				{
					"name": "ankleRight",
					"parent": "calfRight",
					"pivot": [6, 3.1, -4],
					"rotation": [-25, 0, 0],
					"cubes": [
						{
							"origin": [3.4, -5, -7.6],
							"size": [5.2, 9.2, 4.2],
							"inflate": 0.0002,
							"uv": {
								"north": {"uv": [167, 35], "uv_size": [-7, 16]},
								"east": {"uv": [159, 36], "uv_size": [-7, 16]},
								"south": {"uv": [167, 35], "uv_size": [-7, 16]},
								"west": {"uv": [159, 36], "uv_size": [-7, 16]},
								"up": {"uv": [103, 75], "uv_size": [2.5, 2]},
								"down": {"uv": [108, 77], "uv_size": [-2.5, -2]}
							}
						}
					]
				},
				{
					"name": "footRight",
					"parent": "ankleRight",
					"pivot": [6, -4.9, -4],
					"rotation": [-45, 0, 0],
					"cubes": [
						{
							"origin": [3.4, -10, -6.6],
							"size": [5.2, 5.2, 3.2],
							"inflate": 0.0002,
							"uv": {
								"north": {"uv": [193, 8], "uv_size": [-9, -8]},
								"east": {"uv": [193, 8], "uv_size": [8, 4]},
								"south": {"uv": [202, 0], "uv_size": [-9, 8]},
								"west": {"uv": [193, 8], "uv_size": [8, 4]},
								"up": {"uv": [92.5, 104], "uv_size": [2.5, 1.5]},
								"down": {"uv": [184, 12], "uv_size": [9, -4]}
							}
						}
					]
				},
				{
					"name": "thighLeft",
					"parent": "legs",
					"pivot": [-5, 20.1, -6],
					"rotation": [35, 0, 0],
					"cubes": [
						{
							"origin": [-8.6, 13, -10.1],
							"size": [4.7, 10.2, 7.2],
							"inflate": 0.0002,
							"uv": {
								"north": {"uv": [121, 9], "uv_size": [9, 20]},
								"east": {"uv": [112, 9], "uv_size": [9, 20]},
								"south": {"uv": [139, 9], "uv_size": [9, 20]},
								"west": {"uv": [130, 9], "uv_size": [9, 20]},
								"up": {"uv": [121, 0], "uv_size": [9, 9]},
								"down": {"uv": [139, 9], "uv_size": [-9, -9]}
							}
						}
					]
				},
				{
					"name": "calfLeft",
					"parent": "thighLeft",
					"pivot": [-5, 13.1, -4],
					"rotation": [-55, 0, 0],
					"cubes": [
						{
							"origin": [-8.35, 3, -8.6],
							"size": [4.7, 10.2, 5.2],
							"inflate": 0.0002,
							"uv": {
								"north": {"uv": [162, 7], "uv_size": [-7, 20]},
								"east": {"uv": [169, 7], "uv_size": [-7, 20]},
								"south": {"uv": [176, 7], "uv_size": [-7, 20]},
								"west": {"uv": [155, 7], "uv_size": [-7, 20]},
								"up": {"uv": [45, 93.5], "uv_size": [-2, 2.5]},
								"down": {"uv": [45, 96], "uv_size": [2, -2.5]}
							}
						}
					]
				},
				{
					"name": "ankleLeft",
					"parent": "calfLeft",
					"pivot": [-6, 3.1, -4],
					"rotation": [-25, 0, 0],
					"cubes": [
						{
							"origin": [-8.6, -5, -7.6],
							"size": [5.2, 9.2, 4.2],
							"inflate": 0.0002,
							"uv": {
								"north": {"uv": [167, 35], "uv_size": [-7, 16]},
								"east": {"uv": [159, 36], "uv_size": [-7, 16]},
								"south": {"uv": [167, 35], "uv_size": [-7, 16]},
								"west": {"uv": [159, 36], "uv_size": [-7, 16]},
								"up": {"uv": [105.5, 75], "uv_size": [-2.5, 2]},
								"down": {"uv": [105.5, 77], "uv_size": [2.5, -2]}
							}
						}
					]
				},
				{
					"name": "footLeft",
					"parent": "ankleLeft",
					"pivot": [-6, -4.9, -4],
					"rotation": [-45, 0, 0],
					"cubes": [
						{
							"origin": [-8.6, -10, -6.6],
							"size": [5.2, 5.2, 3.2],
							"inflate": 0.0002,
							"uv": {
								"north": {"uv": [184, 8], "uv_size": [9, -8]},
								"east": {"uv": [201, 8], "uv_size": [-8, 4]},
								"south": {"uv": [193, 0], "uv_size": [9, 8]},
								"west": {"uv": [201, 8], "uv_size": [-8, 4]},
								"up": {"uv": [95, 104], "uv_size": [-2.5, 1.5]},
								"down": {"uv": [193, 12], "uv_size": [-9, -4]}
							}
						}
					]
				},
				{
					"name": "tail",
					"parent": "body",
					"pivot": [-0.5, 20.1, 16],
					"rotation": [-5, 0, 0],
					"cubes": [
						{
							"origin": [-5.1, 16.5, 14.9],
							"size": [9.2, 9.2, 9.2],
							"inflate": 0.0002,
							"uv": {
								"north": {"uv": [122, 98], "uv_size": [10, 10]},
								"east": {"uv": [112, 98], "uv_size": [10, 10]},
								"south": {"uv": [122, 98], "uv_size": [10, 10]},
								"west": {"uv": [112, 98], "uv_size": [10, 10]},
								"up": {"uv": [122, 88], "uv_size": [10, 10]},
								"down": {"uv": [142, 98], "uv_size": [-10, -10]}
							}
						},
						{
							"origin": [-1.6, 24.5, 16.9],
							"size": [2.2, 4.2, 6.2],
							"inflate": 0.0002,
							"uv": {
								"north": {"uv": [8, 6], "uv_size": [6, 4]},
								"east": {"uv": [8, 6], "uv_size": [6, 4]},
								"south": {"uv": [8, 6], "uv_size": [6, 4]},
								"west": {"uv": [8, 6], "uv_size": [6, 4]},
								"up": {"uv": [14, 10], "uv_size": [-6, -4]},
								"down": {"uv": [8, 10], "uv_size": [6, -4]}
							}
						}
					]
				},
				{
					"name": "tail2",
					"parent": "tail",
					"pivot": [-0.5, 21.1, 24],
					"rotation": [-5, 0, 0],
					"cubes": [
						{
							"origin": [-4.85, 16.75, 23.9],
							"size": [8.7, 8.7, 8.2],
							"inflate": 0.0002,
							"uv": {
								"north": {"uv": [122, 98], "uv_size": [10, 10]},
								"east": {"uv": [112, 98], "uv_size": [10, 10]},
								"south": {"uv": [122, 98], "uv_size": [10, 10]},
								"west": {"uv": [112, 98], "uv_size": [10, 10]},
								"up": {"uv": [122, 88], "uv_size": [10, 10]},
								"down": {"uv": [142, 98], "uv_size": [-10, -10]}
							}
						},
						{
							"origin": [-1.35, 23.75, 24.9],
							"size": [1.7, 4.7, 6.2],
							"inflate": 0.0002,
							"uv": {
								"north": {"uv": [8, 6], "uv_size": [6, 4]},
								"east": {"uv": [8, 6], "uv_size": [6, 4]},
								"south": {"uv": [8, 6], "uv_size": [6, 4]},
								"west": {"uv": [8, 6], "uv_size": [6, 4]},
								"up": {"uv": [14, 10], "uv_size": [-6, -4]},
								"down": {"uv": [8, 10], "uv_size": [6, -4]}
							}
						}
					]
				},
				{
					"name": "tail3",
					"parent": "tail2",
					"pivot": [-0.5, 21.1, 32],
					"rotation": [-5, 0, 0],
					"cubes": [
						{
							"origin": [-4.35, 17.25, 31.9],
							"size": [7.7, 7.7, 8.2],
							"inflate": 0.0002,
							"uv": {
								"north": {"uv": [122, 98], "uv_size": [10, 10]},
								"east": {"uv": [112, 98], "uv_size": [10, 10]},
								"south": {"uv": [122, 98], "uv_size": [10, 10]},
								"west": {"uv": [112, 98], "uv_size": [10, 10]},
								"up": {"uv": [122, 88], "uv_size": [10, 10]},
								"down": {"uv": [142, 98], "uv_size": [-10, -10]}
							}
						},
						{
							"origin": [-1.35, 24.25, 32.9],
							"size": [1.7, 3.7, 6.2],
							"inflate": 0.0002,
							"uv": {
								"north": {"uv": [8, 6], "uv_size": [6, 4]},
								"east": {"uv": [8, 6], "uv_size": [6, 4]},
								"south": {"uv": [8, 6], "uv_size": [6, 4]},
								"west": {"uv": [8, 6], "uv_size": [6, 4]},
								"up": {"uv": [14, 10], "uv_size": [-6, -4]},
								"down": {"uv": [8, 10], "uv_size": [6, -4]}
							}
						}
					]
				},
				{
					"name": "tail4",
					"parent": "tail3",
					"pivot": [-0.5, 21.1, 40],
					"rotation": [-5, 0, 0],
					"cubes": [
						{
							"origin": [-4.1, 17.5, 39.9],
							"size": [7.2, 7.2, 7.2],
							"inflate": 0.0002,
							"uv": {
								"north": {"uv": [122, 98], "uv_size": [10, 10]},
								"east": {"uv": [112, 98], "uv_size": [10, 10]},
								"south": {"uv": [122, 98], "uv_size": [10, 10]},
								"west": {"uv": [112, 98], "uv_size": [10, 10]},
								"up": {"uv": [122, 88], "uv_size": [10, 10]},
								"down": {"uv": [142, 98], "uv_size": [-10, -10]}
							}
						},
						{
							"origin": [-1.35, 24, 40.9],
							"size": [1.7, 3.2, 5.2],
							"inflate": 0.0002,
							"uv": {
								"north": {"uv": [8, 6], "uv_size": [6, 4]},
								"east": {"uv": [8, 6], "uv_size": [6, 4]},
								"south": {"uv": [8, 6], "uv_size": [6, 4]},
								"west": {"uv": [8, 6], "uv_size": [6, 4]},
								"up": {"uv": [14, 10], "uv_size": [-6, -4]},
								"down": {"uv": [8, 10], "uv_size": [6, -4]}
							}
						}
					]
				},
				{
					"name": "tail5",
					"parent": "tail4",
					"pivot": [-0.5, 21.1, 47],
					"rotation": [-5, 0, 0],
					"cubes": [
						{
							"origin": [-3.85, 17.75, 46.9],
							"size": [6.7, 6.7, 6.7],
							"inflate": 0.0002,
							"uv": {
								"north": {"uv": [122, 98], "uv_size": [10, 10]},
								"east": {"uv": [112, 98], "uv_size": [10, 10]},
								"south": {"uv": [122, 98], "uv_size": [10, 10]},
								"west": {"uv": [112, 98], "uv_size": [10, 10]},
								"up": {"uv": [122, 88], "uv_size": [10, 10]},
								"down": {"uv": [142, 98], "uv_size": [-10, -10]}
							}
						},
						{
							"origin": [-1.35, 22.75, 47.9],
							"size": [1.7, 3.7, 4.7],
							"inflate": 0.0002,
							"uv": {
								"north": {"uv": [8, 6], "uv_size": [6, 4]},
								"east": {"uv": [8, 6], "uv_size": [6, 4]},
								"south": {"uv": [8, 6], "uv_size": [6, 4]},
								"west": {"uv": [8, 6], "uv_size": [6, 4]},
								"up": {"uv": [14, 10], "uv_size": [-6, -4]},
								"down": {"uv": [8, 10], "uv_size": [6, -4]}
							}
						}
					]
				},
				{
					"name": "tail6",
					"parent": "tail5",
					"pivot": [-0.5, 21.1, 54],
					"rotation": [5, 0, 0],
					"cubes": [
						{
							"origin": [-3.6, 18, 52.9],
							"size": [6.2, 6.2, 6.2],
							"inflate": 0.0002,
							"uv": {
								"north": {"uv": [122, 98], "uv_size": [10, 10]},
								"east": {"uv": [112, 98], "uv_size": [10, 10]},
								"south": {"uv": [122, 98], "uv_size": [10, 10]},
								"west": {"uv": [112, 98], "uv_size": [10, 10]},
								"up": {"uv": [122, 88], "uv_size": [10, 10]},
								"down": {"uv": [142, 98], "uv_size": [-10, -10]}
							}
						},
						{
							"origin": [-1.1, 23, 53.9],
							"size": [1.2, 3.2, 4.2],
							"inflate": 0.0002,
							"uv": {
								"north": {"uv": [8, 6], "uv_size": [6, 4]},
								"east": {"uv": [8, 6], "uv_size": [6, 4]},
								"south": {"uv": [8, 6], "uv_size": [6, 4]},
								"west": {"uv": [8, 6], "uv_size": [6, 4]},
								"up": {"uv": [14, 10], "uv_size": [-6, -4]},
								"down": {"uv": [8, 10], "uv_size": [6, -4]}
							}
						}
					]
				},
				{
					"name": "tail7",
					"parent": "tail6",
					"pivot": [-0.5, 21.1, 59],
					"rotation": [5, 0, 0],
					"cubes": [
						{
							"origin": [-3.35, 18.25, 58.9],
							"size": [5.7, 5.7, 5.7],
							"inflate": 0.0002,
							"uv": {
								"north": {"uv": [122, 98], "uv_size": [10, 10]},
								"east": {"uv": [112, 98], "uv_size": [10, 10]},
								"south": {"uv": [122, 98], "uv_size": [10, 10]},
								"west": {"uv": [112, 98], "uv_size": [10, 10]},
								"up": {"uv": [122, 88], "uv_size": [10, 10]},
								"down": {"uv": [142, 98], "uv_size": [-10, -10]}
							}
						},
						{
							"origin": [-1.1, 23.25, 59.9],
							"size": [1.2, 2.7, 3.7],
							"inflate": 0.0002,
							"uv": {
								"north": {"uv": [8, 6], "uv_size": [6, 4]},
								"east": {"uv": [8, 6], "uv_size": [6, 4]},
								"south": {"uv": [8, 6], "uv_size": [6, 4]},
								"west": {"uv": [8, 6], "uv_size": [6, 4]},
								"up": {"uv": [14, 10], "uv_size": [-6, -4]},
								"down": {"uv": [8, 10], "uv_size": [6, -4]}
							}
						}
					]
				},
				{
					"name": "tail8",
					"parent": "tail7",
					"pivot": [-0.5, 21.1, 64],
					"rotation": [5, 0, 0],
					"cubes": [
						{
							"origin": [-3.1, 18.5, 63.9],
							"size": [5.2, 5.2, 5.2],
							"inflate": 0.0002,
							"uv": {
								"north": {"uv": [122, 98], "uv_size": [10, 10]},
								"east": {"uv": [112, 98], "uv_size": [10, 10]},
								"south": {"uv": [122, 98], "uv_size": [10, 10]},
								"west": {"uv": [112, 98], "uv_size": [10, 10]},
								"up": {"uv": [122, 88], "uv_size": [10, 10]},
								"down": {"uv": [142, 98], "uv_size": [-10, -10]}
							}
						},
						{
							"origin": [-1.1, 23.5, 64.9],
							"size": [1.2, 2.2, 3.2],
							"inflate": 0.0002,
							"uv": {
								"north": {"uv": [8, 6], "uv_size": [6, 4]},
								"east": {"uv": [8, 6], "uv_size": [6, 4]},
								"south": {"uv": [8, 6], "uv_size": [6, 4]},
								"west": {"uv": [8, 6], "uv_size": [6, 4]},
								"up": {"uv": [14, 10], "uv_size": [-6, -4]},
								"down": {"uv": [8, 10], "uv_size": [6, -4]}
							}
						}
					]
				},
				{
					"name": "tail9",
					"parent": "tail8",
					"pivot": [-0.5, 21.1, 69],
					"rotation": [10, 0, 0],
					"cubes": [
						{
							"origin": [-2.85, 18.75, 68.9],
							"size": [4.7, 4.7, 4.7],
							"inflate": 0.0002,
							"uv": {
								"north": {"uv": [122, 98], "uv_size": [10, 10]},
								"east": {"uv": [112, 98], "uv_size": [10, 10]},
								"south": {"uv": [122, 98], "uv_size": [10, 10]},
								"west": {"uv": [112, 98], "uv_size": [10, 10]},
								"up": {"uv": [122, 88], "uv_size": [10, 10]},
								"down": {"uv": [142, 98], "uv_size": [-10, -10]}
							}
						},
						{
							"origin": [-1.1, 22.75, 69.9],
							"size": [1.2, 2.2, 2.7],
							"inflate": 0.0002,
							"uv": {
								"north": {"uv": [8, 6], "uv_size": [6, 4]},
								"east": {"uv": [8, 6], "uv_size": [6, 4]},
								"south": {"uv": [8, 6], "uv_size": [6, 4]},
								"west": {"uv": [8, 6], "uv_size": [6, 4]},
								"up": {"uv": [14, 10], "uv_size": [-6, -4]},
								"down": {"uv": [8, 10], "uv_size": [6, -4]}
							}
						}
					]
				},
				{
					"name": "tail10",
					"parent": "tail9",
					"pivot": [-0.5, 21.1, 73],
					"rotation": [5, 0, 0],
					"cubes": [
						{
							"origin": [-2.6, 19, 72.9],
							"size": [4.2, 4.2, 4.2],
							"inflate": 0.0002,
							"uv": {
								"north": {"uv": [122, 98], "uv_size": [10, 10]},
								"east": {"uv": [112, 98], "uv_size": [10, 10]},
								"south": {"uv": [122, 98], "uv_size": [10, 10]},
								"west": {"uv": [112, 98], "uv_size": [10, 10]},
								"up": {"uv": [122, 88], "uv_size": [10, 10]},
								"down": {"uv": [142, 98], "uv_size": [-10, -10]}
							}
						},
						{
							"origin": [-1.1, 23, 73.9],
							"size": [1.2, 1.2, 2.2],
							"inflate": 0.0002,
							"uv": {
								"north": {"uv": [8, 6], "uv_size": [6, 4]},
								"east": {"uv": [8, 6], "uv_size": [6, 4]},
								"south": {"uv": [8, 6], "uv_size": [6, 4]},
								"west": {"uv": [8, 6], "uv_size": [6, 4]},
								"up": {"uv": [14, 10], "uv_size": [-6, -4]},
								"down": {"uv": [8, 10], "uv_size": [6, -4]}
							}
						}
					]
				},
				{
					"name": "tail11",
					"parent": "tail10",
					"pivot": [-0.5, 21.1, 77],
					"rotation": [5, 0, 0],
					"cubes": [
						{
							"origin": [-2.35, 19.25, 76.9],
							"size": [3.7, 3.7, 3.7],
							"inflate": 0.0002,
							"uv": {
								"north": {"uv": [122, 98], "uv_size": [10, 10]},
								"east": {"uv": [112, 98], "uv_size": [10, 10]},
								"south": {"uv": [122, 98], "uv_size": [10, 10]},
								"west": {"uv": [112, 98], "uv_size": [10, 10]},
								"up": {"uv": [122, 88], "uv_size": [10, 10]},
								"down": {"uv": [142, 98], "uv_size": [-10, -10]}
							}
						},
						{
							"origin": [-1.1, 22.25, 77.9],
							"size": [1.2, 1.7, 1.7],
							"inflate": 0.0002,
							"uv": {
								"north": {"uv": [8, 6], "uv_size": [6, 4]},
								"east": {"uv": [8, 6], "uv_size": [6, 4]},
								"south": {"uv": [8, 6], "uv_size": [6, 4]},
								"west": {"uv": [8, 6], "uv_size": [6, 4]},
								"up": {"uv": [14, 10], "uv_size": [-6, -4]},
								"down": {"uv": [8, 10], "uv_size": [6, -4]}
							}
						}
					]
				},
				{
					"name": "tail12",
					"parent": "tail11",
					"pivot": [-0.5, 21.1, 80],
					"rotation": [5, 0, 0],
					"cubes": [
						{
							"origin": [-2.1, 19.5, 79.9],
							"size": [3.2, 3.2, 3.2],
							"inflate": 0.0002,
							"uv": {
								"north": {"uv": [122, 98], "uv_size": [10, 10]},
								"east": {"uv": [112, 98], "uv_size": [10, 10]},
								"south": {"uv": [122, 98], "uv_size": [10, 10]},
								"west": {"uv": [112, 98], "uv_size": [10, 10]},
								"up": {"uv": [122, 88], "uv_size": [10, 10]},
								"down": {"uv": [142, 98], "uv_size": [-10, -10]}
							}
						},
						{
							"origin": [-1.1, 22.5, 80.9],
							"size": [1.2, 1.2, 1.2],
							"inflate": 0.0002,
							"uv": {
								"north": {"uv": [8, 6], "uv_size": [6, 4]},
								"east": {"uv": [8, 6], "uv_size": [6, 4]},
								"south": {"uv": [8, 6], "uv_size": [6, 4]},
								"west": {"uv": [8, 6], "uv_size": [6, 4]},
								"up": {"uv": [14, 10], "uv_size": [-6, -4]},
								"down": {"uv": [8, 10], "uv_size": [6, -4]}
							}
						}
					]
				},
				{
					"name": "neck",
					"parent": "body",
					"pivot": [-0.5, 21.1, -15],
					"rotation": [-5, 0, 0],
					"cubes": [
						{
							"origin": [-4.6, 17, -18.1],
							"size": [8.2, 9.2, 4.2],
							"inflate": 0.0002,
							"uv": {
								"north": {"uv": [122, 98], "uv_size": [10, 10]},
								"east": {"uv": [112, 98], "uv_size": [10, 10]},
								"south": {"uv": [142, 98], "uv_size": [10, 10]},
								"west": {"uv": [132, 98], "uv_size": [10, 10]},
								"up": {"uv": [122, 88], "uv_size": [10, 10]},
								"down": {"uv": [142, 98], "uv_size": [-10, -10]}
							}
						},
						{
							"origin": [-1.1, 24, -18.1],
							"size": [1.2, 4.2, 3.2],
							"inflate": 0.0002,
							"uv": {
								"north": {"uv": [6, 6], "uv_size": [2, 4]},
								"east": {"uv": [0, 6], "uv_size": [6, 4]},
								"south": {"uv": [6, 6], "uv_size": [2, 4]},
								"west": {"uv": [8, 6], "uv_size": [6, 4]},
								"up": {"uv": [6, 0], "uv_size": [2, 6]},
								"down": {"uv": [142, 98], "uv_size": [-10, -10]}
							}
						}
					]
				},
				{
					"name": "neck2",
					"parent": "neck",
					"pivot": [-0.5, 21.1, -18],
					"rotation": [-10, 0, 0],
					"cubes": [
						{
							"origin": [-4.35, 17.25, -21.1],
							"size": [7.7, 8.7, 4.2],
							"inflate": 0.0002,
							"uv": {
								"north": {"uv": [122, 98], "uv_size": [10, 10]},
								"east": {"uv": [112, 98], "uv_size": [10, 10]},
								"south": {"uv": [142, 98], "uv_size": [10, 10]},
								"west": {"uv": [132, 98], "uv_size": [10, 10]},
								"up": {"uv": [122, 88], "uv_size": [10, 10]},
								"down": {"uv": [142, 98], "uv_size": [-10, -10]}
							}
						}
					]
				},
				{
					"name": "neck3",
					"parent": "neck2",
					"pivot": [-0.5, 21.1, -21],
					"rotation": [-10, 0, 0],
					"cubes": [
						{
							"origin": [-4.1, 17.5, -24.1],
							"size": [7.2, 8.2, 4.2],
							"inflate": 0.0002,
							"uv": {
								"north": {"uv": [122, 98], "uv_size": [10, 10]},
								"east": {"uv": [112, 98], "uv_size": [10, 10]},
								"south": {"uv": [142, 98], "uv_size": [10, 10]},
								"west": {"uv": [132, 98], "uv_size": [10, 10]},
								"up": {"uv": [122, 88], "uv_size": [10, 10]},
								"down": {"uv": [142, 98], "uv_size": [-10, -10]}
							}
						},
						{
							"origin": [-1.1, 23.5, -24.1],
							"size": [1.2, 4.2, 3.2],
							"inflate": 0.0002,
							"uv": {
								"north": {"uv": [6, 6], "uv_size": [2, 4]},
								"east": {"uv": [0, 6], "uv_size": [6, 4]},
								"south": {"uv": [6, 6], "uv_size": [2, 4]},
								"west": {"uv": [8, 6], "uv_size": [6, 4]},
								"up": {"uv": [6, 0], "uv_size": [2, 6]},
								"down": {"uv": [142, 98], "uv_size": [-10, -10]}
							}
						}
					]
				},
				{
					"name": "neck4",
					"parent": "neck3",
					"pivot": [-0.5, 21.1, -24],
					"rotation": [-10, 0, 0],
					"cubes": [
						{
							"origin": [-3.975, 17.625, -27.1],
							"size": [6.95, 7.95, 4.2],
							"inflate": 0.0002,
							"uv": {
								"north": {"uv": [122, 98], "uv_size": [10, 10]},
								"east": {"uv": [112, 98], "uv_size": [10, 10]},
								"south": {"uv": [142, 98], "uv_size": [10, 10]},
								"west": {"uv": [132, 98], "uv_size": [10, 10]},
								"up": {"uv": [122, 88], "uv_size": [10, 10]},
								"down": {"uv": [142, 98], "uv_size": [-10, -10]}
							}
						}
					]
				},
				{
					"name": "neck5",
					"parent": "neck4",
					"pivot": [-0.5, 21.1, -27],
					"rotation": [-5, 0, 0],
					"cubes": [
						{
							"origin": [-3.85, 17.75, -30.1],
							"size": [6.7, 7.7, 4.2],
							"inflate": 0.0002,
							"uv": {
								"north": {"uv": [122, 98], "uv_size": [10, 10]},
								"east": {"uv": [112, 98], "uv_size": [10, 10]},
								"south": {"uv": [142, 98], "uv_size": [10, 10]},
								"west": {"uv": [132, 98], "uv_size": [10, 10]},
								"up": {"uv": [122, 88], "uv_size": [10, 10]},
								"down": {"uv": [142, 98], "uv_size": [-10, -10]}
							}
						},
						{
							"origin": [-1.1, 23.75, -30.1],
							"size": [1.2, 3.7, 3.2],
							"inflate": 0.0002,
							"uv": {
								"north": {"uv": [6, 6], "uv_size": [2, 4]},
								"east": {"uv": [0, 6], "uv_size": [6, 4]},
								"south": {"uv": [6, 6], "uv_size": [2, 4]},
								"west": {"uv": [8, 6], "uv_size": [6, 4]},
								"up": {"uv": [6, 0], "uv_size": [2, 6]},
								"down": {"uv": [142, 98], "uv_size": [-10, -10]}
							}
						}
					]
				},
				{
					"name": "neck6",
					"parent": "neck5",
					"pivot": [-0.5, 21.1, -31],
					"rotation": [5, 0, 0],
					"cubes": [
						{
							"origin": [-3.725, 17.875, -33.1],
							"size": [6.45, 7.45, 4.2],
							"inflate": 0.0002,
							"uv": {
								"north": {"uv": [122, 98], "uv_size": [10, 10]},
								"east": {"uv": [112, 98], "uv_size": [10, 10]},
								"south": {"uv": [142, 98], "uv_size": [10, 10]},
								"west": {"uv": [132, 98], "uv_size": [10, 10]},
								"up": {"uv": [122, 88], "uv_size": [10, 10]},
								"down": {"uv": [142, 98], "uv_size": [-10, -10]}
							}
						}
					]
				},
				{
					"name": "neck7",
					"parent": "neck6",
					"pivot": [-0.5, 21.1, -33],
					"rotation": [15, 0, 0],
					"cubes": [
						{
							"origin": [-3.6, 18, -36.1],
							"size": [6.2, 7.2, 4.2],
							"inflate": 0.0002,
							"uv": {
								"north": {"uv": [122, 98], "uv_size": [10, 10]},
								"east": {"uv": [112, 98], "uv_size": [10, 10]},
								"south": {"uv": [142, 98], "uv_size": [10, 10]},
								"west": {"uv": [132, 98], "uv_size": [10, 10]},
								"up": {"uv": [122, 88], "uv_size": [10, 10]},
								"down": {"uv": [142, 98], "uv_size": [-10, -10]}
							}
						},
						{
							"origin": [-1.1, 23, -35.1],
							"size": [1.2, 4.2, 3.2],
							"inflate": 0.0002,
							"uv": {
								"north": {"uv": [6, 6], "uv_size": [2, 4]},
								"east": {"uv": [0, 6], "uv_size": [6, 4]},
								"south": {"uv": [6, 6], "uv_size": [2, 4]},
								"west": {"uv": [8, 6], "uv_size": [6, 4]},
								"up": {"uv": [6, 0], "uv_size": [2, 6]},
								"down": {"uv": [142, 98], "uv_size": [-10, -10]}
							}
						}
					]
				},
				{
					"name": "head",
					"parent": "neck7",
					"pivot": [-0.5, 21.1, -35],
					"rotation": [20, 0, 0],
					"cubes": [
						{
							"origin": [0.9, 23.5, -39.1],
							"size": [2.2, 2.2, 11.2],
							"inflate": 0.0002,
							"pivot": [3, 24.1, -38],
							"rotation": [25, 25, 0],
							"uv": {
								"north": {"uv": [10, 6], "uv_size": [6, 4]},
								"east": {"uv": [10, 6], "uv_size": [6, 4]},
								"south": {"uv": [10, 6], "uv_size": [6, 4]},
								"west": {"uv": [10, 6], "uv_size": [6, 4]},
								"up": {"uv": [16, 10], "uv_size": [-6, -4]},
								"down": {"uv": [10, 10], "uv_size": [6, -4]}
							}
						},
						{
							"origin": [-4.1, 23.5, -39.1],
							"size": [2.2, 2.2, 11.2],
							"inflate": 0.0002,
							"pivot": [-4, 24.1, -38],
							"rotation": [25, -25, 0],
							"uv": {
								"north": {"uv": [10, 6], "uv_size": [6, 4]},
								"east": {"uv": [10, 6], "uv_size": [6, 4]},
								"south": {"uv": [10, 6], "uv_size": [6, 4]},
								"west": {"uv": [10, 6], "uv_size": [6, 4]},
								"up": {"uv": [16, 10], "uv_size": [-6, -4]},
								"down": {"uv": [10, 10], "uv_size": [6, -4]}
							}
						},
						{
							"origin": [-5.1, 18, -45.1],
							"size": [9.2, 8.7, 10.2],
							"inflate": 0.0002,
							"uv": {
								"north": {"uv": [16, 16], "uv_size": [16, 16]},
								"east": {"uv": [0, 16], "uv_size": [16, 16]},
								"south": {"uv": [48, 16], "uv_size": [16, 16]},
								"west": {"uv": [32, 16], "uv_size": [16, 16]},
								"up": {"uv": [16, 0], "uv_size": [16, 16]},
								"down": {"uv": [64, 32], "uv_size": [-16, -16]}
							}
						},
						{
							"origin": [-3.1, 22.5, -52.1],
							"size": [1.2, 1.7, 3.2],
							"inflate": 0.0002,
							"uv": {
								"north": {"uv": [54, 4], "uv_size": [4, 2]},
								"east": {"uv": [54, 4], "uv_size": [4, 2]},
								"south": {"uv": [54, 4], "uv_size": [4, 2]},
								"west": {"uv": [54, 4], "uv_size": [4, 2]},
								"up": {"uv": [58, 6], "uv_size": [-4, -2]},
								"down": {"uv": [54, 6], "uv_size": [4, -2]}
							}
						},
						{
							"origin": [0.9, 22.5, -52.1],
							"size": [1.2, 1.7, 3.2],
							"inflate": 0.0002,
							"uv": {
								"north": {"uv": [54, 4], "uv_size": [4, 2]},
								"east": {"uv": [54, 4], "uv_size": [4, 2]},
								"south": {"uv": [54, 4], "uv_size": [4, 2]},
								"west": {"uv": [54, 4], "uv_size": [4, 2]},
								"up": {"uv": [58, 6], "uv_size": [-4, -2]},
								"down": {"uv": [54, 6], "uv_size": [4, -2]}
							}
						},
						{
							"origin": [-4.1, 20.5, -53.6],
							"size": [7.2, 2.7, 8.7],
							"inflate": 0.0002,
							"uv": {
								"north": {"uv": [72, 104], "uv_size": [12, 5]},
								"east": {"uv": [56, 104], "uv_size": [16, 5]},
								"south": {"uv": [100, 104], "uv_size": [12, 5]},
								"west": {"uv": [84, 104], "uv_size": [16, 5]},
								"up": {"uv": [72, 88], "uv_size": [12, 16]},
								"down": {"uv": [142, 98], "uv_size": [-10, -10]}
							}
						}
					]
				},
				{
					"name": "jaw",
					"parent": "head",
					"pivot": [-0.5, 20.1, -45],
					"cubes": [
						{
							"origin": [-4.1, 18, -53.1],
							"size": [7.2, 2.7, 8.2],
							"inflate": 0.0002,
							"uv": {
								"north": {"uv": [16, 104], "uv_size": [12, 4]},
								"east": {"uv": [0, 104], "uv_size": [16, 4]},
								"south": {"uv": [44, 104], "uv_size": [12, 4]},
								"west": {"uv": [28, 104], "uv_size": [16, 4]},
								"up": {"uv": [16, 88], "uv_size": [12, 16]},
								"down": {"uv": [40, 104], "uv_size": [-12, -16]}
							}
						}
					]
				},
				{
					"name": "body2",
					"parent": "body",
					"pivot": [5, 3.1, 0],
					"cubes": [
						{
							"origin": [-7.1, 13.75, -15.1],
							"size": [13.2, 14.7, 31.2],
							"inflate": 0.0002,
							"uv": {
								"north": {"uv": [64, 64], "uv_size": [24, 24]},
								"east": {"uv": [0, 64], "uv_size": [64, 24]},
								"south": {"uv": [152, 64], "uv_size": [24, 24]},
								"west": {"uv": [88, 64], "uv_size": [64, 24]},
								"up": {"uv": [64, 0], "uv_size": [24, 64]},
								"down": {"uv": [112, 64], "uv_size": [-24, -64]}
							}
						},
						{
							"origin": [-1.1, 27.75, -14.1],
							"size": [1.2, 3.7, 7.2],
							"inflate": 0.0002,
							"uv": {
								"north": {"uv": [14, 44], "uv_size": [12, 6]},
								"east": {"uv": [14, 44], "uv_size": [12, 6]},
								"south": {"uv": [14, 44], "uv_size": [12, 6]},
								"west": {"uv": [14, 44], "uv_size": [12, 6]},
								"up": {"uv": [26, 50], "uv_size": [-12, -6]},
								"down": {"uv": [14, 50], "uv_size": [12, -6]}
							}
						},
						{
							"origin": [-1.1, 27.75, -5.1],
							"size": [1.2, 3.7, 7.2],
							"inflate": 0.0002,
							"uv": {
								"north": {"uv": [14, 44], "uv_size": [12, 6]},
								"east": {"uv": [14, 44], "uv_size": [12, 6]},
								"south": {"uv": [14, 44], "uv_size": [12, 6]},
								"west": {"uv": [14, 44], "uv_size": [12, 6]},
								"up": {"uv": [26, 50], "uv_size": [-12, -6]},
								"down": {"uv": [14, 50], "uv_size": [12, -6]}
							}
						},
						{
							"origin": [-1.1, 27.75, 5.9],
							"size": [1.2, 3.7, 7.2],
							"inflate": 0.0002,
							"uv": {
								"north": {"uv": [14, 44], "uv_size": [12, 6]},
								"east": {"uv": [14, 44], "uv_size": [12, 6]},
								"south": {"uv": [14, 44], "uv_size": [12, 6]},
								"west": {"uv": [14, 44], "uv_size": [12, 6]},
								"up": {"uv": [26, 50], "uv_size": [-12, -6]},
								"down": {"uv": [14, 50], "uv_size": [12, -6]}
							}
						}
					]
				},
				{
					"name": "wing",
					"parent": "body",
					"pivot": [5, 28.1, -13],
					"rotation": [15, 0, 45],
					"cubes": [
						{
							"origin": [3.9, 26, -13.1],
							"size": [3.2, 3.2, 29.2],
							"inflate": 0.0002,
							"uv": {
								"north": {"uv": [6, 158], "uv_size": [3, 3]},
								"east": {"uv": [6, 158], "uv_size": [55, 6]},
								"south": {"uv": [34, 158], "uv_size": [-28, 6]},
								"west": {"uv": [6, 158], "uv_size": [55, 6]},
								"up": {"uv": [6, 164], "uv_size": [28, -6]},
								"down": {"uv": [34, 164], "uv_size": [-28, -6]}
							}
						},
						{
							"origin": [5.4, 15, -6.1],
							"size": [0.2, 12.2, 24.2],
							"inflate": 0.0002,
							"uv": {
								"north": {"uv": [14.5, 93.5], "uv_size": [0, 15.5]},
								"east": {"uv": [166, 255], "uv_size": [28, -24]},
								"south": {"uv": [29, 93.5], "uv_size": [0, 15.5]}
							}
						}
					]
				},
				{
					"name": "wing2",
					"parent": "wing",
					"pivot": [5.5, 27.1, 15],
					"rotation": [-10, 0, 0],
					"cubes": [
						{
							"origin": [3.9, 26, -25.1],
							"size": [3.2, 3.2, 41.2],
							"inflate": 0.0002,
							"pivot": [5, 28.1, 15],
							"rotation": [-20, 0, 0],
							"uv": {
								"north": {"uv": [6, 158], "uv_size": [3, 3]},
								"east": {"uv": [6, 158], "uv_size": [55, 6]},
								"south": {"uv": [34, 158], "uv_size": [-28, 6]},
								"west": {"uv": [6, 158], "uv_size": [55, 6]},
								"up": {"uv": [6, 164], "uv_size": [28, -6]},
								"down": {"uv": [34, 164], "uv_size": [-28, -6]}
							}
						}
					]
				},
				{
					"name": "wing3",
					"parent": "wing2",
					"pivot": [5.5, 41.1, -22],
					"rotation": [-10, 0, 0],
					"cubes": [
						{
							"origin": [4.15, 40.25, -22.20107],
							"size": [2.7, 2.7, 59.2],
							"inflate": 0.0002,
							"pivot": [5.5, 42.1, -22],
							"rotation": [15, 0, 0],
							"uv": {
								"north": {"uv": [34, 158], "uv_size": [-28, 6]},
								"east": {"uv": [6, 158], "uv_size": [55, 6]},
								"south": {"uv": [6, 158], "uv_size": [3, 3]},
								"west": {"uv": [6, 158], "uv_size": [55, 6]},
								"up": {"uv": [38, 161], "uv_size": [-6, -44]},
								"down": {"uv": [38, 161], "uv_size": [-6, -44]}
							}
						},
						{
							"origin": [5.4, 9.25, -21.20107],
							"size": [0.2, 31.7, 58.2],
							"inflate": 0.0002,
							"pivot": [5, 42.1, -22],
							"rotation": [15, 0, 0],
							"uv": {
								"north": {"uv": [29.5, 29.5], "uv_size": [0, 16]},
								"east": {"uv": [0, 223], "uv_size": [69, -45]},
								"south": {"uv": [59, 29.5], "uv_size": [0, 16]}
							}
						}
					]
				},
				{
					"name": "wingfinger",
					"parent": "wing3",
					"pivot": [5.5, 41.1, -22],
					"rotation": [10, 0, 0],
					"cubes": [
						{
							"origin": [4.4, 40.25, -22.20107],
							"size": [2.2, 2.2, 59.2],
							"inflate": 0.0002,
							"uv": {
								"north": {"uv": [34, 158], "uv_size": [-28, 6]},
								"east": {"uv": [6, 158], "uv_size": [55, 6]},
								"south": {"uv": [6, 158], "uv_size": [3, 3]},
								"west": {"uv": [6, 158], "uv_size": [55, 6]},
								"up": {"uv": [38, 161], "uv_size": [-6, -44]},
								"down": {"uv": [38, 161], "uv_size": [-6, -44]}
							}
						},
						{
							"origin": [5.4, -2.75, -22.20107],
							"size": [0.2, 45.2, 55.2],
							"inflate": 0.0002,
							"uv": {
								"north": {"uv": [29.5, 45.5], "uv_size": [0, 16]},
								"east": {"uv": [0, 223], "uv_size": [69, -45]},
								"south": {"uv": [59, 45.5], "uv_size": [0, 16]}
							}
						}
					]
				},
				{
					"name": "wingfinger2",
					"parent": "wingfinger",
					"pivot": [5.5, 41.1, -22],
					"rotation": [-5, 0, 0],
					"cubes": [
						{
							"origin": [4.4, 40.25, -22.20107],
							"size": [2.2, 2.2, 59.2],
							"inflate": 0.0002,
							"uv": {
								"north": {"uv": [34, 158], "uv_size": [-28, 6]},
								"east": {"uv": [6, 158], "uv_size": [55, 6]},
								"south": {"uv": [6, 158], "uv_size": [3, 3]},
								"west": {"uv": [6, 158], "uv_size": [55, 6]},
								"up": {"uv": [38, 161], "uv_size": [-6, -44]},
								"down": {"uv": [38, 161], "uv_size": [-6, -44]}
							}
						},
						{
							"origin": [5.4, 11.25, -22.20107],
							"size": [0.2, 31.2, 58.2],
							"inflate": 0.0002,
							"uv": {
								"north": {"uv": [0, 223], "uv_size": [69, -45]},
								"east": {"uv": [0, 223], "uv_size": [69, -45]}
							}
						}
					]
				},
				{
					"name": "wingfinger3",
					"parent": "wingfinger2",
					"pivot": [5.5, 41.1, -22],
					"rotation": [-5, 0, 0],
					"cubes": [
						{
							"origin": [4.4, 40.25, -22.20107],
							"size": [2.2, 2.2, 59.2],
							"inflate": 0.0002,
							"uv": {
								"north": {"uv": [34, 158], "uv_size": [-28, 6]},
								"east": {"uv": [6, 158], "uv_size": [55, 6]},
								"south": {"uv": [6, 158], "uv_size": [3, 3]},
								"west": {"uv": [6, 158], "uv_size": [55, 6]},
								"up": {"uv": [38, 161], "uv_size": [-6, -44]},
								"down": {"uv": [38, 161], "uv_size": [-6, -44]}
							}
						},
						{
							"origin": [5.4, 16.25, -22.20107],
							"size": [0.2, 26.2, 59.2],
							"inflate": 0.0002,
							"uv": {
								"east": {"uv": [0, 223], "uv_size": [69, -45]}
							}
						}
					]
				},
				{
					"name": "wing4",
					"parent": "body",
					"pivot": [-6, 28.1, -13],
					"rotation": [15, 0, -45],
					"cubes": [
						{
							"origin": [-8.1, 26, -13.1],
							"size": [3.2, 3.2, 29.2],
							"inflate": 0.0002,
							"uv": {
								"north": {"uv": [6, 158], "uv_size": [3, 3]},
								"east": {"uv": [6, 158], "uv_size": [55, 6]},
								"south": {"uv": [6, 158], "uv_size": [28, 6]},
								"west": {"uv": [6, 158], "uv_size": [55, 6]},
								"up": {"uv": [38, 161], "uv_size": [-6, -44]},
								"down": {"uv": [38, 161], "uv_size": [-6, -44]}
							}
						},
						{
							"origin": [-6.6, 15, -6.1],
							"size": [0.2, 12.2, 24.2],
							"inflate": 0.0002,
							"uv": {
								"north": {"uv": [14.5, 93.5], "uv_size": [0, 15.5]},
								"south": {"uv": [29, 93.5], "uv_size": [0, 15.5]},
								"west": {"uv": [194, 255], "uv_size": [-28, -24]},
								"up": {"uv": [14.5, 79], "uv_size": [0, 14.5]},
								"down": {"uv": [14.5, 93.5], "uv_size": [0, -14.5]}
							}
						}
					]
				},
				{
					"name": "wing5",
					"parent": "wing4",
					"pivot": [-6.5, 27.1, 15],
					"rotation": [-10, 0, 0],
					"cubes": [
						{
							"origin": [-8.1, 26, -25.1],
							"size": [3.2, 3.2, 41.2],
							"inflate": 0.0002,
							"pivot": [-6, 28.1, 15],
							"rotation": [-20, 0, 0],
							"uv": {
								"north": {"uv": [6, 158], "uv_size": [3, 3]},
								"east": {"uv": [6, 158], "uv_size": [55, 6]},
								"south": {"uv": [6, 158], "uv_size": [28, 6]},
								"west": {"uv": [6, 158], "uv_size": [55, 6]},
								"up": {"uv": [38, 161], "uv_size": [-6, -44]},
								"down": {"uv": [38, 161], "uv_size": [-6, -44]}
							}
						}
					]
				},
				{
					"name": "wing6",
					"parent": "wing5",
					"pivot": [-6.5, 41.1, -22],
					"rotation": [-10, 0, 0],
					"cubes": [
						{
							"origin": [-7.85, 40.25, -22.20107],
							"size": [2.7, 2.7, 59.2],
							"inflate": 0.0002,
							"pivot": [-6.5, 42.1, -22],
							"rotation": [15, 0, 0],
							"uv": {
								"north": {"uv": [6, 158], "uv_size": [3, 3]},
								"east": {"uv": [6, 158], "uv_size": [55, 6]},
								"south": {"uv": [6, 158], "uv_size": [3, 3]},
								"west": {"uv": [6, 158], "uv_size": [55, 6]},
								"up": {"uv": [38, 161], "uv_size": [-6, -44]},
								"down": {"uv": [38, 161], "uv_size": [-6, -44]}
							}
						},
						{
							"origin": [-6.6, 9.25, -21.20107],
							"size": [0.2, 31.7, 58.2],
							"inflate": 0.0002,
							"pivot": [-6, 42.1, -22],
							"rotation": [15, 0, 0],
							"uv": {
								"north": {"uv": [29.5, 29.5], "uv_size": [0, 16]},
								"south": {"uv": [59, 29.5], "uv_size": [0, 16]},
								"west": {"uv": [69, 223], "uv_size": [-69, -45]}
							}
						}
					]
				},
				{
					"name": "wingfinger4",
					"parent": "wing6",
					"pivot": [-6.5, 41.1, -22],
					"rotation": [10, 0, 0],
					"cubes": [
						{
							"origin": [-7.6, 40.25, -22.20107],
							"size": [2.2, 2.2, 59.2],
							"inflate": 0.0002,
							"uv": {
								"north": {"uv": [6, 158], "uv_size": [28, 6]},
								"east": {"uv": [6, 158], "uv_size": [55, 6]},
								"south": {"uv": [6, 158], "uv_size": [3, 3]},
								"west": {"uv": [6, 158], "uv_size": [55, 6]},
								"up": {"uv": [38, 161], "uv_size": [-6, -44]},
								"down": {"uv": [38, 161], "uv_size": [-6, -44]}
							}
						},
						{
							"origin": [-6.6, -2.75, -22.20107],
							"size": [0.2, 45.2, 55.2],
							"inflate": 0.0002,
							"uv": {
								"north": {"uv": [29.5, 45.5], "uv_size": [0, 16]},
								"south": {"uv": [59, 45.5], "uv_size": [0, 16]},
								"west": {"uv": [69, 223], "uv_size": [-69, -45]}
							}
						}
					]
				},
				{
					"name": "wingfinger5",
					"parent": "wingfinger4",
					"pivot": [-6.5, 41.1, -22],
					"rotation": [-5, 0, 0],
					"cubes": [
						{
							"origin": [-7.6, 40.25, -22.20107],
							"size": [2.2, 2.2, 59.2],
							"inflate": 0.0002,
							"uv": {
								"north": {"uv": [6, 158], "uv_size": [28, 6]},
								"east": {"uv": [6, 158], "uv_size": [55, 6]},
								"south": {"uv": [6, 158], "uv_size": [3, 3]},
								"west": {"uv": [6, 158], "uv_size": [55, 6]},
								"up": {"uv": [38, 161], "uv_size": [-6, -44]},
								"down": {"uv": [38, 161], "uv_size": [-6, -44]}
							}
						},
						{
							"origin": [-6.6, 11.25, -22.20107],
							"size": [0.2, 31.2, 58.2],
							"inflate": 0.0002,
							"uv": {
								"north": {"uv": [69, 223], "uv_size": [-69, -45]},
								"west": {"uv": [69, 223], "uv_size": [-69, -45]}
							}
						}
					]
				},
				{
					"name": "wingfinger6",
					"parent": "wingfinger5",
					"pivot": [-6.5, 41.1, -22],
					"rotation": [-5, 0, 0],
					"cubes": [
						{
							"origin": [-7.6, 40.25, -22.20107],
							"size": [2.2, 2.2, 59.2],
							"inflate": 0.0002,
							"uv": {
								"north": {"uv": [6, 158], "uv_size": [28, 6]},
								"east": {"uv": [6, 158], "uv_size": [55, 6]},
								"south": {"uv": [6, 158], "uv_size": [3, 3]},
								"west": {"uv": [6, 158], "uv_size": [55, 6]},
								"up": {"uv": [38, 161], "uv_size": [-6, -44]},
								"down": {"uv": [38, 161], "uv_size": [-6, -44]}
							}
						},
						{
							"origin": [-6.6, 16.25, -22.20107],
							"size": [0.2, 26.2, 59.2],
							"inflate": 0.0002,
							"uv": {
								"west": {"uv": [69, 223], "uv_size": [-69, -45]}
							}
						}
					]
				},
				{
					"name": "bone",
					"pivot": [0, 0, 0]
				}
			]
		}
	]
}