{
	"format_version": "1.12.0",
	"minecraft:geometry": [
		{
			"description": {
				"identifier": "geometry.dragonbase_head",
				"texture_width": 256,
				"texture_height": 256,
				"visible_bounds_width": 4,
				"visible_bounds_height": 2,
				"visible_bounds_offset": [0, 1, 0]
			},
			"bones": [
				{
					"name": "bone",
					"pivot": [0, 0, 0],
					"cubes": [
						{
							"origin": [-6, 0, -22],
							"size": [12, 4, 16],
							"uv": {
								"north": {"uv": [16, 104], "uv_size": [12, 4]},
								"east": {"uv": [0, 104], "uv_size": [16, 4]},
								"south": {"uv": [44, 104], "uv_size": [12, 4]},
								"west": {"uv": [28, 104], "uv_size": [16, 4]},
								"up": {"uv": [16, 88], "uv_size": [12, 16]},
								"down": {"uv": [28, 104], "uv_size": [12, -16]}
							}
						},
						{
							"origin": [-6, 4, -22],
							"size": [12, 4, 16],
							"uv": {
								"north": {"uv": [72, 104], "uv_size": [12, 5]},
								"east": {"uv": [56, 104], "uv_size": [16, 5]},
								"south": {"uv": [100, 104], "uv_size": [12, 5]},
								"west": {"uv": [84, 104], "uv_size": [16, 5]},
								"up": {"uv": [72, 88], "uv_size": [12, 16]},
								"down": {"uv": [84, 104], "uv_size": [12, -16]}
							}
						},
						{
							"origin": [-5, 8, -20],
							"size": [2, 2, 4],
							"uv": {
								"north": {"uv": [54, 4], "uv_size": [-2, 2]},
								"east": {"uv": [58, 4], "uv_size": [-4, 2]},
								"south": {"uv": [60, 4], "uv_size": [-2, 2]},
								"west": {"uv": [52, 4], "uv_size": [-4, 2]},
								"up": {"uv": [54, 0], "uv_size": [-2, 4]},
								"down": {"uv": [56, 4], "uv_size": [-2, -4]}
							}
						},
						{
							"origin": [3, 8, -20],
							"size": [2, 2, 4],
							"uv": {
								"north": {"uv": [52, 4], "uv_size": [2, 2]},
								"east": {"uv": [48, 4], "uv_size": [4, 2]},
								"south": {"uv": [58, 4], "uv_size": [2, 2]},
								"west": {"uv": [54, 4], "uv_size": [4, 2]},
								"up": {"uv": [52, 0], "uv_size": [2, 4]},
								"down": {"uv": [54, 4], "uv_size": [2, -4]}
							}
						},
						{
							"origin": [-8, 0, -8],
							"size": [16, 14.5, 16],
							"uv": {
								"north": {"uv": [16, 16], "uv_size": [16, 14]},
								"east": {"uv": [0, 16], "uv_size": [16, 14]},
								"south": {"uv": [48, 16], "uv_size": [16, 14]},
								"west": {"uv": [32, 16], "uv_size": [16, 14]},
								"up": {"uv": [16, 0], "uv_size": [16, 16]},
								"down": {"uv": [32, 16], "uv_size": [16, -16]}
							}
						},
						{
							"origin": [-4.74706, 6.4445, 11.77761],
							"size": [4, 4, 16.5],
							"pivot": [0, 0, 0],
							"rotation": [25, -25, 0],
							"uv": {
								"north": {"uv": [41, 39], "uv_size": [4, 4]},
								"east": {"uv": [44, 44], "uv_size": [14, 3]},
								"south": {"uv": [41, 39], "uv_size": [4, 4]},
								"west": {"uv": [44, 44], "uv_size": [14, 3]},
								"up": {"uv": [16, 49], "uv_size": [-4, -17]},
								"down": {"uv": [16, 49], "uv_size": [-4, -17]}
							}
						},
						{
							"origin": [0.74706, 6.4445, 11.77761],
							"size": [4, 4, 16.5],
							"pivot": [0, 0, 0],
							"rotation": [25, 25, 0],
							"uv": {
								"north": {"uv": [45, 39], "uv_size": [-4, 4]},
								"east": {"uv": [58, 44], "uv_size": [-14, 3]},
								"south": {"uv": [45, 39], "uv_size": [-4, 4]},
								"west": {"uv": [58, 44], "uv_size": [-14, 3]},
								"up": {"uv": [12, 49], "uv_size": [4, -17]},
								"down": {"uv": [12, 49], "uv_size": [4, -17]}
							}
						}
					]
				}
			]
		}
	]
}