{
	"format_version": "1.12.0",
	"minecraft:geometry": [
		{
			"description": {
				"identifier": "geometry.dragon_eye_lid",
				"texture_width": 256,
				"texture_height": 256,
				"visible_bounds_width": 18,
				"visible_bounds_height": 10.5,
				"visible_bounds_offset": [0, 1.75, 0]
			},
			"bones": [
				{
					"name": "body",
					"pivot": [-0.5, 22.6, -9.5]
				},
				{
					"name": "neck",
					"parent": "body",
					"pivot": [-0.5, 21.1, -15],
					"rotation": [-5, 0, 0]
				},
				{
					"name": "neck2",
					"parent": "neck",
					"pivot": [-0.5, 21.1, -18],
					"rotation": [-10, 0, 0]
				},
				{
					"name": "neck3",
					"parent": "neck2",
					"pivot": [-0.5, 21.1, -21],
					"rotation": [-10, 0, 0]
				},
				{
					"name": "neck4",
					"parent": "neck3",
					"pivot": [-0.5, 21.1, -24],
					"rotation": [-10, 0, 0]
				},
				{
					"name": "neck5",
					"parent": "neck4",
					"pivot": [-0.5, 21.1, -27],
					"rotation": [-5, 0, 0]
				},
				{
					"name": "neck6",
					"parent": "neck5",
					"pivot": [-0.5, 21.1, -31],
					"rotation": [5, 0, 0]
				},
				{
					"name": "neck7",
					"parent": "neck6",
					"pivot": [-0.5, 21.1, -33],
					"rotation": [15, 0, 0]
				},
				{
					"name": "head",
					"parent": "neck7",
					"pivot": [-0.5, 21.1, -35],
					"rotation": [20, 0, 0]
				},
				{
					"name": "eye_lid",
					"parent": "head",
					"pivot": [0, 32, -43],
					"cubes": [
						{
							"origin": [-4.5, 23.3, -44.65],
							"size": [8, 1.5, 0.45],
							"uv": {
								"north": {"uv": [52, 20], "uv_size": [8, 2]},
								"east": {"uv": [51, 21], "uv_size": [8, 2]},
								"south": {"uv": [51, 21], "uv_size": [8, 2]},
								"west": {"uv": [51, 21], "uv_size": [8, 2]},
								"up": {"uv": [59, 23], "uv_size": [-8, -2]},
								"down": {"uv": [59, 23], "uv_size": [-8, -2]}
							}
						}
					]
				}
			]
		}
	]
}