{
	"format_version": "1.12.0",
	"minecraft:geometry": [
		{
			"description": {
				"identifier": "geometry.dragonchest",
				"texture_width": 256,
				"texture_height": 256,
				"visible_bounds_width": 18,
				"visible_bounds_height": 10.5,
				"visible_bounds_offset": [0, 1.75, 0]
			},
			"bones": [
				{
					"name": "body",
					"pivot": [-0.5, 22.6, -9]
				},
				{
					"name": "body2",
					"parent": "body",
					"pivot": [5, 3.1, 0.5]
				},
				{
					"name": "chest",
					"parent": "body2",
					"pivot": [5, 3.1, -5.5],
					"cubes": [
						{
							"origin": [-8.5, 18.1, -0.5],
							"size": [1, 6.5, 6.5],
							"uv": {
								"north": {"uv": [207, 144], "uv_size": [1, 12]},
								"east": {"uv": [208, 144], "uv_size": [12, 12]},
								"south": {"uv": [207, 144], "uv_size": [1, 12]},
								"west": {"uv": [205, 123], "uv_size": [1, 1]},
								"up": {"uv": [208, 156], "uv_size": [-1, -12]},
								"down": {"uv": [208, 156], "uv_size": [-1, -12]}
							}
						},
						{
							"origin": [6.5, 18.1, -0.5],
							"size": [1, 6.5, 6.5],
							"uv": {
								"north": {"uv": [208, 144], "uv_size": [-1, 12]},
								"east": {"uv": [206, 123], "uv_size": [-1, 1]},
								"south": {"uv": [208, 144], "uv_size": [-1, 12]},
								"west": {"uv": [220, 144], "uv_size": [-12, 12]},
								"up": {"uv": [207, 156], "uv_size": [1, -12]},
								"down": {"uv": [207, 156], "uv_size": [1, -12]}
							}
						}
					]
				}
			]
		}
	]
}