{
	"format_version": "1.12.0",
	"minecraft:geometry": [
		{
			"description": {
				"identifier": "geometry.dragon_egg",
				"texture_width": 16,
				"texture_height": 16,
				"visible_bounds_width": 2,
				"visible_bounds_height": 2,
				"visible_bounds_offset": [0, 1, 0]
			},
			"bones": [
				{
					"name": "unknown_bone",
					"pivot": [0, 0, 0],
					"cubes": [
						{
							"origin": [-2, 15, -2],
							"size": [4, 1, 4],
							"uv": {
								"north": {"uv": [6, 0], "uv_size": [4, 1]},
								"east": {"uv": [6, 0], "uv_size": [4, 1]},
								"south": {"uv": [6, 0], "uv_size": [4, 1]},
								"west": {"uv": [6, 0], "uv_size": [4, 1]},
								"up": {"uv": [6, 6], "uv_size": [4, 4]},
								"down": {"uv": [3, 0], "uv_size": [-1, 1]}
							}
						},
						{
							"origin": [-3, 13, -3],
							"size": [6, 2, 6],
							"uv": {
								"north": {"uv": [5, 1], "uv_size": [6, 2]},
								"east": {"uv": [5, 1], "uv_size": [6, 2]},
								"south": {"uv": [5, 1], "uv_size": [6, 2]},
								"west": {"uv": [5, 1], "uv_size": [6, 2]},
								"up": {"uv": [5, 5], "uv_size": [6, 6]},
								"down": {"uv": [5, 5], "uv_size": [6, 6]}
							}
						},
						{
							"origin": [-6, 1, -6],
							"size": [12, 10, 12],
							"uv": {
								"north": {"uv": [2, 5], "uv_size": [12, 10]},
								"east": {"uv": [2, 5], "uv_size": [12, 10]},
								"south": {"uv": [2, 5], "uv_size": [12, 10]},
								"west": {"uv": [2, 5], "uv_size": [12, 10]},
								"up": {"uv": [2, 2], "uv_size": [12, 12]},
								"down": {"uv": [2, 2], "uv_size": [12, 12]}
							}
						},
						{
							"origin": [-5, 0, -5],
							"size": [10, 1, 10],
							"uv": {
								"north": {"uv": [3, 12], "uv_size": [10, 1]},
								"east": {"uv": [3, 12], "uv_size": [10, 1]},
								"south": {"uv": [3, 12], "uv_size": [10, 1]},
								"west": {"uv": [3, 12], "uv_size": [10, 1]},
								"up": {"uv": [3, 3], "uv_size": [10, 10]},
								"down": {"uv": [3, 3], "uv_size": [10, 10]}
							}
						},
						{
							"origin": [-7, 3, -7],
							"size": [14, 5, 14],
							"uv": {
								"north": {"uv": [1, 8], "uv_size": [14, 5]},
								"east": {"uv": [1, 8], "uv_size": [14, 5]},
								"south": {"uv": [1, 8], "uv_size": [14, 5]},
								"west": {"uv": [1, 8], "uv_size": [14, 5]},
								"up": {"uv": [1, 1], "uv_size": [14, 14]},
								"down": {"uv": [1, 1], "uv_size": [14, 14]}
							}
						},
						{
							"origin": [-5, 11, -5],
							"size": [10, 2, 10],
							"uv": {
								"north": {"uv": [3, 3], "uv_size": [10, 2]},
								"east": {"uv": [3, 3], "uv_size": [10, 2]},
								"south": {"uv": [3, 3], "uv_size": [10, 2]},
								"west": {"uv": [3, 3], "uv_size": [10, 2]},
								"up": {"uv": [3, 3], "uv_size": [10, 10]},
								"down": {"uv": [3, 3], "uv_size": [10, 10]}
							}
						}
					]
				}
			]
		}
	]
}