{
	"format_version": "1.12.0",
	"minecraft:geometry": [
		{
			"description": {
				"identifier": "geometry.dragonboss",
				"texture_width": 256,
				"texture_height": 256,
				"visible_bounds_width": 18,
				"visible_bounds_height": 10.5,
				"visible_bounds_offset": [0, 1.75, 0]
			},
			"bones": [
				{
					"name": "body",
					"pivot": [-0.5, 22.6, 9.5]
				},
				{
					"name": "legs",
					"parent": "body",
					"pivot": [5, 3.1, 0]
				},
				{
					"name": "thighRight2",
					"parent": "legs",
					"pivot": [6, 21.1, -12],
					"rotation": [30, 15, 0],
					"cubes": [
						{
							"origin": [4, 11.1, -15],
							"size": [5, 13, 6],
							"uv": {
								"north": {"uv": [139, 9], "uv_size": [9, 20]},
								"east": {"uv": [130, 9], "uv_size": [9, 20]},
								"south": {"uv": [121, 9], "uv_size": [9, 20]},
								"west": {"uv": [112, 9], "uv_size": [9, 20]},
								"up": {"uv": [78, 78], "uv_size": [2.5, -3]},
								"down": {"uv": [83, 75], "uv_size": [-2.5, 3]}
							}
						}
					]
				},
				{
					"name": "calfRight2",
					"parent": "thighRight2",
					"pivot": [6, 12.1, -10],
					"rotation": [-70, 0, 0],
					"cubes": [
						{
							"origin": [4.5, 2.1, -14],
							"size": [4, 10, 5],
							"uv": {
								"north": {"uv": [169, 7], "uv_size": [-7, 20]},
								"east": {"uv": [169, 7], "uv_size": [-7, 20]},
								"south": {"uv": [169, 7], "uv_size": [-7, 20]},
								"west": {"uv": [169, 7], "uv_size": [-7, 20]},
								"up": {"uv": [169, 7], "uv_size": [-7, 20]},
								"down": {"uv": [162, 7], "uv_size": [7, 20]}
							}
						}
					]
				},
				{
					"name": "ankleRight2",
					"parent": "calfRight2",
					"pivot": [6, 2.1, -11],
					"rotation": [-20, 0, 0],
					"cubes": [
						{
							"origin": [4, 1.1, -14],
							"size": [5, 3, 10],
							"uv": {
								"north": {"uv": [15, 27.5], "uv_size": [-2.5, 1.5]},
								"east": {"uv": [223, 46], "uv_size": [-17, 4]},
								"south": {"uv": [7.5, 27.5], "uv_size": [-2.5, 1.5]},
								"west": {"uv": [223, 46], "uv_size": [-17, 4]},
								"up": {"uv": [197, 46], "uv_size": [9, -17]},
								"down": {"uv": [215, 29], "uv_size": [-9, 17]}
							}
						}
					]
				},
				{
					"name": "footRight2",
					"parent": "ankleRight2",
					"pivot": [6, 3.1, -5],
					"rotation": [60, 0, 0],
					"cubes": [
						{
							"origin": [4, 1.1, -6],
							"size": [5, 3, 5.5],
							"uv": {
								"north": {"uv": [62, 28], "uv_size": [-2.5, 1.5]},
								"east": {"uv": [227, 6], "uv_size": [-4, 1.5]},
								"south": {"uv": [193, 8], "uv_size": [-9, 4]},
								"west": {"uv": [227, 6], "uv_size": [-4, 1.5]},
								"up": {"uv": [184, 8], "uv_size": [9, -8]},
								"down": {"uv": [193, 8], "uv_size": [-9, -8]}
							}
						}
					]
				},
				{
					"name": "thighLeft2",
					"parent": "legs",
					"pivot": [-6, 21.1, -12],
					"rotation": [30, -15, 0],
					"cubes": [
						{
							"origin": [-9, 11.1, -15],
							"size": [5, 13, 6],
							"uv": {
								"north": {"uv": [148, 9], "uv_size": [-9, 20]},
								"east": {"uv": [121, 9], "uv_size": [-9, 20]},
								"south": {"uv": [130, 9], "uv_size": [-9, 20]},
								"west": {"uv": [139, 9], "uv_size": [-9, 20]},
								"up": {"uv": [80.5, 78], "uv_size": [-2.5, -3]},
								"down": {"uv": [80.5, 75], "uv_size": [2.5, 3]}
							}
						}
					]
				},
				{
					"name": "calfLeft2",
					"parent": "thighLeft2",
					"pivot": [-6, 12.1, -10],
					"rotation": [-70, 0, 0],
					"cubes": [
						{
							"origin": [-8.5, 2.1, -14],
							"size": [4, 10, 5],
							"uv": {
								"north": {"uv": [162, 7], "uv_size": [7, 20]},
								"east": {"uv": [162, 7], "uv_size": [7, 20]},
								"south": {"uv": [162, 7], "uv_size": [7, 20]},
								"west": {"uv": [162, 7], "uv_size": [7, 20]},
								"up": {"uv": [162, 7], "uv_size": [7, 20]},
								"down": {"uv": [169, 7], "uv_size": [-7, 20]}
							}
						}
					]
				},
				{
					"name": "ankleLeft2",
					"parent": "calfLeft2",
					"pivot": [-6, 2.1, -11],
					"rotation": [-20, 0, 0],
					"cubes": [
						{
							"origin": [-9, 1.1, -14],
							"size": [5, 3, 10],
							"uv": {
								"north": {"uv": [12.5, 27.5], "uv_size": [2.5, 1.5]},
								"east": {"uv": [206, 46], "uv_size": [17, 4]},
								"south": {"uv": [5, 27.5], "uv_size": [2.5, 1.5]},
								"west": {"uv": [206, 46], "uv_size": [17, 4]},
								"up": {"uv": [206, 46], "uv_size": [-9, -17]},
								"down": {"uv": [206, 29], "uv_size": [9, 17]}
							}
						}
					]
				},
				{
					"name": "footLeft2",
					"parent": "ankleLeft2",
					"pivot": [-6, 3.1, -5],
					"rotation": [60, 0, 0],
					"cubes": [
						{
							"origin": [-9, 1.1, -6],
							"size": [5, 3, 5.5],
							"uv": {
								"north": {"uv": [59.5, 28], "uv_size": [2.5, 1.5]},
								"east": {"uv": [227, 6], "uv_size": [-4, 1.5]},
								"south": {"uv": [184, 8], "uv_size": [9, 4]},
								"west": {"uv": [227, 6], "uv_size": [-4, 1.5]},
								"up": {"uv": [193, 8], "uv_size": [-9, -8]},
								"down": {"uv": [184, 8], "uv_size": [9, -8]}
							}
						}
					]
				},
				{
					"name": "thighRight",
					"parent": "legs",
					"pivot": [5, 20.1, 6],
					"rotation": [-35, 0, 0],
					"cubes": [
						{
							"origin": [4, 13.1, 3],
							"size": [4.5, 10, 7],
							"uv": {
								"north": {"uv": [139, 9], "uv_size": [9, 20]},
								"east": {"uv": [130, 9], "uv_size": [9, 20]},
								"south": {"uv": [121, 9], "uv_size": [9, 20]},
								"west": {"uv": [112, 9], "uv_size": [9, 20]},
								"up": {"uv": [130, 9], "uv_size": [-9, -9]},
								"down": {"uv": [130, 0], "uv_size": [9, 9]}
							}
						}
					]
				},
				{
					"name": "calfRight",
					"parent": "thighRight",
					"pivot": [5, 13.1, 4],
					"rotation": [55, 0, 0],
					"cubes": [
						{
							"origin": [3.75, 3.1, 3.5],
							"size": [4.5, 10, 5],
							"uv": {
								"north": {"uv": [176, 7], "uv_size": [-7, 20]},
								"east": {"uv": [155, 7], "uv_size": [-7, 20]},
								"south": {"uv": [162, 7], "uv_size": [-7, 20]},
								"west": {"uv": [169, 7], "uv_size": [-7, 20]},
								"up": {"uv": [43, 96], "uv_size": [2, -2.5]},
								"down": {"uv": [47, 93.5], "uv_size": [-2, 2.5]}
							}
						}
					]
				},
				{
					"name": "ankleRight",
					"parent": "calfRight",
					"pivot": [6, 3.1, 4],
					"rotation": [25, 0, 0],
					"cubes": [
						{
							"origin": [3.5, -4.9, 3.5],
							"size": [5, 9, 4],
							"uv": {
								"north": {"uv": [160, 35], "uv_size": [7, 16]},
								"east": {"uv": [152, 36], "uv_size": [7, 16]},
								"south": {"uv": [160, 35], "uv_size": [7, 16]},
								"west": {"uv": [152, 36], "uv_size": [7, 16]},
								"up": {"uv": [103, 77], "uv_size": [2.5, -2]},
								"down": {"uv": [108, 75], "uv_size": [-2.5, 2]}
							}
						}
					]
				},
				{
					"name": "footRight",
					"parent": "ankleRight",
					"pivot": [6, -4.9, 4],
					"rotation": [45, 0, 0],
					"cubes": [
						{
							"origin": [3.5, -9.9, 3.5],
							"size": [5, 5, 3],
							"uv": {
								"north": {"uv": [193, 0], "uv_size": [9, 8]},
								"east": {"uv": [201, 8], "uv_size": [-8, 4]},
								"south": {"uv": [184, 8], "uv_size": [9, -8]},
								"west": {"uv": [201, 8], "uv_size": [-8, 4]},
								"up": {"uv": [92.5, 105.5], "uv_size": [2.5, -1.5]},
								"down": {"uv": [184, 8], "uv_size": [9, 4]}
							}
						}
					]
				},
				{
					"name": "thighLeft",
					"parent": "legs",
					"pivot": [-5, 20.1, 6],
					"rotation": [-35, 0, 0],
					"cubes": [
						{
							"origin": [-8.5, 13.1, 3],
							"size": [4.5, 10, 7],
							"uv": {
								"north": {"uv": [148, 9], "uv_size": [-9, 20]},
								"east": {"uv": [121, 9], "uv_size": [-9, 20]},
								"south": {"uv": [130, 9], "uv_size": [-9, 20]},
								"west": {"uv": [139, 9], "uv_size": [-9, 20]},
								"up": {"uv": [121, 9], "uv_size": [9, -9]},
								"down": {"uv": [139, 0], "uv_size": [-9, 9]}
							}
						}
					]
				},
				{
					"name": "calfLeft",
					"parent": "thighLeft",
					"pivot": [-5, 13.1, 4],
					"rotation": [55, 0, 0],
					"cubes": [
						{
							"origin": [-8.25, 3.1, 3.5],
							"size": [4.5, 10, 5],
							"uv": {
								"north": {"uv": [169, 7], "uv_size": [7, 20]},
								"east": {"uv": [162, 7], "uv_size": [7, 20]},
								"south": {"uv": [155, 7], "uv_size": [7, 20]},
								"west": {"uv": [148, 7], "uv_size": [7, 20]},
								"up": {"uv": [45, 96], "uv_size": [-2, -2.5]},
								"down": {"uv": [45, 93.5], "uv_size": [2, 2.5]}
							}
						}
					]
				},
				{
					"name": "ankleLeft",
					"parent": "calfLeft",
					"pivot": [-6, 3.1, 4],
					"rotation": [25, 0, 0],
					"cubes": [
						{
							"origin": [-8.5, -4.9, 3.5],
							"size": [5, 9, 4],
							"uv": {
								"north": {"uv": [160, 35], "uv_size": [7, 16]},
								"east": {"uv": [152, 36], "uv_size": [7, 16]},
								"south": {"uv": [160, 35], "uv_size": [7, 16]},
								"west": {"uv": [152, 36], "uv_size": [7, 16]},
								"up": {"uv": [105.5, 77], "uv_size": [-2.5, -2]},
								"down": {"uv": [105.5, 75], "uv_size": [2.5, 2]}
							}
						}
					]
				},
				{
					"name": "footLeft",
					"parent": "ankleLeft",
					"pivot": [-6, -4.9, 4],
					"rotation": [45, 0, 0],
					"cubes": [
						{
							"origin": [-8.5, -9.9, 3.5],
							"size": [5, 5, 3],
							"uv": {
								"north": {"uv": [202, 0], "uv_size": [-9, 8]},
								"east": {"uv": [193, 8], "uv_size": [8, 4]},
								"south": {"uv": [193, 8], "uv_size": [-9, -8]},
								"west": {"uv": [193, 8], "uv_size": [8, 4]},
								"up": {"uv": [95, 105.5], "uv_size": [-2.5, -1.5]},
								"down": {"uv": [193, 8], "uv_size": [-9, 4]}
							}
						}
					]
				},
				{
					"name": "tail",
					"parent": "body",
					"pivot": [-0.5, 20.1, -16],
					"rotation": [5, 0, 0],
					"cubes": [
						{
							"origin": [-5, 16.6, -24],
							"size": [9, 9, 9],
							"uv": {
								"north": {"uv": [132, 98], "uv_size": [-10, 10]},
								"east": {"uv": [122, 98], "uv_size": [-10, 10]},
								"south": {"uv": [132, 98], "uv_size": [-10, 10]},
								"west": {"uv": [122, 98], "uv_size": [-10, 10]},
								"up": {"uv": [122, 98], "uv_size": [10, -10]},
								"down": {"uv": [142, 88], "uv_size": [-10, 10]}
							}
						},
						{
							"origin": [-1.5, 24.6, -23],
							"size": [2, 4, 6],
							"uv": {
								"north": {"uv": [14, 6], "uv_size": [-6, 4]},
								"east": {"uv": [14, 6], "uv_size": [-6, 4]},
								"south": {"uv": [14, 6], "uv_size": [-6, 4]},
								"west": {"uv": [14, 6], "uv_size": [-6, 4]},
								"up": {"uv": [14, 6], "uv_size": [-6, 4]},
								"down": {"uv": [8, 6], "uv_size": [6, 4]}
							}
						}
					]
				},
				{
					"name": "tail2",
					"parent": "tail",
					"pivot": [-0.5, 21.1, -24],
					"rotation": [5, 0, 0],
					"cubes": [
						{
							"origin": [-4.75, 16.85, -32],
							"size": [8.5, 8.5, 8],
							"uv": {
								"north": {"uv": [132, 98], "uv_size": [-10, 10]},
								"east": {"uv": [122, 98], "uv_size": [-10, 10]},
								"south": {"uv": [132, 98], "uv_size": [-10, 10]},
								"west": {"uv": [122, 98], "uv_size": [-10, 10]},
								"up": {"uv": [122, 98], "uv_size": [10, -10]},
								"down": {"uv": [142, 88], "uv_size": [-10, 10]}
							}
						},
						{
							"origin": [-1.25, 23.85, -31],
							"size": [1.5, 4.5, 6],
							"uv": {
								"north": {"uv": [14, 6], "uv_size": [-6, 4]},
								"east": {"uv": [14, 6], "uv_size": [-6, 4]},
								"south": {"uv": [14, 6], "uv_size": [-6, 4]},
								"west": {"uv": [14, 6], "uv_size": [-6, 4]},
								"up": {"uv": [14, 6], "uv_size": [-6, 4]},
								"down": {"uv": [8, 6], "uv_size": [6, 4]}
							}
						}
					]
				},
				{
					"name": "tail3",
					"parent": "tail2",
					"pivot": [-0.5, 21.1, -32],
					"rotation": [5, 0, 0],
					"cubes": [
						{
							"origin": [-4.25, 17.35, -40],
							"size": [7.5, 7.5, 8],
							"uv": {
								"north": {"uv": [132, 98], "uv_size": [-10, 10]},
								"east": {"uv": [122, 98], "uv_size": [-10, 10]},
								"south": {"uv": [132, 98], "uv_size": [-10, 10]},
								"west": {"uv": [122, 98], "uv_size": [-10, 10]},
								"up": {"uv": [122, 98], "uv_size": [10, -10]},
								"down": {"uv": [142, 88], "uv_size": [-10, 10]}
							}
						},
						{
							"origin": [-1.25, 24.35, -39],
							"size": [1.5, 3.5, 6],
							"uv": {
								"north": {"uv": [14, 6], "uv_size": [-6, 4]},
								"east": {"uv": [14, 6], "uv_size": [-6, 4]},
								"south": {"uv": [14, 6], "uv_size": [-6, 4]},
								"west": {"uv": [14, 6], "uv_size": [-6, 4]},
								"up": {"uv": [14, 6], "uv_size": [-6, 4]},
								"down": {"uv": [8, 6], "uv_size": [6, 4]}
							}
						}
					]
				},
				{
					"name": "tail4",
					"parent": "tail3",
					"pivot": [-0.5, 21.1, -40],
					"rotation": [5, 0, 0],
					"cubes": [
						{
							"origin": [-4, 17.6, -47],
							"size": [7, 7, 7],
							"uv": {
								"north": {"uv": [132, 98], "uv_size": [-10, 10]},
								"east": {"uv": [122, 98], "uv_size": [-10, 10]},
								"south": {"uv": [132, 98], "uv_size": [-10, 10]},
								"west": {"uv": [122, 98], "uv_size": [-10, 10]},
								"up": {"uv": [122, 98], "uv_size": [10, -10]},
								"down": {"uv": [142, 88], "uv_size": [-10, 10]}
							}
						},
						{
							"origin": [-1.25, 24.1, -46],
							"size": [1.5, 3, 5],
							"uv": {
								"north": {"uv": [14, 6], "uv_size": [-6, 4]},
								"east": {"uv": [14, 6], "uv_size": [-6, 4]},
								"south": {"uv": [14, 6], "uv_size": [-6, 4]},
								"west": {"uv": [14, 6], "uv_size": [-6, 4]},
								"up": {"uv": [14, 6], "uv_size": [-6, 4]},
								"down": {"uv": [8, 6], "uv_size": [6, 4]}
							}
						}
					]
				},
				{
					"name": "tail5",
					"parent": "tail4",
					"pivot": [-0.5, 21.1, -47],
					"rotation": [5, 0, 0],
					"cubes": [
						{
							"origin": [-3.75, 17.85, -53.5],
							"size": [6.5, 6.5, 6.5],
							"uv": {
								"north": {"uv": [132, 98], "uv_size": [-10, 10]},
								"east": {"uv": [122, 98], "uv_size": [-10, 10]},
								"south": {"uv": [132, 98], "uv_size": [-10, 10]},
								"west": {"uv": [122, 98], "uv_size": [-10, 10]},
								"up": {"uv": [122, 98], "uv_size": [10, -10]},
								"down": {"uv": [142, 88], "uv_size": [-10, 10]}
							}
						},
						{
							"origin": [-1.25, 22.85, -52.5],
							"size": [1.5, 3.5, 4.5],
							"uv": {
								"north": {"uv": [14, 6], "uv_size": [-6, 4]},
								"east": {"uv": [14, 6], "uv_size": [-6, 4]},
								"south": {"uv": [14, 6], "uv_size": [-6, 4]},
								"west": {"uv": [14, 6], "uv_size": [-6, 4]},
								"up": {"uv": [14, 6], "uv_size": [-6, 4]},
								"down": {"uv": [8, 6], "uv_size": [6, 4]}
							}
						}
					]
				},
				{
					"name": "tail6",
					"parent": "tail5",
					"pivot": [-0.5, 21.1, -54],
					"rotation": [-5, 0, 0],
					"cubes": [
						{
							"origin": [-3.5, 18.1, -59],
							"size": [6, 6, 6],
							"uv": {
								"north": {"uv": [132, 98], "uv_size": [-10, 10]},
								"east": {"uv": [122, 98], "uv_size": [-10, 10]},
								"south": {"uv": [132, 98], "uv_size": [-10, 10]},
								"west": {"uv": [122, 98], "uv_size": [-10, 10]},
								"up": {"uv": [122, 98], "uv_size": [10, -10]},
								"down": {"uv": [142, 88], "uv_size": [-10, 10]}
							}
						},
						{
							"origin": [-1, 23.1, -58],
							"size": [1, 3, 4],
							"uv": {
								"north": {"uv": [14, 6], "uv_size": [-6, 4]},
								"east": {"uv": [14, 6], "uv_size": [-6, 4]},
								"south": {"uv": [14, 6], "uv_size": [-6, 4]},
								"west": {"uv": [14, 6], "uv_size": [-6, 4]},
								"up": {"uv": [14, 6], "uv_size": [-6, 4]},
								"down": {"uv": [8, 6], "uv_size": [6, 4]}
							}
						}
					]
				},
				{
					"name": "tail7",
					"parent": "tail6",
					"pivot": [-0.5, 21.1, -59],
					"rotation": [-5, 0, 0],
					"cubes": [
						{
							"origin": [-3.25, 18.35, -64.5],
							"size": [5.5, 5.5, 5.5],
							"uv": {
								"north": {"uv": [132, 98], "uv_size": [-10, 10]},
								"east": {"uv": [122, 98], "uv_size": [-10, 10]},
								"south": {"uv": [132, 98], "uv_size": [-10, 10]},
								"west": {"uv": [122, 98], "uv_size": [-10, 10]},
								"up": {"uv": [122, 98], "uv_size": [10, -10]},
								"down": {"uv": [142, 88], "uv_size": [-10, 10]}
							}
						},
						{
							"origin": [-1, 23.35, -63.5],
							"size": [1, 2.5, 3.5],
							"uv": {
								"north": {"uv": [14, 6], "uv_size": [-6, 4]},
								"east": {"uv": [14, 6], "uv_size": [-6, 4]},
								"south": {"uv": [14, 6], "uv_size": [-6, 4]},
								"west": {"uv": [14, 6], "uv_size": [-6, 4]},
								"up": {"uv": [14, 6], "uv_size": [-6, 4]},
								"down": {"uv": [8, 6], "uv_size": [6, 4]}
							}
						}
					]
				},
				{
					"name": "tail8",
					"parent": "tail7",
					"pivot": [-0.5, 21.1, -64],
					"rotation": [-5, 0, 0],
					"cubes": [
						{
							"origin": [-3, 18.6, -69],
							"size": [5, 5, 5],
							"uv": {
								"north": {"uv": [132, 98], "uv_size": [-10, 10]},
								"east": {"uv": [122, 98], "uv_size": [-10, 10]},
								"south": {"uv": [132, 98], "uv_size": [-10, 10]},
								"west": {"uv": [122, 98], "uv_size": [-10, 10]},
								"up": {"uv": [122, 98], "uv_size": [10, -10]},
								"down": {"uv": [142, 88], "uv_size": [-10, 10]}
							}
						},
						{
							"origin": [-1, 23.6, -68],
							"size": [1, 2, 3],
							"uv": {
								"north": {"uv": [14, 6], "uv_size": [-6, 4]},
								"east": {"uv": [14, 6], "uv_size": [-6, 4]},
								"south": {"uv": [14, 6], "uv_size": [-6, 4]},
								"west": {"uv": [14, 6], "uv_size": [-6, 4]},
								"up": {"uv": [14, 6], "uv_size": [-6, 4]},
								"down": {"uv": [8, 6], "uv_size": [6, 4]}
							}
						}
					]
				},
				{
					"name": "tail9",
					"parent": "tail8",
					"pivot": [-0.5, 21.1, -69],
					"rotation": [-10, 0, 0],
					"cubes": [
						{
							"origin": [-2.75, 18.85, -73.5],
							"size": [4.5, 4.5, 4.5],
							"uv": {
								"north": {"uv": [132, 98], "uv_size": [-10, 10]},
								"east": {"uv": [122, 98], "uv_size": [-10, 10]},
								"south": {"uv": [132, 98], "uv_size": [-10, 10]},
								"west": {"uv": [122, 98], "uv_size": [-10, 10]},
								"up": {"uv": [122, 98], "uv_size": [10, -10]},
								"down": {"uv": [142, 88], "uv_size": [-10, 10]}
							}
						},
						{
							"origin": [-1, 22.85, -72.5],
							"size": [1, 2, 2.5],
							"uv": {
								"north": {"uv": [14, 6], "uv_size": [-6, 4]},
								"east": {"uv": [14, 6], "uv_size": [-6, 4]},
								"south": {"uv": [14, 6], "uv_size": [-6, 4]},
								"west": {"uv": [14, 6], "uv_size": [-6, 4]},
								"up": {"uv": [14, 6], "uv_size": [-6, 4]},
								"down": {"uv": [8, 6], "uv_size": [6, 4]}
							}
						}
					]
				},
				{
					"name": "tail10",
					"parent": "tail9",
					"pivot": [-0.5, 21.1, -73],
					"rotation": [-5, 0, 0],
					"cubes": [
						{
							"origin": [-2.5, 19.1, -77],
							"size": [4, 4, 4],
							"uv": {
								"north": {"uv": [132, 98], "uv_size": [-10, 10]},
								"east": {"uv": [122, 98], "uv_size": [-10, 10]},
								"south": {"uv": [132, 98], "uv_size": [-10, 10]},
								"west": {"uv": [122, 98], "uv_size": [-10, 10]},
								"up": {"uv": [122, 98], "uv_size": [10, -10]},
								"down": {"uv": [142, 88], "uv_size": [-10, 10]}
							}
						},
						{
							"origin": [-1, 23.1, -76],
							"size": [1, 1, 2],
							"uv": {
								"north": {"uv": [14, 6], "uv_size": [-6, 4]},
								"east": {"uv": [14, 6], "uv_size": [-6, 4]},
								"south": {"uv": [14, 6], "uv_size": [-6, 4]},
								"west": {"uv": [14, 6], "uv_size": [-6, 4]},
								"up": {"uv": [14, 6], "uv_size": [-6, 4]},
								"down": {"uv": [8, 6], "uv_size": [6, 4]}
							}
						}
					]
				},
				{
					"name": "tail11",
					"parent": "tail10",
					"pivot": [-0.5, 21.1, -77],
					"rotation": [-5, 0, 0],
					"cubes": [
						{
							"origin": [-2.25, 19.35, -80.5],
							"size": [3.5, 3.5, 3.5],
							"uv": {
								"north": {"uv": [132, 98], "uv_size": [-10, 10]},
								"east": {"uv": [122, 98], "uv_size": [-10, 10]},
								"south": {"uv": [132, 98], "uv_size": [-10, 10]},
								"west": {"uv": [122, 98], "uv_size": [-10, 10]},
								"up": {"uv": [122, 98], "uv_size": [10, -10]},
								"down": {"uv": [142, 88], "uv_size": [-10, 10]}
							}
						},
						{
							"origin": [-1, 22.35, -79.5],
							"size": [1, 1.5, 1.5],
							"uv": {
								"north": {"uv": [14, 6], "uv_size": [-6, 4]},
								"east": {"uv": [14, 6], "uv_size": [-6, 4]},
								"south": {"uv": [14, 6], "uv_size": [-6, 4]},
								"west": {"uv": [14, 6], "uv_size": [-6, 4]},
								"up": {"uv": [14, 6], "uv_size": [-6, 4]},
								"down": {"uv": [8, 6], "uv_size": [6, 4]}
							}
						}
					]
				},
				{
					"name": "tail12",
					"parent": "tail11",
					"pivot": [-0.5, 21.1, -80],
					"rotation": [-5, 0, 0],
					"cubes": [
						{
							"origin": [-2, 19.6, -83],
							"size": [3, 3, 3],
							"uv": {
								"north": {"uv": [132, 98], "uv_size": [-10, 10]},
								"east": {"uv": [122, 98], "uv_size": [-10, 10]},
								"south": {"uv": [132, 98], "uv_size": [-10, 10]},
								"west": {"uv": [122, 98], "uv_size": [-10, 10]},
								"up": {"uv": [122, 98], "uv_size": [10, -10]},
								"down": {"uv": [142, 88], "uv_size": [-10, 10]}
							}
						},
						{
							"origin": [-1, 22.6, -82],
							"size": [1, 1, 1],
							"uv": {
								"north": {"uv": [14, 6], "uv_size": [-6, 4]},
								"east": {"uv": [14, 6], "uv_size": [-6, 4]},
								"south": {"uv": [14, 6], "uv_size": [-6, 4]},
								"west": {"uv": [14, 6], "uv_size": [-6, 4]},
								"up": {"uv": [14, 6], "uv_size": [-6, 4]},
								"down": {"uv": [8, 6], "uv_size": [6, 4]}
							}
						}
					]
				},
				{
					"name": "neck",
					"parent": "body",
					"pivot": [-0.5, 21.1, 15],
					"rotation": [5, 0, 0],
					"cubes": [
						{
							"origin": [-4.5, 17.1, 14],
							"size": [8, 9, 4],
							"uv": {
								"north": {"uv": [152, 98], "uv_size": [-10, 10]},
								"east": {"uv": [122, 98], "uv_size": [-10, 10]},
								"south": {"uv": [132, 98], "uv_size": [-10, 10]},
								"west": {"uv": [142, 98], "uv_size": [-10, 10]},
								"up": {"uv": [122, 98], "uv_size": [10, -10]},
								"down": {"uv": [142, 88], "uv_size": [-10, 10]}
							}
						},
						{
							"origin": [-1, 24.1, 15],
							"size": [1, 4, 3],
							"uv": {
								"north": {"uv": [8, 6], "uv_size": [-2, 4]},
								"east": {"uv": [6, 6], "uv_size": [-6, 4]},
								"south": {"uv": [8, 6], "uv_size": [-2, 4]},
								"west": {"uv": [14, 6], "uv_size": [-6, 4]},
								"up": {"uv": [6, 6], "uv_size": [2, -6]},
								"down": {"uv": [142, 88], "uv_size": [-10, 10]}
							}
						}
					]
				},
				{
					"name": "neck2",
					"parent": "neck",
					"pivot": [-0.5, 21.1, 18],
					"rotation": [10, 0, 0],
					"cubes": [
						{
							"origin": [-4.25, 17.35, 17],
							"size": [7.5, 8.5, 4],
							"uv": {
								"north": {"uv": [152, 98], "uv_size": [-10, 10]},
								"east": {"uv": [122, 98], "uv_size": [-10, 10]},
								"south": {"uv": [132, 98], "uv_size": [-10, 10]},
								"west": {"uv": [142, 98], "uv_size": [-10, 10]},
								"up": {"uv": [122, 98], "uv_size": [10, -10]},
								"down": {"uv": [142, 88], "uv_size": [-10, 10]}
							}
						}
					]
				},
				{
					"name": "neck3",
					"parent": "neck2",
					"pivot": [-0.5, 21.1, 21],
					"rotation": [10, 0, 0],
					"cubes": [
						{
							"origin": [-4, 17.6, 20],
							"size": [7, 8, 4],
							"uv": {
								"north": {"uv": [152, 98], "uv_size": [-10, 10]},
								"east": {"uv": [122, 98], "uv_size": [-10, 10]},
								"south": {"uv": [132, 98], "uv_size": [-10, 10]},
								"west": {"uv": [142, 98], "uv_size": [-10, 10]},
								"up": {"uv": [122, 98], "uv_size": [10, -10]},
								"down": {"uv": [142, 88], "uv_size": [-10, 10]}
							}
						},
						{
							"origin": [-1, 23.6, 21],
							"size": [1, 4, 3],
							"uv": {
								"north": {"uv": [8, 6], "uv_size": [-2, 4]},
								"east": {"uv": [6, 6], "uv_size": [-6, 4]},
								"south": {"uv": [8, 6], "uv_size": [-2, 4]},
								"west": {"uv": [14, 6], "uv_size": [-6, 4]},
								"up": {"uv": [6, 6], "uv_size": [2, -6]},
								"down": {"uv": [142, 88], "uv_size": [-10, 10]}
							}
						}
					]
				},
				{
					"name": "neck4",
					"parent": "neck3",
					"pivot": [-0.5, 21.1, 24],
					"rotation": [10, 0, 0],
					"cubes": [
						{
							"origin": [-3.875, 17.725, 23],
							"size": [6.75, 7.75, 4],
							"uv": {
								"north": {"uv": [152, 98], "uv_size": [-10, 10]},
								"east": {"uv": [122, 98], "uv_size": [-10, 10]},
								"south": {"uv": [132, 98], "uv_size": [-10, 10]},
								"west": {"uv": [142, 98], "uv_size": [-10, 10]},
								"up": {"uv": [122, 98], "uv_size": [10, -10]},
								"down": {"uv": [142, 88], "uv_size": [-10, 10]}
							}
						}
					]
				},
				{
					"name": "neck5",
					"parent": "neck4",
					"pivot": [-0.5, 21.1, 27],
					"rotation": [5, 0, 0],
					"cubes": [
						{
							"origin": [-3.75, 17.85, 26],
							"size": [6.5, 7.5, 4],
							"uv": {
								"north": {"uv": [152, 98], "uv_size": [-10, 10]},
								"east": {"uv": [122, 98], "uv_size": [-10, 10]},
								"south": {"uv": [132, 98], "uv_size": [-10, 10]},
								"west": {"uv": [142, 98], "uv_size": [-10, 10]},
								"up": {"uv": [122, 98], "uv_size": [10, -10]},
								"down": {"uv": [142, 88], "uv_size": [-10, 10]}
							}
						},
						{
							"origin": [-1, 23.85, 27],
							"size": [1, 3.5, 3],
							"uv": {
								"north": {"uv": [8, 6], "uv_size": [-2, 4]},
								"east": {"uv": [6, 6], "uv_size": [-6, 4]},
								"south": {"uv": [8, 6], "uv_size": [-2, 4]},
								"west": {"uv": [14, 6], "uv_size": [-6, 4]},
								"up": {"uv": [6, 6], "uv_size": [2, -6]},
								"down": {"uv": [142, 88], "uv_size": [-10, 10]}
							}
						}
					]
				},
				{
					"name": "neck6",
					"parent": "neck5",
					"pivot": [-0.5, 21.1, 31],
					"rotation": [-5, 0, 0],
					"cubes": [
						{
							"origin": [-3.625, 17.975, 29],
							"size": [6.25, 7.25, 4],
							"uv": {
								"north": {"uv": [152, 98], "uv_size": [-10, 10]},
								"east": {"uv": [122, 98], "uv_size": [-10, 10]},
								"south": {"uv": [132, 98], "uv_size": [-10, 10]},
								"west": {"uv": [142, 98], "uv_size": [-10, 10]},
								"up": {"uv": [122, 98], "uv_size": [10, -10]},
								"down": {"uv": [142, 88], "uv_size": [-10, 10]}
							}
						}
					]
				},
				{
					"name": "neck7",
					"parent": "neck6",
					"pivot": [-0.5, 21.1, 33],
					"rotation": [-15, 0, 0],
					"cubes": [
						{
							"origin": [-3.5, 18.1, 32],
							"size": [6, 7, 4],
							"uv": {
								"north": {"uv": [152, 98], "uv_size": [-10, 10]},
								"east": {"uv": [122, 98], "uv_size": [-10, 10]},
								"south": {"uv": [132, 98], "uv_size": [-10, 10]},
								"west": {"uv": [142, 98], "uv_size": [-10, 10]},
								"up": {"uv": [122, 98], "uv_size": [10, -10]},
								"down": {"uv": [142, 88], "uv_size": [-10, 10]}
							}
						},
						{
							"origin": [-1, 23.1, 32],
							"size": [1, 4, 3],
							"uv": {
								"north": {"uv": [8, 6], "uv_size": [-2, 4]},
								"east": {"uv": [6, 6], "uv_size": [-6, 4]},
								"south": {"uv": [8, 6], "uv_size": [-2, 4]},
								"west": {"uv": [14, 6], "uv_size": [-6, 4]},
								"up": {"uv": [6, 6], "uv_size": [2, -6]},
								"down": {"uv": [142, 88], "uv_size": [-10, 10]}
							}
						}
					]
				},
				{
					"name": "head",
					"parent": "neck7",
					"pivot": [-0.5, 21.1, 35],
					"rotation": [-20, 0, 0],
					"cubes": [
						{
							"origin": [1, 23.6, 28],
							"size": [2, 2, 11],
							"pivot": [3, 24.1, 38],
							"rotation": [-25, -25, 0],
							"uv": {
								"north": {"uv": [16, 6], "uv_size": [-6, 4]},
								"east": {"uv": [16, 6], "uv_size": [-6, 4]},
								"south": {"uv": [16, 6], "uv_size": [-6, 4]},
								"west": {"uv": [16, 6], "uv_size": [-6, 4]},
								"up": {"uv": [16, 6], "uv_size": [-6, 4]},
								"down": {"uv": [10, 6], "uv_size": [6, 4]}
							}
						},
						{
							"origin": [-4, 23.6, 28],
							"size": [2, 2, 11],
							"pivot": [-4, 24.1, 38],
							"rotation": [-25, 25, 0],
							"uv": {
								"north": {"uv": [16, 6], "uv_size": [-6, 4]},
								"east": {"uv": [16, 6], "uv_size": [-6, 4]},
								"south": {"uv": [16, 6], "uv_size": [-6, 4]},
								"west": {"uv": [16, 6], "uv_size": [-6, 4]},
								"up": {"uv": [16, 6], "uv_size": [-6, 4]},
								"down": {"uv": [10, 6], "uv_size": [6, 4]}
							}
						},
						{
							"origin": [-5, 18.1, 35],
							"size": [9, 8.5, 10],
							"uv": {
								"north": {"uv": [64, 16], "uv_size": [-16, 16]},
								"east": {"uv": [16, 16], "uv_size": [-16, 16]},
								"south": {"uv": [32, 16], "uv_size": [-16, 16]},
								"west": {"uv": [48, 16], "uv_size": [-16, 16]},
								"up": {"uv": [16, 16], "uv_size": [16, -16]},
								"down": {"uv": [64, 16], "uv_size": [-16, 16]}
							}
						},
						{
							"origin": [-3, 22.6, 49],
							"size": [1, 1.5, 3],
							"uv": {
								"north": {"uv": [58, 4], "uv_size": [-4, 2]},
								"east": {"uv": [58, 4], "uv_size": [-4, 2]},
								"south": {"uv": [58, 4], "uv_size": [-4, 2]},
								"west": {"uv": [58, 4], "uv_size": [-4, 2]},
								"up": {"uv": [58, 4], "uv_size": [-4, 2]},
								"down": {"uv": [54, 4], "uv_size": [4, 2]}
							}
						},
						{
							"origin": [1, 22.6, 49],
							"size": [1, 1.5, 3],
							"uv": {
								"north": {"uv": [58, 4], "uv_size": [-4, 2]},
								"east": {"uv": [58, 4], "uv_size": [-4, 2]},
								"south": {"uv": [58, 4], "uv_size": [-4, 2]},
								"west": {"uv": [58, 4], "uv_size": [-4, 2]},
								"up": {"uv": [58, 4], "uv_size": [-4, 2]},
								"down": {"uv": [54, 4], "uv_size": [4, 2]}
							}
						},
						{
							"origin": [-4, 20.6, 45],
							"size": [7, 2.5, 8.5],
							"uv": {
								"north": {"uv": [112, 104], "uv_size": [-12, 5]},
								"east": {"uv": [72, 104], "uv_size": [-16, 5]},
								"south": {"uv": [84, 104], "uv_size": [-12, 5]},
								"west": {"uv": [100, 104], "uv_size": [-16, 5]},
								"up": {"uv": [72, 104], "uv_size": [12, -16]},
								"down": {"uv": [142, 88], "uv_size": [-10, 10]}
							}
						}
					]
				},
				{
					"name": "jaw",
					"parent": "head",
					"pivot": [-0.5, 20.1, 45],
					"cubes": [
						{
							"origin": [-4, 18.1, 45],
							"size": [7, 2.5, 8],
							"uv": {
								"north": {"uv": [56, 104], "uv_size": [-12, 4]},
								"east": {"uv": [16, 104], "uv_size": [-16, 4]},
								"south": {"uv": [28, 104], "uv_size": [-12, 4]},
								"west": {"uv": [44, 104], "uv_size": [-16, 4]},
								"up": {"uv": [16, 104], "uv_size": [12, -16]},
								"down": {"uv": [40, 88], "uv_size": [-12, 16]}
							}
						}
					]
				},
				{
					"name": "body2",
					"parent": "body",
					"pivot": [5, 3.1, 0],
					"cubes": [
						{
							"origin": [-7, 13.85, -16],
							"size": [13, 14.5, 31],
							"uv": {
								"north": {"uv": [176, 64], "uv_size": [-24, 24]},
								"east": {"uv": [64, 64], "uv_size": [-64, 24]},
								"south": {"uv": [88, 64], "uv_size": [-24, 24]},
								"west": {"uv": [152, 64], "uv_size": [-64, 24]},
								"up": {"uv": [64, 64], "uv_size": [24, -64]},
								"down": {"uv": [112, 0], "uv_size": [-24, 64]}
							}
						},
						{
							"origin": [-1, 27.85, 7],
							"size": [1, 3.5, 7],
							"uv": {
								"north": {"uv": [26, 44], "uv_size": [-12, 6]},
								"east": {"uv": [26, 44], "uv_size": [-12, 6]},
								"south": {"uv": [26, 44], "uv_size": [-12, 6]},
								"west": {"uv": [26, 44], "uv_size": [-12, 6]},
								"up": {"uv": [26, 44], "uv_size": [-12, 6]},
								"down": {"uv": [14, 44], "uv_size": [12, 6]}
							}
						},
						{
							"origin": [-1, 27.85, -2],
							"size": [1, 3.5, 7],
							"uv": {
								"north": {"uv": [26, 44], "uv_size": [-12, 6]},
								"east": {"uv": [26, 44], "uv_size": [-12, 6]},
								"south": {"uv": [26, 44], "uv_size": [-12, 6]},
								"west": {"uv": [26, 44], "uv_size": [-12, 6]},
								"up": {"uv": [26, 44], "uv_size": [-12, 6]},
								"down": {"uv": [14, 44], "uv_size": [12, 6]}
							}
						},
						{
							"origin": [-1, 27.85, -13],
							"size": [1, 3.5, 7],
							"uv": {
								"north": {"uv": [26, 44], "uv_size": [-12, 6]},
								"east": {"uv": [26, 44], "uv_size": [-12, 6]},
								"south": {"uv": [26, 44], "uv_size": [-12, 6]},
								"west": {"uv": [26, 44], "uv_size": [-12, 6]},
								"up": {"uv": [26, 44], "uv_size": [-12, 6]},
								"down": {"uv": [14, 44], "uv_size": [12, 6]}
							}
						}
					]
				},
				{
					"name": "wing",
					"parent": "body",
					"pivot": [5, 28.1, 13],
					"rotation": [-15, 0, 45],
					"cubes": [
						{
							"origin": [4, 26.1, -16],
							"size": [3, 3, 29],
							"uv": {
								"north": {"uv": [6, 158], "uv_size": [28, 6]},
								"east": {"uv": [61, 158], "uv_size": [-55, 6]},
								"south": {"uv": [9, 158], "uv_size": [-3, 3]},
								"west": {"uv": [61, 158], "uv_size": [-55, 6]},
								"up": {"uv": [6, 158], "uv_size": [28, 6]},
								"down": {"uv": [34, 158], "uv_size": [-28, 6]}
							}
						},
						{
							"origin": [5.5, 15.1, -18],
							"size": [0, 12, 24],
							"uv": {
								"north": {"uv": [29, 93.5], "uv_size": [0, 15.5]},
								"east": {"uv": [194, 255], "uv_size": [-28, -24]},
								"south": {"uv": [14.5, 93.5], "uv_size": [0, 15.5]},
								"up": {"uv": [14.5, 93.5], "uv_size": [0, -14.5]},
								"down": {"uv": [14.5, 79], "uv_size": [0, 14.5]}
							}
						}
					]
				},
				{
					"name": "wing2",
					"parent": "wing",
					"pivot": [5.5, 27.1, -15],
					"rotation": [10, 0, 0],
					"cubes": [
						{
							"origin": [4, 26.1, -16],
							"size": [3, 3, 41],
							"pivot": [5, 28.1, -15],
							"rotation": [20, 0, 0],
							"uv": {
								"north": {"uv": [6, 158], "uv_size": [28, 6]},
								"east": {"uv": [61, 158], "uv_size": [-55, 6]},
								"south": {"uv": [9, 158], "uv_size": [-3, 3]},
								"west": {"uv": [61, 158], "uv_size": [-55, 6]},
								"up": {"uv": [6, 158], "uv_size": [28, 6]},
								"down": {"uv": [34, 158], "uv_size": [-28, 6]}
							}
						}
					]
				},
				{
					"name": "wing3",
					"parent": "wing2",
					"pivot": [5.5, 41.1, 22],
					"rotation": [10, 0, 0],
					"cubes": [
						{
							"origin": [4.25, 40.35, -36.89893],
							"size": [2.5, 2.5, 59],
							"pivot": [5.5, 42.1, 22],
							"rotation": [-15, 0, 0],
							"uv": {
								"north": {"uv": [9, 158], "uv_size": [-3, 3]},
								"east": {"uv": [61, 158], "uv_size": [-55, 6]},
								"south": {"uv": [6, 158], "uv_size": [28, 6]},
								"west": {"uv": [61, 158], "uv_size": [-55, 6]},
								"up": {"uv": [38, 117], "uv_size": [-6, 44]},
								"down": {"uv": [38, 117], "uv_size": [-6, 44]}
							}
						},
						{
							"origin": [5.5, 9.35, -36.89893],
							"size": [0, 31.5, 58],
							"pivot": [5, 42.1, 22],
							"rotation": [-15, 0, 0],
							"uv": {
								"north": {"uv": [59, 29.5], "uv_size": [0, 16]},
								"east": {"uv": [69, 223], "uv_size": [-69, -45]},
								"south": {"uv": [29.5, 29.5], "uv_size": [0, 16]},
								"up": {"uv": [29.5, 29.5], "uv_size": [0, -29.5]},
								"down": {"uv": [29.5, 0], "uv_size": [0, 29.5]}
							}
						}
					]
				},
				{
					"name": "wingfinger",
					"parent": "wing3",
					"pivot": [5.5, 41.1, 22],
					"rotation": [-10, 0, 0],
					"cubes": [
						{
							"origin": [4.5, 40.35, -36.89893],
							"size": [2, 2, 59],
							"uv": {
								"north": {"uv": [9, 158], "uv_size": [-3, 3]},
								"east": {"uv": [61, 158], "uv_size": [-55, 6]},
								"south": {"uv": [6, 158], "uv_size": [28, 6]},
								"west": {"uv": [61, 158], "uv_size": [-55, 6]},
								"up": {"uv": [38, 117], "uv_size": [-6, 44]},
								"down": {"uv": [38, 117], "uv_size": [-6, 44]}
							}
						},
						{
							"origin": [5.5, -2.65, -32.89893],
							"size": [0, 45, 55],
							"uv": {
								"north": {"uv": [59, 45.5], "uv_size": [0, 16]},
								"east": {"uv": [69, 223], "uv_size": [-69, -45]},
								"south": {"uv": [29.5, 45.5], "uv_size": [0, 16]},
								"up": {"uv": [29.5, 45.5], "uv_size": [0, -29.5]},
								"down": {"uv": [29.5, 16], "uv_size": [0, 29.5]}
							}
						}
					]
				},
				{
					"name": "wingfinger2",
					"parent": "wingfinger",
					"pivot": [5.5, 41.1, 22],
					"rotation": [5, 0, 0],
					"cubes": [
						{
							"origin": [4.5, 40.35, -36.89893],
							"size": [2, 2, 59],
							"uv": {
								"north": {"uv": [9, 158], "uv_size": [-3, 3]},
								"east": {"uv": [61, 158], "uv_size": [-55, 6]},
								"south": {"uv": [6, 158], "uv_size": [28, 6]},
								"west": {"uv": [61, 158], "uv_size": [-55, 6]},
								"up": {"uv": [38, 117], "uv_size": [-6, 44]},
								"down": {"uv": [38, 117], "uv_size": [-6, 44]}
							}
						},
						{
							"origin": [5.5, 11.35, -35.89893],
							"size": [0, 31, 58],
							"uv": {
								"east": {"uv": [69, 223], "uv_size": [-69, -45]},
								"south": {"uv": [69, 223], "uv_size": [-69, -45]},
								"up": {"uv": [88.5, 88.5], "uv_size": [0, -29.5]},
								"down": {"uv": [88.5, 59], "uv_size": [0, 29.5]}
							}
						}
					]
				},
				{
					"name": "wingfinger3",
					"parent": "wingfinger2",
					"pivot": [5.5, 41.1, 22],
					"rotation": [5, 0, 0],
					"cubes": [
						{
							"origin": [4.5, 40.35, -36.89893],
							"size": [2, 2, 59],
							"uv": {
								"north": {"uv": [9, 158], "uv_size": [-3, 3]},
								"east": {"uv": [61, 158], "uv_size": [-55, 6]},
								"south": {"uv": [6, 158], "uv_size": [28, 6]},
								"west": {"uv": [61, 158], "uv_size": [-55, 6]},
								"up": {"uv": [38, 117], "uv_size": [-6, 44]},
								"down": {"uv": [38, 117], "uv_size": [-6, 44]}
							}
						},
						{
							"origin": [5.5, 16.35, -36.89893],
							"size": [0, 26, 59],
							"uv": {
								"east": {"uv": [69, 223], "uv_size": [-69, -45]}
							}
						}
					]
				},
				{
					"name": "wing4",
					"parent": "body",
					"pivot": [-6, 28.1, 13],
					"rotation": [-15, 0, -45],
					"cubes": [
						{
							"origin": [-8, 26.1, -16],
							"size": [3, 3, 29],
							"uv": {
								"north": {"uv": [34, 158], "uv_size": [-28, 6]},
								"east": {"uv": [61, 158], "uv_size": [-55, 6]},
								"south": {"uv": [9, 158], "uv_size": [-3, 3]},
								"west": {"uv": [61, 158], "uv_size": [-55, 6]},
								"up": {"uv": [38, 117], "uv_size": [-6, 44]},
								"down": {"uv": [38, 117], "uv_size": [-6, 44]}
							}
						},
						{
							"origin": [-6.5, 15.1, -18],
							"size": [0, 12, 24],
							"uv": {
								"north": {"uv": [29, 93.5], "uv_size": [0, 15.5]},
								"south": {"uv": [14.5, 93.5], "uv_size": [0, 15.5]},
								"west": {"uv": [166, 255], "uv_size": [28, -24]},
								"up": {"uv": [14.5, 93.5], "uv_size": [0, -14.5]},
								"down": {"uv": [14.5, 79], "uv_size": [0, 14.5]}
							}
						}
					]
				},
				{
					"name": "wing5",
					"parent": "wing4",
					"pivot": [-6.5, 27.1, -15],
					"rotation": [10, 0, 0],
					"cubes": [
						{
							"origin": [-8, 26.1, -16],
							"size": [3, 3, 41],
							"pivot": [-6, 28.1, -15],
							"rotation": [20, 0, 0],
							"uv": {
								"north": {"uv": [34, 158], "uv_size": [-28, 6]},
								"east": {"uv": [61, 158], "uv_size": [-55, 6]},
								"south": {"uv": [9, 158], "uv_size": [-3, 3]},
								"west": {"uv": [61, 158], "uv_size": [-55, 6]},
								"up": {"uv": [38, 117], "uv_size": [-6, 44]},
								"down": {"uv": [38, 117], "uv_size": [-6, 44]}
							}
						}
					]
				},
				{
					"name": "wing6",
					"parent": "wing5",
					"pivot": [-6.5, 41.1, 22],
					"rotation": [10, 0, 0],
					"cubes": [
						{
							"origin": [-7.75, 40.35, -36.89893],
							"size": [2.5, 2.5, 59],
							"pivot": [-6.5, 42.1, 22],
							"rotation": [-15, 0, 0],
							"uv": {
								"north": {"uv": [9, 158], "uv_size": [-3, 3]},
								"east": {"uv": [61, 158], "uv_size": [-55, 6]},
								"south": {"uv": [9, 158], "uv_size": [-3, 3]},
								"west": {"uv": [61, 158], "uv_size": [-55, 6]},
								"up": {"uv": [38, 117], "uv_size": [-6, 44]},
								"down": {"uv": [38, 117], "uv_size": [-6, 44]}
							}
						},
						{
							"origin": [-6.5, 9.35, -36.89893],
							"size": [0, 31.5, 58],
							"pivot": [-6, 42.1, 22],
							"rotation": [-15, 0, 0],
							"uv": {
								"north": {"uv": [59, 29.5], "uv_size": [0, 16]},
								"south": {"uv": [29.5, 29.5], "uv_size": [0, 16]},
								"west": {"uv": [0, 223], "uv_size": [69, -45]},
								"up": {"uv": [29.5, 29.5], "uv_size": [0, -29.5]},
								"down": {"uv": [29.5, 0], "uv_size": [0, 29.5]}
							}
						}
					]
				},
				{
					"name": "wingfinger4",
					"parent": "wing6",
					"pivot": [-6.5, 41.1, 22],
					"rotation": [-10, 0, 0],
					"cubes": [
						{
							"origin": [-7.5, 40.35, -36.89893],
							"size": [2, 2, 59],
							"uv": {
								"north": {"uv": [9, 158], "uv_size": [-3, 3]},
								"east": {"uv": [61, 158], "uv_size": [-55, 6]},
								"south": {"uv": [34, 158], "uv_size": [-28, 6]},
								"west": {"uv": [61, 158], "uv_size": [-55, 6]},
								"up": {"uv": [38, 117], "uv_size": [-6, 44]},
								"down": {"uv": [38, 117], "uv_size": [-6, 44]}
							}
						},
						{
							"origin": [-6.5, -2.65, -32.89893],
							"size": [0, 45, 55],
							"uv": {
								"north": {"uv": [59, 45.5], "uv_size": [0, 16]},
								"south": {"uv": [29.5, 45.5], "uv_size": [0, 16]},
								"west": {"uv": [0, 223], "uv_size": [69, -45]},
								"up": {"uv": [29.5, 45.5], "uv_size": [0, -29.5]},
								"down": {"uv": [29.5, 16], "uv_size": [0, 29.5]}
							}
						}
					]
				},
				{
					"name": "wingfinger5",
					"parent": "wingfinger4",
					"pivot": [-6.5, 41.1, 22],
					"rotation": [5, 0, 0],
					"cubes": [
						{
							"origin": [-7.5, 40.35, -36.89893],
							"size": [2, 2, 59],
							"uv": {
								"north": {"uv": [9, 158], "uv_size": [-3, 3]},
								"east": {"uv": [61, 158], "uv_size": [-55, 6]},
								"south": {"uv": [34, 158], "uv_size": [-28, 6]},
								"west": {"uv": [61, 158], "uv_size": [-55, 6]},
								"up": {"uv": [38, 117], "uv_size": [-6, 44]},
								"down": {"uv": [38, 117], "uv_size": [-6, 44]}
							}
						},
						{
							"origin": [-6.5, 11.35, -35.89893],
							"size": [0, 31, 58],
							"uv": {
								"south": {"uv": [0, 223], "uv_size": [69, -45]},
								"west": {"uv": [0, 223], "uv_size": [69, -45]},
								"up": {"uv": [88.5, 88.5], "uv_size": [0, -29.5]},
								"down": {"uv": [88.5, 59], "uv_size": [0, 29.5]}
							}
						}
					]
				},
				{
					"name": "wingfinger6",
					"parent": "wingfinger5",
					"pivot": [-6.5, 41.1, 22],
					"rotation": [5, 0, 0],
					"cubes": [
						{
							"origin": [-7.5, 40.35, -36.89893],
							"size": [2, 2, 59],
							"uv": {
								"north": {"uv": [9, 158], "uv_size": [-3, 3]},
								"east": {"uv": [61, 158], "uv_size": [-55, 6]},
								"south": {"uv": [34, 158], "uv_size": [-28, 6]},
								"west": {"uv": [61, 158], "uv_size": [-55, 6]},
								"up": {"uv": [38, 117], "uv_size": [-6, 44]},
								"down": {"uv": [38, 117], "uv_size": [-6, 44]}
							}
						},
						{
							"origin": [-6.5, 16.35, -36.89893],
							"size": [0, 26, 59],
							"uv": {
								"west": {"uv": [0, 223], "uv_size": [69, -45]}
							}
						}
					]
				}
			]
		}
	]
}