{
	"format_version": "1.12.0",
	"minecraft:geometry": [
		{
			"description": {
				"identifier": "geometry.dragonsaddle",
				"texture_width": 256,
				"texture_height": 256,
				"visible_bounds_width": 18,
				"visible_bounds_height": 10.5,
				"visible_bounds_offset": [0, 1.75, 0]
			},
			"bones": [
				{
					"name": "body",
					"pivot": [-0.5, 22.6, -9.5]
				},
				{
					"name": "neck",
					"parent": "body",
					"pivot": [-0.5, 21.1, -15],
					"rotation": [-5, 0, 0]
				},
				{
					"name": "saddle4",
					"parent": "neck",
					"pivot": [0, 0, 0],
					"cubes": [
						{
							"origin": [-4.5, 17.1, -18],
							"size": [8, 9, 4],
							"inflate": 0.1,
							"uv": {
								"north": {"uv": [122, 98], "uv_size": [10, 10]},
								"east": {"uv": [112, 98], "uv_size": [10, 10]},
								"south": {"uv": [142, 98], "uv_size": [10, 10]},
								"west": {"uv": [132, 98], "uv_size": [10, 10]},
								"up": {"uv": [122, 88], "uv_size": [10, 10]},
								"down": {"uv": [142, 98], "uv_size": [-10, -10]}
							}
						}
					]
				},
				{
					"name": "neck2",
					"parent": "neck",
					"pivot": [-0.5, 21.1, -18],
					"rotation": [-10, 0, 0]
				},
				{
					"name": "saddle5",
					"parent": "neck2",
					"pivot": [0, 0, 0],
					"cubes": [
						{
							"origin": [-4.25, 17.35, -21],
							"size": [7.5, 8.5, 4],
							"inflate": 0.1,
							"uv": {
								"north": {"uv": [122, 98], "uv_size": [10, 10]},
								"east": {"uv": [112, 98], "uv_size": [10, 10]},
								"south": {"uv": [142, 98], "uv_size": [10, 10]},
								"west": {"uv": [132, 98], "uv_size": [10, 10]},
								"up": {"uv": [122, 88], "uv_size": [10, 10]},
								"down": {"uv": [142, 98], "uv_size": [-10, -10]}
							}
						}
					]
				},
				{
					"name": "neck3",
					"parent": "neck2",
					"pivot": [-0.5, 21.1, -21],
					"rotation": [-10, 0, 0]
				},
				{
					"name": "saddle6",
					"parent": "neck3",
					"pivot": [0, 0, 0],
					"cubes": [
						{
							"origin": [-4, 17.6, -24],
							"size": [7, 8, 4],
							"inflate": 0.1,
							"uv": {
								"north": {"uv": [122, 98], "uv_size": [10, 10]},
								"east": {"uv": [112, 98], "uv_size": [10, 10]},
								"south": {"uv": [142, 98], "uv_size": [10, 10]},
								"west": {"uv": [132, 98], "uv_size": [10, 10]},
								"up": {"uv": [122, 88], "uv_size": [10, 10]},
								"down": {"uv": [142, 98], "uv_size": [-10, -10]}
							}
						}
					]
				},
				{
					"name": "neck4",
					"parent": "neck3",
					"pivot": [-0.5, 21.1, -24],
					"rotation": [-10, 0, 0]
				},
				{
					"name": "saddle7",
					"parent": "neck4",
					"pivot": [0, 0, 0],
					"cubes": [
						{
							"origin": [-3.875, 17.725, -27],
							"size": [6.75, 7.75, 4],
							"inflate": 0.1,
							"uv": {
								"north": {"uv": [122, 98], "uv_size": [10, 10]},
								"east": {"uv": [112, 98], "uv_size": [10, 10]},
								"south": {"uv": [142, 98], "uv_size": [10, 10]},
								"west": {"uv": [132, 98], "uv_size": [10, 10]},
								"up": {"uv": [122, 88], "uv_size": [10, 10]},
								"down": {"uv": [142, 98], "uv_size": [-10, -10]}
							}
						}
					]
				},
				{
					"name": "neck5",
					"parent": "neck4",
					"pivot": [-0.5, 21.1, -27],
					"rotation": [-5, 0, 0]
				},
				{
					"name": "saddle8",
					"parent": "neck5",
					"pivot": [0, 0, 0],
					"cubes": [
						{
							"origin": [-3.75, 17.85, -30],
							"size": [6.5, 7.5, 4],
							"inflate": 0.1,
							"uv": {
								"north": {"uv": [122, 98], "uv_size": [10, 10]},
								"east": {"uv": [112, 98], "uv_size": [10, 10]},
								"south": {"uv": [142, 98], "uv_size": [10, 10]},
								"west": {"uv": [132, 98], "uv_size": [10, 10]},
								"up": {"uv": [122, 88], "uv_size": [10, 10]},
								"down": {"uv": [142, 98], "uv_size": [-10, -10]}
							}
						}
					]
				},
				{
					"name": "neck6",
					"parent": "neck5",
					"pivot": [-0.5, 21.1, -31],
					"rotation": [5, 0, 0]
				},
				{
					"name": "saddle9",
					"parent": "neck6",
					"pivot": [0, 0, 0],
					"cubes": [
						{
							"origin": [-3.625, 17.975, -33],
							"size": [6.25, 7.25, 4],
							"inflate": 0.1,
							"uv": {
								"north": {"uv": [122, 98], "uv_size": [10, 10]},
								"east": {"uv": [112, 98], "uv_size": [10, 10]},
								"south": {"uv": [142, 98], "uv_size": [10, 10]},
								"west": {"uv": [132, 98], "uv_size": [10, 10]},
								"up": {"uv": [122, 88], "uv_size": [10, 10]},
								"down": {"uv": [142, 98], "uv_size": [-10, -10]}
							}
						}
					]
				},
				{
					"name": "neck7",
					"parent": "neck6",
					"pivot": [-0.5, 21.1, -33],
					"rotation": [15, 0, 0]
				},
				{
					"name": "saddle10",
					"parent": "neck7",
					"pivot": [0, 0, 0],
					"cubes": [
						{
							"origin": [-3.5, 18.1, -36],
							"size": [6, 7, 4],
							"inflate": 0.1,
							"uv": {
								"north": {"uv": [122, 98], "uv_size": [10, 10]},
								"east": {"uv": [112, 98], "uv_size": [10, 10]},
								"south": {"uv": [142, 98], "uv_size": [10, 10]},
								"west": {"uv": [132, 98], "uv_size": [10, 10]},
								"up": {"uv": [122, 88], "uv_size": [10, 10]},
								"down": {"uv": [142, 98], "uv_size": [-10, -10]}
							}
						}
					]
				},
				{
					"name": "body2",
					"parent": "body",
					"pivot": [5, 3.1, 0]
				},
				{
					"name": "saddle",
					"parent": "body2",
					"pivot": [0, 0, 0],
					"cubes": [
						{
							"origin": [-7, 13.85, -15],
							"size": [13, 14.5, 31],
							"inflate": 0.1,
							"uv": {
								"north": {"uv": [64, 64], "uv_size": [24, 24]},
								"east": {"uv": [0, 64], "uv_size": [64, 24]},
								"south": {"uv": [152, 64], "uv_size": [24, 24]},
								"west": {"uv": [88, 64], "uv_size": [64, 24]},
								"up": {"uv": [64, 0], "uv_size": [24, 64]},
								"down": {"uv": [112, 64], "uv_size": [-24, -64]}
							}
						}
					]
				},
				{
					"name": "wing",
					"parent": "body",
					"pivot": [5, 28.1, -13],
					"rotation": [15, 0, 45]
				},
				{
					"name": "saddle2",
					"parent": "wing",
					"pivot": [0, 0, 0],
					"cubes": [
						{
							"origin": [4, 26.1, -13],
							"size": [3, 3, 29],
							"inflate": 0.1,
							"uv": {
								"north": {"uv": [6, 158], "uv_size": [3, 3]},
								"east": {"uv": [0, 153], "uv_size": [25, 4]},
								"west": {"uv": [55, 153], "uv_size": [29, 4]},
								"up": {"uv": [59, 181], "uv_size": [-4, -28]},
								"down": {"uv": [59, 157], "uv_size": [-4, -28]}
							}
						}
					]
				},
				{
					"name": "wing4",
					"parent": "body",
					"pivot": [-6, 28.1, -13],
					"rotation": [15, 0, -45]
				},
				{
					"name": "saddle3",
					"parent": "wing4",
					"pivot": [-6, 28.1, -13],
					"cubes": [
						{
							"origin": [-8, 26.1, -13],
							"size": [3, 3, 29],
							"inflate": 0.1,
							"uv": {
								"north": {"uv": [6, 158], "uv_size": [3, 3]},
								"east": {"uv": [0, 153], "uv_size": [25, 4]},
								"west": {"uv": [55, 153], "uv_size": [29, 4]},
								"up": {"uv": [59, 181], "uv_size": [-4, -28]},
								"down": {"uv": [59, 157], "uv_size": [-4, -28]}
							}
						}
					]
				}
			]
		}
	]
}