{
	"format_version": "1.12.0",
	"minecraft:geometry": [
		{
			"description": {
				"identifier": "geometry.dragon_egg.item",
				"texture_width": 16,
				"texture_height": 16,
				"visible_bounds_width": 3,
				"visible_bounds_height": 2,
				"visible_bounds_offset": [0, 1, 0]
			},
			"bones": [
				{
					"name": "body",
					"pivot": [0, 24, 0]
				},
				{
					"name": "bodyArmor",
					"parent": "body",
					"pivot": [0, 24, 0]
				},
				{
					"name": "belt",
					"parent": "body",
					"pivot": [0, 24, 0]
				},
				{
					"name": "waist",
					"pivot": [0, 12, 0]
				},
				{
					"name": "head",
					"pivot": [0, 24, 0]
				},
				{
					"name": "hat",
					"pivot": [0, 24, 0]
				},
				{
					"name": "rightArm",
					"pivot": [-5, 22, 0]
				},
				{
					"name": "rightItem",
					"parent": "rightArm",
					"pivot": [-6, 15, 1]
				},
				{
					"name": "meperdonas",
					"parent": "rightItem",
					"pivot": [0, 0, 0]
				},
				{
					"name": "unknown_bone",
					"parent": "meperdonas",
					"pivot": [-5.5, 10, -4],
					"rotation": [0, -45, 0],
					"cubes": [
						{
							"origin": [-6.3, 16, -4.8],
							"size": [1.6, 0.4, 1.6],
							"uv": {
								"north": {"uv": [6, 0], "uv_size": [4, 1]},
								"east": {"uv": [6, 0], "uv_size": [4, 1]},
								"south": {"uv": [6, 0], "uv_size": [4, 1]},
								"west": {"uv": [6, 0], "uv_size": [4, 1]},
								"up": {"uv": [6, 6], "uv_size": [4, 4]},
								"down": {"uv": [3, 0], "uv_size": [-1, 1]}
							}
						},
						{
							"origin": [-6.7, 15.2, -5.2],
							"size": [2.4, 0.8, 2.4],
							"uv": {
								"north": {"uv": [5, 1], "uv_size": [6, 2]},
								"east": {"uv": [5, 1], "uv_size": [6, 2]},
								"south": {"uv": [5, 1], "uv_size": [6, 2]},
								"west": {"uv": [5, 1], "uv_size": [6, 2]},
								"up": {"uv": [5, 5], "uv_size": [6, 6]},
								"down": {"uv": [5, 5], "uv_size": [6, 6]}
							}
						},
						{
							"origin": [-7.9, 10.4, -6.4],
							"size": [4.8, 4, 4.8],
							"uv": {
								"north": {"uv": [2, 5], "uv_size": [12, 10]},
								"east": {"uv": [2, 5], "uv_size": [12, 10]},
								"south": {"uv": [2, 5], "uv_size": [12, 10]},
								"west": {"uv": [2, 5], "uv_size": [12, 10]},
								"up": {"uv": [2, 2], "uv_size": [12, 12]},
								"down": {"uv": [2, 2], "uv_size": [12, 12]}
							}
						},
						{
							"origin": [-7.5, 10, -6],
							"size": [4, 0.4, 4],
							"uv": {
								"north": {"uv": [3, 12], "uv_size": [10, 1]},
								"east": {"uv": [3, 12], "uv_size": [10, 1]},
								"south": {"uv": [3, 12], "uv_size": [10, 1]},
								"west": {"uv": [3, 12], "uv_size": [10, 1]},
								"up": {"uv": [3, 3], "uv_size": [10, 10]},
								"down": {"uv": [3, 3], "uv_size": [10, 10]}
							}
						},
						{
							"origin": [-8.3, 11.2, -6.8],
							"size": [5.6, 2, 5.6],
							"uv": {
								"north": {"uv": [1, 8], "uv_size": [14, 5]},
								"east": {"uv": [1, 8], "uv_size": [14, 5]},
								"south": {"uv": [1, 8], "uv_size": [14, 5]},
								"west": {"uv": [1, 8], "uv_size": [14, 5]},
								"up": {"uv": [1, 1], "uv_size": [14, 14]},
								"down": {"uv": [1, 1], "uv_size": [14, 14]}
							}
						},
						{
							"origin": [-7.5, 14.4, -6],
							"size": [4, 0.8, 4],
							"uv": {
								"north": {"uv": [3, 3], "uv_size": [10, 2]},
								"east": {"uv": [3, 3], "uv_size": [10, 2]},
								"south": {"uv": [3, 3], "uv_size": [10, 2]},
								"west": {"uv": [3, 3], "uv_size": [10, 2]},
								"up": {"uv": [3, 3], "uv_size": [10, 10]},
								"down": {"uv": [3, 3], "uv_size": [10, 10]}
							}
						}
					]
				},
				{
					"name": "rightArmArmor",
					"parent": "rightArm",
					"pivot": [-5, 22, 0]
				},
				{
					"name": "leftArm",
					"pivot": [5, 22, 0]
				},
				{
					"name": "leftArmArmor",
					"parent": "leftArm",
					"pivot": [5, 22, 0]
				},
				{
					"name": "rightLeg",
					"pivot": [-1.9, 12, 0]
				},
				{
					"name": "rightLegging",
					"parent": "rightLeg",
					"pivot": [-1.9, 12, 0]
				},
				{
					"name": "rightBoot",
					"parent": "rightLeg",
					"pivot": [-1.9, 12, 0]
				},
				{
					"name": "rightSock",
					"parent": "rightLeg",
					"pivot": [-1.9, 12, 0]
				},
				{
					"name": "leftLeg",
					"pivot": [1.9, 12, 0]
				},
				{
					"name": "leftLegging",
					"parent": "leftLeg",
					"pivot": [1.9, 12, 0]
				},
				{
					"name": "leftBoot",
					"parent": "leftLeg",
					"pivot": [1.9, 12, 0]
				},
				{
					"name": "leftSock",
					"parent": "leftLeg",
					"pivot": [1.9, 12, 0]
				},
				{
					"name": "helmet",
					"pivot": [0, 24, 0]
				}
			]
		}
	]
}