{
	"format_version": "1.12.0",
	"minecraft:geometry": [
		{
			"description": {
				"identifier": "geometry.lightning_bird",
				"texture_width": 64,
				"texture_height": 64,
				"visible_bounds_width": 5,
				"visible_bounds_height": 3.5,
				"visible_bounds_offset": [0, 1.25, 0]
			},
			"bones": [
				{
					"name": "body",
					"pivot": [0, 24, 0],
					"cubes": [
						{
							"origin": [-3, 22.5, -8],
							"size": [5, 3.5, 9],
							"uv": {
								"north": {"uv": [6, 0], "uv_size": [5, 4]},
								"east": {"uv": [17, 0], "uv_size": [9, 4]},
								"south": {"uv": [0, 18], "uv_size": [5, 4]},
								"west": {"uv": [17, 4], "uv_size": [9, 4]},
								"up": {"uv": [12, 0], "uv_size": [5, 9]},
								"down": {"uv": [6, 24], "uv_size": [5, -9]}
							}
						}
					]
				},
				{
					"name": "leg",
					"parent": "body",
					"pivot": [1, 22.8, 0],
					"rotation": [37.5, 0, 0],
					"cubes": [
						{
							"origin": [0.5, 20.8, -0.5],
							"size": [1, 2, 1],
							"uv": {
								"north": {"uv": [5, 18], "uv_size": [1, 2]},
								"east": {"uv": [5, 20], "uv_size": [1, 2]},
								"south": {"uv": [12, 37], "uv_size": [1, 2]},
								"west": {"uv": [13, 37], "uv_size": [1, 2]},
								"up": {"uv": [37, 6], "uv_size": [1, 1]},
								"down": {"uv": [37, 8], "uv_size": [1, -1]}
							}
						},
						{
							"origin": [0.5, 20.3, -1],
							"size": [1, 0.5, 1.5],
							"uv": {
								"north": {"uv": [37, 11], "uv_size": [1, 1]},
								"east": {"uv": [14, 37], "uv_size": [2, 1]},
								"south": {"uv": [37, 12], "uv_size": [1, 1]},
								"west": {"uv": [16, 37], "uv_size": [2, 1]},
								"up": {"uv": [19, 37], "uv_size": [1, 2]},
								"down": {"uv": [20, 39], "uv_size": [1, -2]}
							}
						}
					]
				},
				{
					"name": "leg2",
					"parent": "body",
					"pivot": [-2, 22.8, 0],
					"rotation": [37.5, 0, 0],
					"cubes": [
						{
							"origin": [-2.5, 20.8, -0.5],
							"size": [1, 2, 1],
							"uv": {
								"north": {"uv": [21, 37], "uv_size": [1, 2]},
								"east": {"uv": [22, 37], "uv_size": [1, 2]},
								"south": {"uv": [23, 37], "uv_size": [1, 2]},
								"west": {"uv": [24, 37], "uv_size": [1, 2]},
								"up": {"uv": [37, 13], "uv_size": [1, 1]},
								"down": {"uv": [37, 15], "uv_size": [1, -1]}
							}
						},
						{
							"origin": [-2.5, 20.3, -1],
							"size": [1, 0.5, 1.5],
							"uv": {
								"north": {"uv": [37, 17], "uv_size": [1, 1]},
								"east": {"uv": [29, 37], "uv_size": [2, 1]},
								"south": {"uv": [37, 18], "uv_size": [1, 1]},
								"west": {"uv": [31, 37], "uv_size": [2, 1]},
								"up": {"uv": [33, 37], "uv_size": [1, 2]},
								"down": {"uv": [34, 39], "uv_size": [1, -2]}
							}
						}
					]
				},
				{
					"name": "wing1",
					"parent": "body",
					"pivot": [-3, 26, -8],
					"mirror": true,
					"cubes": [
						{
							"origin": [-9, 25, -8],
							"size": [6, 1, 9],
							"uv": {
								"north": {"uv": [12, 11], "uv_size": [6, 1]},
								"east": {"uv": [31, 15], "uv_size": [9, 1]},
								"south": {"uv": [11, 21], "uv_size": [6, 1]},
								"west": {"uv": [31, 16], "uv_size": [9, 1]},
								"up": {"uv": [0, 0], "uv_size": [6, 9]},
								"down": {"uv": [6, 15], "uv_size": [6, -9]}
							}
						}
					]
				},
				{
					"name": "wingtip1",
					"parent": "wing1",
					"pivot": [-8, 26, -8]
				},
				{
					"name": "wing_feather",
					"parent": "wingtip1",
					"pivot": [-8.375, 25.75, -0.75],
					"rotation": [0, 22.5, 0],
					"mirror": true,
					"cubes": [
						{
							"origin": [-18, 25, -1],
							"size": [9.5, 1, 2],
							"inflate": 0.01,
							"uv": {
								"north": {"uv": [31, 20], "uv_size": [9, 1]},
								"east": {"uv": [35, 7], "uv_size": [2, 1]},
								"south": {"uv": [31, 21], "uv_size": [9, 1]},
								"west": {"uv": [35, 13], "uv_size": [2, 1]},
								"up": {"uv": [26, 26], "uv_size": [9, 2]},
								"down": {"uv": [26, 2], "uv_size": [9, -2]}
							}
						}
					]
				},
				{
					"name": "wing_feather2",
					"parent": "wingtip1",
					"pivot": [-8.375, 25.75, -7.15],
					"rotation": [0, -22.5, 0],
					"mirror": true,
					"cubes": [
						{
							"origin": [-18, 25, -7.9],
							"size": [9.5, 1, 2],
							"inflate": 0.05,
							"uv": {
								"north": {"uv": [12, 32], "uv_size": [9, 1]},
								"east": {"uv": [35, 14], "uv_size": [2, 1]},
								"south": {"uv": [21, 32], "uv_size": [9, 1]},
								"west": {"uv": [35, 17], "uv_size": [2, 1]},
								"up": {"uv": [26, 2], "uv_size": [9, 2]},
								"down": {"uv": [26, 6], "uv_size": [9, -2]}
							}
						}
					]
				},
				{
					"name": "wing_feather3",
					"parent": "wingtip1",
					"pivot": [-8.375, 25.75, -5.75],
					"rotation": [0, -5, 0],
					"mirror": true,
					"cubes": [
						{
							"origin": [-21.5, 25, -7.5],
							"size": [13, 1, 2],
							"inflate": 0.04,
							"uv": {
								"north": {"uv": [29, 9], "uv_size": [13, 1]},
								"east": {"uv": [35, 18], "uv_size": [2, 1]},
								"south": {"uv": [29, 10], "uv_size": [13, 1]},
								"west": {"uv": [35, 19], "uv_size": [2, 1]},
								"up": {"uv": [18, 15], "uv_size": [13, 2]},
								"down": {"uv": [18, 22], "uv_size": [13, -2]}
							}
						}
					]
				},
				{
					"name": "wing_feather5",
					"parent": "wingtip1",
					"pivot": [-8.875, 25.75, -2.85],
					"mirror": true,
					"cubes": [
						{
							"origin": [-26, 25, -4.6],
							"size": [17, 1, 2],
							"inflate": 0.03,
							"uv": {
								"north": {"uv": [17, 8], "uv_size": [17, 1]},
								"east": {"uv": [35, 26], "uv_size": [2, 1]},
								"south": {"uv": [18, 17], "uv_size": [17, 1]},
								"west": {"uv": [35, 27], "uv_size": [2, 1]},
								"up": {"uv": [12, 9], "uv_size": [17, 2]},
								"down": {"uv": [18, 20], "uv_size": [17, -2]}
							}
						}
					]
				},
				{
					"name": "wing_feather4",
					"parent": "wingtip1",
					"pivot": [-8.375, 25.75, -0.95],
					"rotation": [0, 12.5, 0],
					"mirror": true,
					"cubes": [
						{
							"origin": [-21.5, 25, -2.7],
							"size": [13, 1, 2],
							"inflate": 0.02,
							"uv": {
								"north": {"uv": [0, 30], "uv_size": [13, 1]},
								"east": {"uv": [35, 24], "uv_size": [2, 1]},
								"south": {"uv": [13, 30], "uv_size": [13, 1]},
								"west": {"uv": [35, 25], "uv_size": [2, 1]},
								"up": {"uv": [11, 22], "uv_size": [13, 2]},
								"down": {"uv": [0, 26], "uv_size": [13, -2]}
							}
						}
					]
				},
				{
					"name": "wing0",
					"parent": "body",
					"pivot": [2, 26, -8],
					"mirror": true,
					"cubes": [
						{
							"origin": [2, 25, -8],
							"size": [6, 1, 9],
							"uv": {
								"north": {"uv": [19, 35], "uv_size": [6, 1]},
								"east": {"uv": [30, 32], "uv_size": [9, 1]},
								"south": {"uv": [35, 0], "uv_size": [6, 1]},
								"west": {"uv": [12, 33], "uv_size": [9, 1]},
								"up": {"uv": [0, 9], "uv_size": [6, 9]},
								"down": {"uv": [12, 21], "uv_size": [6, -9]}
							}
						}
					]
				},
				{
					"name": "wingtip0",
					"parent": "wing0",
					"pivot": [8, 26, -8]
				},
				{
					"name": "wing_feather6",
					"parent": "wingtip0",
					"pivot": [7.375, 25.75, -0.75],
					"rotation": [0, -22.5, 0],
					"mirror": true,
					"cubes": [
						{
							"origin": [7.5, 25, -1],
							"size": [9.5, 1, 2],
							"inflate": 0.01,
							"uv": {
								"north": {"uv": [21, 33], "uv_size": [9, 1]},
								"east": {"uv": [35, 28], "uv_size": [2, 1]},
								"south": {"uv": [30, 33], "uv_size": [9, 1]},
								"west": {"uv": [35, 29], "uv_size": [2, 1]},
								"up": {"uv": [26, 6], "uv_size": [9, 2]},
								"down": {"uv": [26, 26], "uv_size": [9, -2]}
							}
						}
					]
				},
				{
					"name": "wing_feather7",
					"parent": "wingtip0",
					"pivot": [7.375, 25.75, -7.15],
					"rotation": [0, 22.5, 0],
					"mirror": true,
					"cubes": [
						{
							"origin": [7.5, 25, -7.9],
							"size": [9.5, 1, 2],
							"inflate": 0.05,
							"uv": {
								"north": {"uv": [12, 34], "uv_size": [9, 1]},
								"east": {"uv": [12, 36], "uv_size": [2, 1]},
								"south": {"uv": [21, 34], "uv_size": [9, 1]},
								"west": {"uv": [14, 36], "uv_size": [2, 1]},
								"up": {"uv": [0, 28], "uv_size": [9, 2]},
								"down": {"uv": [9, 30], "uv_size": [9, -2]}
							}
						}
					]
				},
				{
					"name": "wing_feather8",
					"parent": "wingtip0",
					"pivot": [7.375, 25.75, -5.75],
					"rotation": [0, 5, 0],
					"mirror": true,
					"cubes": [
						{
							"origin": [7.5, 25, -7.5],
							"size": [13, 1, 2],
							"inflate": 0.04,
							"uv": {
								"north": {"uv": [26, 30], "uv_size": [13, 1]},
								"east": {"uv": [16, 36], "uv_size": [2, 1]},
								"south": {"uv": [0, 31], "uv_size": [13, 1]},
								"west": {"uv": [19, 36], "uv_size": [2, 1]},
								"up": {"uv": [13, 24], "uv_size": [13, 2]},
								"down": {"uv": [24, 24], "uv_size": [13, -2]}
							}
						}
					]
				},
				{
					"name": "wing_feather9",
					"parent": "wingtip0",
					"pivot": [7.875, 25.75, -2.85],
					"mirror": true,
					"cubes": [
						{
							"origin": [8, 25, -4.6],
							"size": [17, 1, 2],
							"inflate": 0.03,
							"uv": {
								"north": {"uv": [18, 28], "uv_size": [17, 1]},
								"east": {"uv": [21, 36], "uv_size": [2, 1]},
								"south": {"uv": [18, 29], "uv_size": [17, 1]},
								"west": {"uv": [23, 36], "uv_size": [2, 1]},
								"up": {"uv": [18, 11], "uv_size": [17, 2]},
								"down": {"uv": [18, 15], "uv_size": [17, -2]}
							}
						}
					]
				},
				{
					"name": "wing_feather10",
					"parent": "wingtip0",
					"pivot": [7.375, 25.75, -0.95],
					"rotation": [0, -12.5, 0],
					"mirror": true,
					"cubes": [
						{
							"origin": [7.5, 25, -2.7],
							"size": [13, 1, 2],
							"inflate": 0.02,
							"uv": {
								"north": {"uv": [13, 31], "uv_size": [13, 1]},
								"east": {"uv": [29, 36], "uv_size": [2, 1]},
								"south": {"uv": [26, 31], "uv_size": [13, 1]},
								"west": {"uv": [31, 36], "uv_size": [2, 1]},
								"up": {"uv": [0, 26], "uv_size": [13, 2]},
								"down": {"uv": [13, 28], "uv_size": [13, -2]}
							}
						}
					]
				},
				{
					"name": "neck",
					"parent": "body",
					"pivot": [0, 24.5, -8],
					"cubes": [
						{
							"origin": [-1.5, 23.57612, -11.61732],
							"size": [2, 2, 4],
							"uv": {
								"north": {"uv": [35, 1], "uv_size": [2, 2]},
								"east": {"uv": [30, 34], "uv_size": [4, 2]},
								"south": {"uv": [35, 3], "uv_size": [2, 2]},
								"west": {"uv": [34, 34], "uv_size": [4, 2]},
								"up": {"uv": [4, 35], "uv_size": [2, 4]},
								"down": {"uv": [6, 39], "uv_size": [2, -4]}
							}
						}
					]
				},
				{
					"name": "head",
					"parent": "neck",
					"pivot": [0, 24.5, -12],
					"cubes": [
						{
							"origin": [-1.7, 23.07612, -15.61732],
							"size": [2.4, 3, 4],
							"uv": {
								"north": {"uv": [25, 35], "uv_size": [2, 3]},
								"east": {"uv": [4, 32], "uv_size": [4, 3]},
								"south": {"uv": [27, 35], "uv_size": [2, 3]},
								"west": {"uv": [8, 32], "uv_size": [4, 3]},
								"up": {"uv": [8, 35], "uv_size": [2, 4]},
								"down": {"uv": [10, 39], "uv_size": [2, -4]}
							}
						},
						{
							"origin": [-1, 24.07612, -17.61732],
							"size": [1, 1, 2],
							"uv": {
								"north": {"uv": [35, 37], "uv_size": [1, 1]},
								"east": {"uv": [33, 36], "uv_size": [2, 1]},
								"south": {"uv": [36, 37], "uv_size": [1, 1]},
								"west": {"uv": [35, 36], "uv_size": [2, 1]},
								"up": {"uv": [11, 0], "uv_size": [1, 2]},
								"down": {"uv": [11, 4], "uv_size": [1, -2]}
							}
						},
						{
							"origin": [-1, 23.07612, -17.61732],
							"size": [1, 1, 0.5],
							"uv": {
								"north": {"uv": [37, 37], "uv_size": [1, 1]},
								"east": {"uv": [37, 1], "uv_size": [1, 1]},
								"south": {"uv": [37, 2], "uv_size": [1, 1]},
								"west": {"uv": [37, 3], "uv_size": [1, 1]},
								"up": {"uv": [37, 4], "uv_size": [1, 1]},
								"down": {"uv": [37, 6], "uv_size": [1, -1]}
							}
						}
					]
				},
				{
					"name": "tail",
					"parent": "body",
					"pivot": [0, 26, 1],
					"cubes": [
						{
							"origin": [-1.5, 24, 1],
							"size": [2, 2, 6],
							"uv": {
								"north": {"uv": [35, 5], "uv_size": [2, 2]},
								"east": {"uv": [6, 4], "uv_size": [6, 2]},
								"south": {"uv": [35, 11], "uv_size": [2, 2]},
								"west": {"uv": [0, 22], "uv_size": [6, 2]},
								"up": {"uv": [0, 32], "uv_size": [2, 6]},
								"down": {"uv": [2, 38], "uv_size": [2, -6]}
							}
						}
					]
				},
				{
					"name": "tailtip",
					"parent": "tail",
					"pivot": [0, 25.5, 7],
					"cubes": [
						{
							"origin": [-1, 24.5, 7],
							"size": [1, 1, 6],
							"uv": {
								"north": {"uv": [17, 21], "uv_size": [1, 1]},
								"east": {"uv": [34, 8], "uv_size": [6, 1]},
								"south": {"uv": [29, 35], "uv_size": [1, 1]},
								"west": {"uv": [12, 35], "uv_size": [6, 1]},
								"up": {"uv": [11, 15], "uv_size": [1, 6]},
								"down": {"uv": [18, 41], "uv_size": [1, -6]}
							}
						}
					]
				}
			]
		}
	]
}