{
	"format_version": "1.12.0",
	"minecraft:geometry": [
		{
			"description": {
				"identifier": "geometry.magma_dripper.saddle",
				"texture_width": 256,
				"texture_height": 256,
				"visible_bounds_width": 14,
				"visible_bounds_height": 10,
				"visible_bounds_offset": [0, 2, 0]
			},
			"bones": [
				{
					"name": "body",
					"pivot": [0, 21, -3]
				},
				{
					"name": "Breastplate",
					"parent": "body",
					"pivot": [0, 23, -13]
				},
				{
					"name": "saddle",
					"parent": "Breastplate",
					"pivot": [-0.5, 15, -13],
					"cubes": [
						{
							"origin": [-5.7, 12.06804, -22.72336],
							"size": [11.6, 13.5, 11.5],
							"pivot": [0, 18.81804, -16.97336],
							"rotation": [-10, 180, 0],
							"uv": {
								"north": {"uv": [0, 0], "uv_size": [11, 1]},
								"south": {"uv": [0, 0], "uv_size": [11, 1]},
								"up": {"uv": [83, 61], "uv_size": [-14, -18]}
							}
						}
					]
				}
			]
		}
	]
}