{
	"format_version": "1.12.0",
	"minecraft:geometry": [
		{
			"description": {
				"identifier": "geometry.magma_dripper",
				"texture_width": 256,
				"texture_height": 256,
				"visible_bounds_width": 14,
				"visible_bounds_height": 10,
				"visible_bounds_offset": [0, 2, 0]
			},
			"bones": [
				{
					"name": "body",
					"pivot": [0, 21, -3]
				},
				{
					"name": "Breastplate",
					"parent": "body",
					"pivot": [0, 23, -13],
					"cubes": [
						{
							"origin": [-5.5, 13, -21],
							"size": [11, 13, 10],
							"pivot": [-0.5, 15, -13],
							"rotation": [10, 0, 0],
							"uv": {
								"north": {"uv": [130, 100], "uv_size": [11, 13]},
								"east": {"uv": [131, 14], "uv_size": [10, 13]},
								"south": {"uv": [130, 113], "uv_size": [11, 13]},
								"west": {"uv": [131, 27], "uv_size": [10, 13]},
								"up": {"uv": [131, 40], "uv_size": [11, 10]},
								"down": {"uv": [81, 143], "uv_size": [11, -10]}
							}
						},
						{
							"origin": [-0.5, 23, -22],
							"size": [1, 6, 3],
							"pivot": [4.5, 25, -14],
							"rotation": [-5, 0, 0],
							"uv": {
								"north": {"uv": [130, 154], "uv_size": [1, 6]},
								"east": {"uv": [121, 163], "uv_size": [3, 6]},
								"south": {"uv": [107, 155], "uv_size": [1, 6]},
								"west": {"uv": [153, 163], "uv_size": [3, 6]},
								"up": {"uv": [116, 150], "uv_size": [1, 3]},
								"down": {"uv": [123, 153], "uv_size": [1, -3]}
							}
						},
						{
							"origin": [-0.5, 25, -17],
							"size": [1, 6, 3],
							"pivot": [4.5, 25, -14],
							"rotation": [-12.5, 0, 0],
							"uv": {
								"north": {"uv": [63, 169], "uv_size": [1, 6]},
								"east": {"uv": [164, 164], "uv_size": [3, 6]},
								"south": {"uv": [83, 169], "uv_size": [1, 6]},
								"west": {"uv": [0, 165], "uv_size": [3, 6]},
								"up": {"uv": [61, 157], "uv_size": [1, 3]},
								"down": {"uv": [130, 163], "uv_size": [1, -3]}
							}
						}
					]
				},
				{
					"name": "neck3",
					"parent": "Breastplate",
					"pivot": [0, 18.5216, -20.7752],
					"rotation": [30, 0, 0],
					"cubes": [
						{
							"origin": [-4, 13.61482, -29.89453],
							"size": [8, 10, 10],
							"pivot": [-0.5, 21.76914, -19.67036],
							"rotation": [-7.5, 0, 0],
							"uv": {
								"north": {"uv": [20, 141], "uv_size": [8, 10]},
								"east": {"uv": [114, 133], "uv_size": [10, 10]},
								"south": {"uv": [28, 141], "uv_size": [8, 10]},
								"west": {"uv": [135, 50], "uv_size": [10, 10]},
								"up": {"uv": [141, 28], "uv_size": [8, 10]},
								"down": {"uv": [36, 151], "uv_size": [8, -10]}
							}
						}
					]
				},
				{
					"name": "neck2",
					"parent": "neck3",
					"pivot": [0, 19.72853, -30.35467],
					"rotation": [10, 0, 0],
					"cubes": [
						{
							"origin": [-3, 17.85528, -39.35757],
							"size": [6, 8.2, 10],
							"pivot": [0.5, 18.85718, -33.44481],
							"rotation": [-45, 0, 0],
							"uv": {
								"north": {"uv": [28, 151], "uv_size": [6, 8]},
								"east": {"uv": [141, 82], "uv_size": [10, 8]},
								"south": {"uv": [34, 151], "uv_size": [6, 8]},
								"west": {"uv": [141, 90], "uv_size": [10, 8]},
								"up": {"uv": [117, 143], "uv_size": [6, 10]},
								"down": {"uv": [0, 156], "uv_size": [6, -10]}
							}
						}
					]
				},
				{
					"name": "neck",
					"parent": "neck2",
					"pivot": [0, 26.51581, -34.61346],
					"rotation": [-25, 0, 0],
					"cubes": [
						{
							"origin": [-2.5, 21.79525, -40.82746],
							"size": [5, 7, 8.7],
							"pivot": [0, 25.79525, -34.82746],
							"rotation": [-45, 0, 0],
							"uv": {
								"north": {"uv": [4, 156], "uv_size": [5, 7]},
								"east": {"uv": [113, 101], "uv_size": [9, 7]},
								"south": {"uv": [9, 156], "uv_size": [5, 7]},
								"west": {"uv": [108, 143], "uv_size": [9, 7]},
								"up": {"uv": [72, 151], "uv_size": [5, 9]},
								"down": {"uv": [40, 161], "uv_size": [5, -9]}
							}
						}
					]
				},
				{
					"name": "Head",
					"parent": "neck",
					"pivot": [0, 32.31978, -37.25861],
					"rotation": [2.5, 0, 0],
					"cubes": [
						{
							"origin": [-2.75, 28.45064, -43.26337],
							"size": [5.5, 4.3, 6],
							"pivot": [1.75, 28.45064, -42.26337],
							"rotation": [-2.5, 0, 0],
							"uv": {
								"north": {"uv": [161, 153], "uv_size": [6, 4]},
								"east": {"uv": [27, 162], "uv_size": [6, 4]},
								"south": {"uv": [33, 162], "uv_size": [6, 4]},
								"west": {"uv": [139, 162], "uv_size": [6, 4]},
								"up": {"uv": [124, 133], "uv_size": [6, 6]},
								"down": {"uv": [154, 140], "uv_size": [6, -6]}
							}
						},
						{
							"origin": [-3.46222, 28.51773, -39.90462],
							"size": [0, 3.3, 4],
							"pivot": [-3.02184, 30.01849, -37.0193],
							"rotation": [-10, -27.5, 0],
							"uv": {
								"north": {"uv": [0, 0], "uv_size": [0, 3]},
								"east": {"uv": [107, 167], "uv_size": [4, 3]},
								"south": {"uv": [0, 0], "uv_size": [0, 3]},
								"west": {"uv": [111, 167], "uv_size": [4, 3]},
								"up": {"uv": [0, 0], "uv_size": [0, 4]},
								"down": {"uv": [0, 4], "uv_size": [0, -4]}
							}
						},
						{
							"origin": [3.46222, 28.51773, -39.90462],
							"size": [0, 3.3, 4],
							"pivot": [3.02184, 30.01849, -37.0193],
							"rotation": [-10, 27.5, 0],
							"uv": {
								"north": {"uv": [0, 0], "uv_size": [0, 3]},
								"east": {"uv": [124, 167], "uv_size": [4, 3]},
								"south": {"uv": [0, 0], "uv_size": [0, 3]},
								"west": {"uv": [167, 153], "uv_size": [4, 3]},
								"up": {"uv": [0, 0], "uv_size": [0, 4]},
								"down": {"uv": [0, 4], "uv_size": [0, -4]}
							}
						},
						{
							"origin": [-3.8, 31.31978, -41.10537],
							"size": [1.3, 2, 4],
							"pivot": [-3.31794, 31.75027, -39.10537],
							"rotation": [20, -39.5, 0],
							"uv": {
								"north": {"uv": [141, 38], "uv_size": [1, 2]},
								"east": {"uv": [53, 171], "uv_size": [4, 2]},
								"south": {"uv": [39, 159], "uv_size": [1, 2]},
								"west": {"uv": [171, 54], "uv_size": [4, 2]},
								"up": {"uv": [66, 137], "uv_size": [1, 4]},
								"down": {"uv": [80, 155], "uv_size": [1, -4]}
							}
						},
						{
							"origin": [2.5, 31.31978, -41.10537],
							"size": [1.3, 2, 4],
							"pivot": [3.31794, 31.75027, -39.10537],
							"rotation": [20, 39.5, 0],
							"uv": {
								"north": {"uv": [107, 161], "uv_size": [1, 2]},
								"east": {"uv": [171, 56], "uv_size": [4, 2]},
								"south": {"uv": [97, 166], "uv_size": [1, 2]},
								"west": {"uv": [57, 171], "uv_size": [4, 2]},
								"up": {"uv": [139, 157], "uv_size": [1, 4]},
								"down": {"uv": [3, 169], "uv_size": [1, -4]}
							}
						},
						{
							"origin": [-5.28323, 33.51978, -39.12437],
							"size": [1, 1, 5.5],
							"pivot": [-4.78323, 33.90405, -36.62437],
							"rotation": [27.5, -32.5, 5],
							"uv": {
								"north": {"uv": [153, 113], "uv_size": [1, 1]},
								"east": {"uv": [124, 139], "uv_size": [6, 1]},
								"south": {"uv": [80, 155], "uv_size": [1, 1]},
								"west": {"uv": [166, 74], "uv_size": [6, 1]},
								"up": {"uv": [103, 169], "uv_size": [1, 6]},
								"down": {"uv": [36, 176], "uv_size": [1, -6]}
							}
						},
						{
							"origin": [4.28323, 33.51978, -39.12437],
							"size": [1, 1, 3.5],
							"pivot": [4.78323, 33.90405, -36.62437],
							"rotation": [27.5, 32.5, -5],
							"uv": {
								"north": {"uv": [27, 161], "uv_size": [1, 1]},
								"east": {"uv": [40, 151], "uv_size": [4, 1]},
								"south": {"uv": [139, 161], "uv_size": [1, 1]},
								"west": {"uv": [167, 156], "uv_size": [4, 1]},
								"up": {"uv": [47, 166], "uv_size": [1, 4]},
								"down": {"uv": [70, 175], "uv_size": [1, -4]}
							}
						},
						{
							"origin": [-2.25, 28.3833, -46.34727],
							"size": [4.5, 3, 4],
							"pivot": [0, 30.3833, -44.84727],
							"rotation": [2.5, 0, 0],
							"uv": {
								"north": {"uv": [166, 54], "uv_size": [5, 3]},
								"east": {"uv": [167, 164], "uv_size": [4, 3]},
								"south": {"uv": [166, 57], "uv_size": [5, 3]},
								"west": {"uv": [167, 167], "uv_size": [4, 3]},
								"up": {"uv": [107, 163], "uv_size": [5, 4]},
								"down": {"uv": [112, 167], "uv_size": [5, -4]}
							}
						},
						{
							"origin": [-1.75, 30.68231, -48.07928],
							"size": [3.5, 1, 3],
							"pivot": [0.25, 32.18231, -45.07928],
							"rotation": [12.5, 0, 0],
							"uv": {
								"north": {"uv": [89, 173], "uv_size": [4, 1]},
								"east": {"uv": [149, 162], "uv_size": [3, 1]},
								"south": {"uv": [93, 173], "uv_size": [4, 1]},
								"west": {"uv": [121, 169], "uv_size": [3, 1]},
								"up": {"uv": [18, 168], "uv_size": [4, 3]},
								"down": {"uv": [90, 171], "uv_size": [4, -3]}
							}
						},
						{
							"origin": [-1.75, 31.85657, -46.22451],
							"size": [3.5, 1, 3.3],
							"pivot": [0.25, 33.35657, -42.22451],
							"rotation": [22.5, 0, 0],
							"uv": {
								"north": {"uv": [173, 115], "uv_size": [4, 1]},
								"east": {"uv": [173, 117], "uv_size": [3, 1]},
								"south": {"uv": [173, 116], "uv_size": [4, 1]},
								"west": {"uv": [47, 174], "uv_size": [3, 1]},
								"up": {"uv": [94, 168], "uv_size": [4, 3]},
								"down": {"uv": [168, 101], "uv_size": [4, -3]}
							}
						},
						{
							"origin": [-2, 28.31978, -49.25861],
							"size": [4, 2, 3],
							"uv": {
								"north": {"uv": [171, 58], "uv_size": [4, 2]},
								"east": {"uv": [142, 48], "uv_size": [3, 2]},
								"south": {"uv": [171, 60], "uv_size": [4, 2]},
								"west": {"uv": [98, 172], "uv_size": [3, 2]},
								"up": {"uv": [168, 101], "uv_size": [4, 3]},
								"down": {"uv": [168, 109], "uv_size": [4, -3]}
							}
						},
						{
							"origin": [-1.5, 27.31978, -48.34576],
							"size": [0, 2, 7],
							"pivot": [3, 28.31978, -47.25861],
							"rotation": [0, -5, 0],
							"uv": {
								"north": {"uv": [0, 0], "uv_size": [0, 2]},
								"east": {"uv": [134, 82], "uv_size": [7, 2]},
								"south": {"uv": [0, 0], "uv_size": [0, 2]},
								"west": {"uv": [166, 72], "uv_size": [7, 2]},
								"up": {"uv": [0, 0], "uv_size": [0, 7]},
								"down": {"uv": [0, 7], "uv_size": [0, -7]}
							}
						},
						{
							"origin": [1.5, 27.31978, -48.34576],
							"size": [0, 2, 7],
							"pivot": [-3, 28.31978, -47.25861],
							"rotation": [0, 5, 0],
							"uv": {
								"north": {"uv": [0, 0], "uv_size": [0, 2]},
								"east": {"uv": [90, 166], "uv_size": [7, 2]},
								"south": {"uv": [0, 0], "uv_size": [0, 2]},
								"west": {"uv": [138, 166], "uv_size": [7, 2]},
								"up": {"uv": [0, 0], "uv_size": [0, 7]},
								"down": {"uv": [0, 7], "uv_size": [0, -7]}
							}
						},
						{
							"origin": [-1, 29.65903, -49.44647],
							"size": [2, 1, 2],
							"pivot": [3, 28.65523, -45.53363],
							"rotation": [-7.5, 0, 0],
							"uv": {
								"north": {"uv": [115, 167], "uv_size": [2, 1]},
								"east": {"uv": [128, 167], "uv_size": [2, 1]},
								"south": {"uv": [105, 169], "uv_size": [2, 1]},
								"west": {"uv": [16, 170], "uv_size": [2, 1]},
								"up": {"uv": [59, 164], "uv_size": [2, 2]},
								"down": {"uv": [59, 175], "uv_size": [2, -2]}
							}
						},
						{
							"origin": [-2.21413, 30.05148, -49.10689],
							"size": [1, 1, 3],
							"pivot": [-1.5, 31.52542, -48.18165],
							"rotation": [-7.5, 2.5, -12.5],
							"uv": {
								"north": {"uv": [55, 163], "uv_size": [1, 1]},
								"east": {"uv": [50, 174], "uv_size": [3, 1]},
								"south": {"uv": [47, 170], "uv_size": [1, 1]},
								"west": {"uv": [174, 52], "uv_size": [3, 1]},
								"up": {"uv": [138, 163], "uv_size": [1, 3]},
								"down": {"uv": [97, 176], "uv_size": [1, -3]}
							}
						},
						{
							"origin": [1.21413, 30.05148, -49.10689],
							"size": [1, 1, 3],
							"pivot": [1.5, 31.52542, -48.18165],
							"rotation": [-7.5, -2.5, 12.5],
							"uv": {
								"north": {"uv": [79, 171], "uv_size": [1, 1]},
								"east": {"uv": [174, 53], "uv_size": [3, 1]},
								"south": {"uv": [172, 74], "uv_size": [1, 1]},
								"west": {"uv": [71, 174], "uv_size": [3, 1]},
								"up": {"uv": [127, 173], "uv_size": [1, 3]},
								"down": {"uv": [2, 177], "uv_size": [1, -3]}
							}
						}
					]
				},
				{
					"name": "Horn",
					"parent": "Head",
					"pivot": [2.2084, 32.49671, -39.24813],
					"rotation": [-10, 10, 0],
					"cubes": [
						{
							"origin": [1.38188, 32.3648, -40.12329],
							"size": [1.5, 1.5, 4],
							"pivot": [4.2084, 32.40947, -37.25003],
							"rotation": [25, 10, 0],
							"uv": {
								"north": {"uv": [64, 173], "uv_size": [2, 2]},
								"east": {"uv": [171, 62], "uv_size": [4, 2]},
								"south": {"uv": [173, 119], "uv_size": [2, 2]},
								"west": {"uv": [171, 64], "uv_size": [4, 2]},
								"up": {"uv": [66, 171], "uv_size": [2, 4]},
								"down": {"uv": [171, 70], "uv_size": [2, -4]}
							}
						},
						{
							"origin": [1.78546, 31.88687, -36.69384],
							"size": [1.5, 2, 5],
							"pivot": [2.53546, 32.88687, -34.19384],
							"rotation": [-7.5, 7.5, 0],
							"uv": {
								"north": {"uv": [125, 173], "uv_size": [2, 2]},
								"east": {"uv": [168, 115], "uv_size": [5, 2]},
								"south": {"uv": [173, 140], "uv_size": [2, 2]},
								"west": {"uv": [51, 169], "uv_size": [5, 2]},
								"up": {"uv": [18, 146], "uv_size": [2, 5]},
								"down": {"uv": [151, 173], "uv_size": [2, -5]}
							}
						},
						{
							"origin": [2.51292, 31.63177, -32.579],
							"size": [1.5, 2.5, 5],
							"pivot": [3.41609, 32.42308, -28.47731],
							"rotation": [10, 7.5, 0],
							"uv": {
								"north": {"uv": [172, 98], "uv_size": [2, 3]},
								"east": {"uv": [59, 166], "uv_size": [5, 3]},
								"south": {"uv": [101, 172], "uv_size": [2, 3]},
								"west": {"uv": [166, 60], "uv_size": [5, 3]},
								"up": {"uv": [162, 168], "uv_size": [2, 5]},
								"down": {"uv": [12, 174], "uv_size": [2, -5]}
							}
						},
						{
							"origin": [2.52106, 32.56355, -28.94433],
							"size": [1.5, 1.5, 10],
							"pivot": [3.398, 34.30815, -28.41374],
							"rotation": [22.5, 2.5, 0],
							"uv": {
								"north": {"uv": [173, 149], "uv_size": [2, 2]},
								"east": {"uv": [90, 164], "uv_size": [10, 2]},
								"south": {"uv": [151, 173], "uv_size": [2, 2]},
								"west": {"uv": [164, 162], "uv_size": [10, 2]},
								"up": {"uv": [74, 123], "uv_size": [2, 10]},
								"down": {"uv": [72, 151], "uv_size": [2, -10]}
							}
						},
						{
							"origin": [2.5678, 32.2282, -31.17587],
							"size": [1, 1.5, 7],
							"pivot": [-2.79067, 33.84461, -30.13905],
							"rotation": [50, 2.5, 0],
							"uv": {
								"north": {"uv": [44, 170], "uv_size": [1, 2]},
								"east": {"uv": [167, 10], "uv_size": [7, 2]},
								"south": {"uv": [120, 174], "uv_size": [1, 2]},
								"west": {"uv": [167, 12], "uv_size": [7, 2]},
								"up": {"uv": [122, 101], "uv_size": [1, 7]},
								"down": {"uv": [123, 150], "uv_size": [1, -7]}
							}
						}
					]
				},
				{
					"name": "Horn2",
					"parent": "Head",
					"pivot": [-2.2084, 32.49671, -39.24813],
					"rotation": [-10, -10, 0],
					"cubes": [
						{
							"origin": [-2.88188, 32.3648, -40.12329],
							"size": [1.5, 1.5, 4],
							"pivot": [-4.2084, 32.40947, -37.25003],
							"rotation": [25, -10, 0],
							"uv": {
								"north": {"uv": [173, 151], "uv_size": [2, 2]},
								"east": {"uv": [171, 70], "uv_size": [4, 2]},
								"south": {"uv": [162, 173], "uv_size": [2, 2]},
								"west": {"uv": [90, 171], "uv_size": [4, 2]},
								"up": {"uv": [68, 171], "uv_size": [2, 4]},
								"down": {"uv": [77, 175], "uv_size": [2, -4]}
							}
						},
						{
							"origin": [-3.28546, 31.88687, -36.69384],
							"size": [1.5, 2, 5],
							"pivot": [-2.53546, 32.88687, -34.19384],
							"rotation": [-7.5, -7.5, 0],
							"uv": {
								"north": {"uv": [0, 174], "uv_size": [2, 2]},
								"east": {"uv": [56, 169], "uv_size": [5, 2]},
								"south": {"uv": [174, 6], "uv_size": [2, 2]},
								"west": {"uv": [66, 169], "uv_size": [5, 2]},
								"up": {"uv": [14, 169], "uv_size": [2, 5]},
								"down": {"uv": [61, 174], "uv_size": [2, -5]}
							}
						},
						{
							"origin": [-4.01292, 31.63177, -32.579],
							"size": [1.5, 2.5, 5],
							"pivot": [-3.41609, 32.42308, -28.47731],
							"rotation": [10, -7.5, 0],
							"uv": {
								"north": {"uv": [172, 101], "uv_size": [2, 3]},
								"east": {"uv": [166, 63], "uv_size": [5, 3]},
								"south": {"uv": [105, 172], "uv_size": [2, 3]},
								"west": {"uv": [166, 66], "uv_size": [5, 3]},
								"up": {"uv": [71, 169], "uv_size": [2, 5]},
								"down": {"uv": [73, 174], "uv_size": [2, -5]}
							}
						},
						{
							"origin": [-4.02106, 32.56355, -28.94433],
							"size": [1.5, 1.5, 5.5],
							"pivot": [-3.398, 34.30815, -28.41374],
							"rotation": [22.5, -2.5, 0],
							"uv": {
								"north": {"uv": [174, 10], "uv_size": [2, 2]},
								"east": {"uv": [141, 124], "uv_size": [6, 2]},
								"south": {"uv": [11, 174], "uv_size": [2, 2]},
								"west": {"uv": [167, 26], "uv_size": [6, 2]},
								"up": {"uv": [70, 154], "uv_size": [2, 6]},
								"down": {"uv": [98, 172], "uv_size": [2, -6]}
							}
						},
						{
							"origin": [-3.5678, 32.2282, -31.17587],
							"size": [1, 1.5, 7],
							"pivot": [2.79067, 33.84461, -30.13905],
							"rotation": [50, -2.5, 0],
							"uv": {
								"north": {"uv": [121, 174], "uv_size": [1, 2]},
								"east": {"uv": [167, 14], "uv_size": [7, 2]},
								"south": {"uv": [122, 174], "uv_size": [1, 2]},
								"west": {"uv": [167, 16], "uv_size": [7, 2]},
								"up": {"uv": [139, 150], "uv_size": [1, 7]},
								"down": {"uv": [153, 113], "uv_size": [1, -7]}
							}
						}
					]
				},
				{
					"name": "jaw",
					"parent": "Head",
					"pivot": [0, 28.31978, -37.25861],
					"rotation": [-2.5, 0, 0],
					"cubes": [
						{
							"origin": [-2.75, 26.23221, -43.26431],
							"size": [5.5, 2, 6],
							"uv": {
								"north": {"uv": [168, 109], "uv_size": [6, 2]},
								"east": {"uv": [168, 111], "uv_size": [6, 2]},
								"south": {"uv": [168, 113], "uv_size": [6, 2]},
								"west": {"uv": [115, 168], "uv_size": [6, 2]},
								"up": {"uv": [155, 0], "uv_size": [6, 6]},
								"down": {"uv": [87, 161], "uv_size": [6, -6]}
							}
						},
						{
							"origin": [3.41421, 26.74786, -37.67238],
							"size": [0, 1, 1],
							"pivot": [2.91421, 27.73221, -36.67238],
							"rotation": [-7.5, 35, 0],
							"uv": {
								"north": {"uv": [0, 0], "uv_size": [0, 1]},
								"east": {"uv": [89, 172], "uv_size": [1, 1]},
								"south": {"uv": [0, 0], "uv_size": [0, 1]},
								"west": {"uv": [11, 173], "uv_size": [1, 1]},
								"up": {"uv": [0, 0], "uv_size": [0, 1]},
								"down": {"uv": [0, 1], "uv_size": [0, -1]}
							}
						},
						{
							"origin": [-3.41421, 26.74786, -37.67238],
							"size": [0, 1, 1],
							"pivot": [-2.91421, 27.73221, -36.67238],
							"rotation": [-7.5, -35, 0],
							"uv": {
								"north": {"uv": [0, 0], "uv_size": [0, 1]},
								"east": {"uv": [83, 175], "uv_size": [1, 1]},
								"south": {"uv": [0, 0], "uv_size": [0, 1]},
								"west": {"uv": [175, 87], "uv_size": [1, 1]},
								"up": {"uv": [0, 0], "uv_size": [0, 1]},
								"down": {"uv": [0, 1], "uv_size": [0, -1]}
							}
						},
						{
							"origin": [-2.25, 26.36117, -46.18167],
							"size": [4.5, 1.7, 3],
							"pivot": [-0.25, 27.21117, -44.68167],
							"rotation": [5, 0, 0],
							"uv": {
								"north": {"uv": [39, 170], "uv_size": [5, 2]},
								"east": {"uv": [172, 106], "uv_size": [3, 2]},
								"south": {"uv": [170, 48], "uv_size": [5, 2]},
								"west": {"uv": [107, 172], "uv_size": [3, 2]},
								"up": {"uv": [166, 69], "uv_size": [5, 3]},
								"down": {"uv": [70, 169], "uv_size": [5, -3]}
							}
						},
						{
							"origin": [-2, 26.29245, -49.25982],
							"size": [4, 1.7, 4],
							"pivot": [0, 28.18384, -44.75982],
							"rotation": [2.5, 0, 0],
							"uv": {
								"north": {"uv": [94, 171], "uv_size": [4, 2]},
								"east": {"uv": [171, 153], "uv_size": [4, 2]},
								"south": {"uv": [171, 155], "uv_size": [4, 2]},
								"west": {"uv": [171, 160], "uv_size": [4, 2]},
								"up": {"uv": [33, 166], "uv_size": [4, 4]},
								"down": {"uv": [166, 52], "uv_size": [4, -4]}
							}
						},
						{
							"origin": [-2, 27.29245, -48.25982],
							"size": [0, 1.7, 8],
							"pivot": [0, 28.18384, -44.75982],
							"rotation": [2.5, -2.5, 0],
							"uv": {
								"north": {"uv": [0, 0], "uv_size": [0, 2]},
								"east": {"uv": [165, 119], "uv_size": [8, 2]},
								"south": {"uv": [0, 0], "uv_size": [0, 2]},
								"west": {"uv": [165, 140], "uv_size": [8, 2]},
								"up": {"uv": [0, 0], "uv_size": [0, 8]},
								"down": {"uv": [0, 8], "uv_size": [0, -8]}
							}
						},
						{
							"origin": [2, 27.29245, -48.25982],
							"size": [0, 1.7, 8],
							"pivot": [0, 28.18384, -44.75982],
							"rotation": [2.5, 2.5, 0],
							"uv": {
								"north": {"uv": [0, 0], "uv_size": [0, 2]},
								"east": {"uv": [166, 6], "uv_size": [8, 2]},
								"south": {"uv": [0, 0], "uv_size": [0, 2]},
								"west": {"uv": [166, 52], "uv_size": [8, 2]},
								"up": {"uv": [0, 0], "uv_size": [0, 8]},
								"down": {"uv": [0, 8], "uv_size": [0, -8]}
							}
						},
						{
							"origin": [-1, 25.62863, -46.52629],
							"size": [2, 1.7, 3],
							"pivot": [0, 26.47863, -45.52629],
							"rotation": [-32.5, 0, 0],
							"uv": {
								"north": {"uv": [174, 12], "uv_size": [2, 2]},
								"east": {"uv": [110, 172], "uv_size": [3, 2]},
								"south": {"uv": [13, 174], "uv_size": [2, 2]},
								"west": {"uv": [113, 172], "uv_size": [3, 2]},
								"up": {"uv": [116, 172], "uv_size": [2, 3]},
								"down": {"uv": [118, 175], "uv_size": [2, -3]}
							}
						},
						{
							"origin": [-2.71885, 22.16886, -49.02203],
							"size": [1, 1, 2],
							"pivot": [-0.70574, 23.57594, -50.44278],
							"rotation": [67.5, 0, 17.5],
							"uv": {
								"north": {"uv": [89, 175], "uv_size": [1, 1]},
								"east": {"uv": [128, 174], "uv_size": [2, 1]},
								"south": {"uv": [175, 89], "uv_size": [1, 1]},
								"west": {"uv": [130, 174], "uv_size": [2, 1]},
								"up": {"uv": [132, 174], "uv_size": [1, 2]},
								"down": {"uv": [133, 176], "uv_size": [1, -2]}
							}
						},
						{
							"origin": [1.71885, 22.16886, -49.02203],
							"size": [1, 1, 2],
							"pivot": [0.70574, 23.57594, -50.44278],
							"rotation": [67.5, 0, -17.5],
							"uv": {
								"north": {"uv": [175, 90], "uv_size": [1, 1]},
								"east": {"uv": [134, 174], "uv_size": [2, 1]},
								"south": {"uv": [175, 91], "uv_size": [1, 1]},
								"west": {"uv": [136, 174], "uv_size": [2, 1]},
								"up": {"uv": [138, 174], "uv_size": [1, 2]},
								"down": {"uv": [139, 176], "uv_size": [1, -2]}
							}
						},
						{
							"origin": [-0.5, 25.16695, -49.10927],
							"size": [1, 2, 1],
							"pivot": [0, 25.66695, -48.60927],
							"rotation": [-7.5, 0, 0],
							"uv": {
								"north": {"uv": [140, 174], "uv_size": [1, 2]},
								"east": {"uv": [141, 174], "uv_size": [1, 2]},
								"south": {"uv": [142, 174], "uv_size": [1, 2]},
								"west": {"uv": [143, 174], "uv_size": [1, 2]},
								"up": {"uv": [175, 92], "uv_size": [1, 1]},
								"down": {"uv": [175, 94], "uv_size": [1, -1]}
							}
						}
					]
				},
				{
					"name": "Frontalleg",
					"parent": "Breastplate",
					"pivot": [-5, 19, -18],
					"rotation": [32.5, -15, 12.5],
					"cubes": [
						{
							"origin": [-5.82569, 8.10171, -20.86236],
							"size": [4, 13, 6],
							"uv": {
								"north": {"uv": [62, 147], "uv_size": [4, 13]},
								"east": {"uv": [66, 141], "uv_size": [6, 13]},
								"south": {"uv": [140, 149], "uv_size": [4, 13]},
								"west": {"uv": [141, 98], "uv_size": [6, 13]},
								"up": {"uv": [145, 162], "uv_size": [4, 6]},
								"down": {"uv": [156, 168], "uv_size": [4, -6]}
							}
						}
					]
				},
				{
					"name": "Frontal_leg2",
					"parent": "Frontalleg",
					"pivot": [-4.53686, 7.73343, -15.80393],
					"rotation": [-57.5, 0, -5],
					"cubes": [
						{
							"origin": [-5.4, -4.67557, -19.84922],
							"size": [3, 13, 4],
							"pivot": [-4.04129, 5.32443, -12.84922],
							"rotation": [-7.5, 0, 0],
							"uv": {
								"north": {"uv": [48, 152], "uv_size": [3, 13]},
								"east": {"uv": [144, 149], "uv_size": [4, 13]},
								"south": {"uv": [154, 106], "uv_size": [3, 13]},
								"west": {"uv": [148, 149], "uv_size": [4, 13]},
								"up": {"uv": [128, 168], "uv_size": [3, 4]},
								"down": {"uv": [131, 172], "uv_size": [3, -4]}
							}
						}
					]
				},
				{
					"name": "Foot",
					"parent": "Frontal_leg2",
					"pivot": [-3.70567, -4.27895, -18.3587],
					"rotation": [20, 5, -7.5],
					"cubes": [
						{
							"origin": [-5.69624, -5.27507, -22.19591],
							"size": [4, 2, 5],
							"uv": {
								"north": {"uv": [171, 164], "uv_size": [4, 2]},
								"east": {"uv": [170, 50], "uv_size": [5, 2]},
								"south": {"uv": [171, 166], "uv_size": [4, 2]},
								"west": {"uv": [85, 170], "uv_size": [5, 2]},
								"up": {"uv": [131, 50], "uv_size": [4, 5]},
								"down": {"uv": [117, 168], "uv_size": [4, -5]}
							}
						}
					]
				},
				{
					"name": "Finger",
					"parent": "Foot",
					"pivot": [-2.49057, -4.30108, -21.6235],
					"cubes": [
						{
							"origin": [-2.35973, -5.27507, -24.26858],
							"size": [1, 2, 3],
							"pivot": [-1.85973, -4.27507, -23.76858],
							"rotation": [0, -12.5, 0],
							"uv": {
								"north": {"uv": [144, 174], "uv_size": [1, 2]},
								"east": {"uv": [120, 172], "uv_size": [3, 2]},
								"south": {"uv": [145, 174], "uv_size": [1, 2]},
								"west": {"uv": [128, 172], "uv_size": [3, 2]},
								"up": {"uv": [21, 174], "uv_size": [1, 3]},
								"down": {"uv": [43, 177], "uv_size": [1, -3]}
							}
						},
						{
							"origin": [-1.53934, -4.81103, -25.88004],
							"size": [0, 1, 2],
							"pivot": [-1.53934, -4.31103, -25.38004],
							"rotation": [22.5, -7.5, 0],
							"uv": {
								"north": {"uv": [0, 0], "uv_size": [0, 1]},
								"east": {"uv": [146, 174], "uv_size": [2, 1]},
								"south": {"uv": [0, 0], "uv_size": [0, 1]},
								"west": {"uv": [148, 174], "uv_size": [2, 1]},
								"up": {"uv": [0, 0], "uv_size": [0, 2]},
								"down": {"uv": [0, 2], "uv_size": [0, -2]}
							}
						}
					]
				},
				{
					"name": "Finger4",
					"parent": "Foot",
					"pivot": [-2.13717, -4.33085, -19.6552],
					"rotation": [-5, -27.5, 0],
					"cubes": [
						{
							"origin": [-2.01841, -4.6652, -22.22257],
							"size": [1, 1, 3],
							"pivot": [-1.51841, -5.30174, -21.72257],
							"rotation": [0, -12.5, 0],
							"uv": {
								"north": {"uv": [175, 94], "uv_size": [1, 1]},
								"east": {"uv": [74, 174], "uv_size": [3, 1]},
								"south": {"uv": [98, 175], "uv_size": [1, 1]},
								"west": {"uv": [79, 174], "uv_size": [3, 1]},
								"up": {"uv": [44, 174], "uv_size": [1, 3]},
								"down": {"uv": [61, 177], "uv_size": [1, -3]}
							}
						},
						{
							"origin": [-1.25696, -5.03097, -23.8863],
							"size": [0, 1, 2],
							"pivot": [-1.25696, -4.53097, -22.8863],
							"rotation": [22.5, -7.5, 0],
							"uv": {
								"north": {"uv": [0, 0], "uv_size": [0, 1]},
								"east": {"uv": [153, 174], "uv_size": [2, 1]},
								"south": {"uv": [0, 0], "uv_size": [0, 1]},
								"west": {"uv": [155, 174], "uv_size": [2, 1]},
								"up": {"uv": [0, 0], "uv_size": [0, 2]},
								"down": {"uv": [0, 2], "uv_size": [0, -2]}
							}
						}
					]
				},
				{
					"name": "Finger2",
					"parent": "Foot",
					"pivot": [-4.94621, -4.34064, -21.72049],
					"cubes": [
						{
							"origin": [-5.85116, -4.81103, -25.8803],
							"size": [0, 1, 2],
							"pivot": [-5.85116, -4.31103, -25.3803],
							"rotation": [22.5, 7.5, 0],
							"uv": {
								"north": {"uv": [0, 0], "uv_size": [0, 1]},
								"east": {"uv": [157, 174], "uv_size": [2, 1]},
								"south": {"uv": [0, 0], "uv_size": [0, 1]},
								"west": {"uv": [159, 174], "uv_size": [2, 1]},
								"up": {"uv": [0, 0], "uv_size": [0, 2]},
								"down": {"uv": [0, 2], "uv_size": [0, -2]}
							}
						},
						{
							"origin": [-5.70809, -5.27507, -24.30414],
							"size": [1, 2, 3],
							"pivot": [-5.20809, -4.27507, -22.30409],
							"rotation": [0, 12.5, 0],
							"uv": {
								"north": {"uv": [150, 174], "uv_size": [1, 2]},
								"east": {"uv": [131, 172], "uv_size": [3, 2]},
								"south": {"uv": [161, 174], "uv_size": [1, 2]},
								"west": {"uv": [134, 172], "uv_size": [3, 2]},
								"up": {"uv": [62, 174], "uv_size": [1, 3]},
								"down": {"uv": [82, 177], "uv_size": [1, -3]}
							}
						}
					]
				},
				{
					"name": "Finger3",
					"parent": "Foot",
					"pivot": [-3.25661, -4.3444, -21.89726],
					"cubes": [
						{
							"origin": [-3.53934, -4.81103, -25.88004],
							"size": [0, 1, 2],
							"pivot": [-1.53934, -4.31103, -25.38004],
							"rotation": [22.5, 0, 0],
							"uv": {
								"north": {"uv": [0, 0], "uv_size": [0, 1]},
								"east": {"uv": [174, 162], "uv_size": [2, 1]},
								"south": {"uv": [0, 0], "uv_size": [0, 1]},
								"west": {"uv": [174, 163], "uv_size": [2, 1]},
								"up": {"uv": [0, 0], "uv_size": [0, 2]},
								"down": {"uv": [0, 2], "uv_size": [0, -2]}
							}
						},
						{
							"origin": [-4.08812, -5.28259, -24.53911],
							"size": [1, 2, 3],
							"uv": {
								"north": {"uv": [164, 174], "uv_size": [1, 2]},
								"east": {"uv": [137, 172], "uv_size": [3, 2]},
								"south": {"uv": [165, 174], "uv_size": [1, 2]},
								"west": {"uv": [172, 144], "uv_size": [3, 2]},
								"up": {"uv": [174, 82], "uv_size": [1, 3]},
								"down": {"uv": [85, 177], "uv_size": [1, -3]}
							}
						}
					]
				},
				{
					"name": "Frontalleg2",
					"parent": "Breastplate",
					"pivot": [5, 19, -18],
					"rotation": [32.5, 15, -12.5],
					"cubes": [
						{
							"origin": [1.82569, 8.10171, -20.86236],
							"size": [4, 13, 6],
							"uv": {
								"north": {"uv": [108, 150], "uv_size": [4, 13]},
								"east": {"uv": [141, 111], "uv_size": [6, 13]},
								"south": {"uv": [112, 150], "uv_size": [4, 13]},
								"west": {"uv": [81, 143], "uv_size": [6, 13]},
								"up": {"uv": [160, 162], "uv_size": [4, 6]},
								"down": {"uv": [4, 169], "uv_size": [4, -6]}
							}
						}
					]
				},
				{
					"name": "Frontal_leg3",
					"parent": "Frontalleg2",
					"pivot": [4.53686, 7.73343, -15.80393],
					"rotation": [-57.5, 0, 5],
					"cubes": [
						{
							"origin": [2.4, -4.67557, -19.84922],
							"size": [3, 13, 4],
							"pivot": [4.04129, 5.32443, -12.84922],
							"rotation": [-7.5, 0, 0],
							"uv": {
								"north": {"uv": [124, 154], "uv_size": [3, 13]},
								"east": {"uv": [131, 150], "uv_size": [4, 13]},
								"south": {"uv": [127, 154], "uv_size": [3, 13]},
								"west": {"uv": [135, 150], "uv_size": [4, 13]},
								"up": {"uv": [134, 168], "uv_size": [3, 4]},
								"down": {"uv": [137, 172], "uv_size": [3, -4]}
							}
						}
					]
				},
				{
					"name": "Foot2",
					"parent": "Frontal_leg3",
					"pivot": [3.70567, -4.27895, -18.3587],
					"rotation": [20, -5, 7.5],
					"cubes": [
						{
							"origin": [1.69624, -5.27507, -22.19591],
							"size": [4, 2, 5],
							"uv": {
								"north": {"uv": [171, 168], "uv_size": [4, 2]},
								"east": {"uv": [105, 170], "uv_size": [5, 2]},
								"south": {"uv": [27, 172], "uv_size": [4, 2]},
								"west": {"uv": [110, 170], "uv_size": [5, 2]},
								"up": {"uv": [130, 163], "uv_size": [4, 5]},
								"down": {"uv": [134, 168], "uv_size": [4, -5]}
							}
						}
					]
				},
				{
					"name": "Finger5",
					"parent": "Foot2",
					"pivot": [2.49057, -4.30108, -21.6235],
					"cubes": [
						{
							"origin": [1.35973, -5.27507, -24.26858],
							"size": [1, 2, 3],
							"pivot": [1.85973, -4.27507, -23.76858],
							"rotation": [0, 12.5, 0],
							"uv": {
								"north": {"uv": [166, 174], "uv_size": [1, 2]},
								"east": {"uv": [148, 172], "uv_size": [3, 2]},
								"south": {"uv": [167, 174], "uv_size": [1, 2]},
								"west": {"uv": [153, 172], "uv_size": [3, 2]},
								"up": {"uv": [174, 85], "uv_size": [1, 3]},
								"down": {"uv": [86, 177], "uv_size": [1, -3]}
							}
						},
						{
							"origin": [1.53934, -4.81103, -25.88004],
							"size": [0, 1, 2],
							"pivot": [1.53934, -4.31103, -25.38004],
							"rotation": [22.5, 7.5, 0],
							"uv": {
								"north": {"uv": [0, 0], "uv_size": [0, 1]},
								"east": {"uv": [168, 174], "uv_size": [2, 1]},
								"south": {"uv": [0, 0], "uv_size": [0, 1]},
								"west": {"uv": [174, 170], "uv_size": [2, 1]},
								"up": {"uv": [0, 0], "uv_size": [0, 2]},
								"down": {"uv": [0, 2], "uv_size": [0, -2]}
							}
						}
					]
				},
				{
					"name": "Finger6",
					"parent": "Foot2",
					"pivot": [2.13717, -4.33085, -19.6552],
					"rotation": [-5, 27.5, 0],
					"cubes": [
						{
							"origin": [1.01841, -4.6652, -22.22257],
							"size": [1, 1, 3],
							"pivot": [1.51841, -5.30174, -21.72257],
							"rotation": [0, 12.5, 0],
							"uv": {
								"north": {"uv": [175, 98], "uv_size": [1, 1]},
								"east": {"uv": [87, 174], "uv_size": [3, 1]},
								"south": {"uv": [99, 175], "uv_size": [1, 1]},
								"west": {"uv": [174, 88], "uv_size": [3, 1]},
								"up": {"uv": [174, 89], "uv_size": [1, 3]},
								"down": {"uv": [90, 177], "uv_size": [1, -3]}
							}
						},
						{
							"origin": [1.25696, -5.03097, -23.8863],
							"size": [0, 1, 2],
							"pivot": [1.25696, -4.53097, -22.8863],
							"rotation": [22.5, 7.5, 0],
							"uv": {
								"north": {"uv": [0, 0], "uv_size": [0, 1]},
								"east": {"uv": [174, 171], "uv_size": [2, 1]},
								"south": {"uv": [0, 0], "uv_size": [0, 1]},
								"west": {"uv": [174, 172], "uv_size": [2, 1]},
								"up": {"uv": [0, 0], "uv_size": [0, 2]},
								"down": {"uv": [0, 2], "uv_size": [0, -2]}
							}
						}
					]
				},
				{
					"name": "Finger7",
					"parent": "Foot2",
					"pivot": [4.94621, -4.34064, -21.72049],
					"cubes": [
						{
							"origin": [5.85116, -4.81103, -25.8803],
							"size": [0, 1, 2],
							"pivot": [5.85116, -4.31103, -25.3803],
							"rotation": [22.5, -7.5, 0],
							"uv": {
								"north": {"uv": [0, 0], "uv_size": [0, 1]},
								"east": {"uv": [174, 173], "uv_size": [2, 1]},
								"south": {"uv": [0, 0], "uv_size": [0, 1]},
								"west": {"uv": [174, 174], "uv_size": [2, 1]},
								"up": {"uv": [0, 0], "uv_size": [0, 2]},
								"down": {"uv": [0, 2], "uv_size": [0, -2]}
							}
						},
						{
							"origin": [4.70809, -5.27507, -24.30414],
							"size": [1, 2, 3],
							"pivot": [5.20809, -4.27507, -22.30409],
							"rotation": [0, -12.5, 0],
							"uv": {
								"north": {"uv": [5, 175], "uv_size": [1, 2]},
								"east": {"uv": [156, 172], "uv_size": [3, 2]},
								"south": {"uv": [6, 175], "uv_size": [1, 2]},
								"west": {"uv": [159, 172], "uv_size": [3, 2]},
								"up": {"uv": [91, 174], "uv_size": [1, 3]},
								"down": {"uv": [92, 177], "uv_size": [1, -3]}
							}
						}
					]
				},
				{
					"name": "Finger8",
					"parent": "Foot2",
					"pivot": [3.25661, -4.3444, -21.89726],
					"cubes": [
						{
							"origin": [3.53934, -4.81103, -25.88004],
							"size": [0, 1, 2],
							"pivot": [1.53934, -4.31103, -25.38004],
							"rotation": [22.5, 0, 0],
							"uv": {
								"north": {"uv": [0, 0], "uv_size": [0, 1]},
								"east": {"uv": [7, 175], "uv_size": [2, 1]},
								"south": {"uv": [0, 0], "uv_size": [0, 1]},
								"west": {"uv": [9, 175], "uv_size": [2, 1]},
								"up": {"uv": [0, 0], "uv_size": [0, 2]},
								"down": {"uv": [0, 2], "uv_size": [0, -2]}
							}
						},
						{
							"origin": [3.08812, -5.28259, -24.53911],
							"size": [1, 2, 3],
							"uv": {
								"north": {"uv": [22, 175], "uv_size": [1, 2]},
								"east": {"uv": [164, 172], "uv_size": [3, 2]},
								"south": {"uv": [23, 175], "uv_size": [1, 2]},
								"west": {"uv": [167, 172], "uv_size": [3, 2]},
								"up": {"uv": [174, 92], "uv_size": [1, 3]},
								"down": {"uv": [93, 177], "uv_size": [1, -3]}
							}
						}
					]
				},
				{
					"name": "Trunk",
					"parent": "body",
					"pivot": [0, 25, -10],
					"cubes": [
						{
							"origin": [-6, 12, -13],
							"size": [12, 15, 18],
							"uv": {
								"north": {"uv": [44, 123], "uv_size": [12, 15]},
								"east": {"uv": [113, 25], "uv_size": [18, 15]},
								"south": {"uv": [123, 55], "uv_size": [12, 15]},
								"west": {"uv": [113, 40], "uv_size": [18, 15]},
								"up": {"uv": [20, 123], "uv_size": [12, 18]},
								"down": {"uv": [32, 141], "uv_size": [12, -18]}
							}
						},
						{
							"origin": [-1, 24.42186, -11.24379],
							"size": [2, 7, 4],
							"pivot": [0, 29.42186, -9.24379],
							"rotation": [-17.5, 0, 0],
							"uv": {
								"north": {"uv": [16, 163], "uv_size": [2, 7]},
								"east": {"uv": [14, 156], "uv_size": [4, 7]},
								"south": {"uv": [37, 166], "uv_size": [2, 7]},
								"west": {"uv": [18, 161], "uv_size": [4, 7]},
								"up": {"uv": [31, 172], "uv_size": [2, 4]},
								"down": {"uv": [39, 176], "uv_size": [2, -4]}
							}
						},
						{
							"origin": [-1, 24.42186, -4.24379],
							"size": [2, 6, 3],
							"pivot": [0, 29.42186, -2.24379],
							"rotation": [-17.5, 0, 0],
							"uv": {
								"north": {"uv": [140, 168], "uv_size": [2, 6]},
								"east": {"uv": [48, 165], "uv_size": [3, 6]},
								"south": {"uv": [142, 168], "uv_size": [2, 6]},
								"west": {"uv": [77, 165], "uv_size": [3, 6]},
								"up": {"uv": [123, 172], "uv_size": [2, 3]},
								"down": {"uv": [170, 175], "uv_size": [2, -3]}
							}
						},
						{
							"origin": [-1, 24.11497, 0.24723],
							"size": [2, 6, 3],
							"pivot": [0, 27.11497, 1.74723],
							"rotation": [-37.5, 0, 0],
							"uv": {
								"north": {"uv": [144, 168], "uv_size": [2, 6]},
								"east": {"uv": [27, 166], "uv_size": [3, 6]},
								"south": {"uv": [146, 168], "uv_size": [2, 6]},
								"west": {"uv": [30, 166], "uv_size": [3, 6]},
								"up": {"uv": [172, 172], "uv_size": [2, 3]},
								"down": {"uv": [3, 176], "uv_size": [2, -3]}
							}
						}
					]
				},
				{
					"name": "Trunk2",
					"parent": "Trunk",
					"pivot": [0, 23, 4],
					"cubes": [
						{
							"origin": [-5.5, 13, 4],
							"size": [11, 13.7, 10],
							"pivot": [-0.5, 24, 3],
							"rotation": [-7.5, 0, 0],
							"uv": {
								"north": {"uv": [56, 123], "uv_size": [11, 14]},
								"east": {"uv": [130, 126], "uv_size": [10, 14]},
								"south": {"uv": [123, 70], "uv_size": [11, 14]},
								"west": {"uv": [131, 0], "uv_size": [10, 14]},
								"up": {"uv": [92, 133], "uv_size": [11, 10]},
								"down": {"uv": [103, 143], "uv_size": [11, -10]}
							}
						},
						{
							"origin": [-1, 14.68383, 5.03259],
							"size": [2, 13.7, 7],
							"pivot": [0, 23.46568, 8.01495],
							"rotation": [-15, 0, 0],
							"uv": {
								"north": {"uv": [105, 155], "uv_size": [2, 14]},
								"east": {"uv": [44, 138], "uv_size": [7, 14]},
								"south": {"uv": [85, 156], "uv_size": [2, 14]},
								"west": {"uv": [124, 140], "uv_size": [7, 14]},
								"up": {"uv": [45, 166], "uv_size": [2, 7]},
								"down": {"uv": [64, 173], "uv_size": [2, -7]}
							}
						}
					]
				},
				{
					"name": "Backleg",
					"parent": "Trunk2",
					"pivot": [-5, 20, 11],
					"rotation": [32.5, 5, 10],
					"cubes": [
						{
							"origin": [-6.38228, 13.29851, 5.43493],
							"size": [5, 10, 7],
							"pivot": [-3.88228, 18.29851, 8.93493],
							"rotation": [-20, 0, 2.5],
							"uv": {
								"north": {"uv": [149, 134], "uv_size": [5, 10]},
								"east": {"uv": [142, 38], "uv_size": [7, 10]},
								"south": {"uv": [150, 0], "uv_size": [5, 10]},
								"west": {"uv": [87, 143], "uv_size": [7, 10]},
								"up": {"uv": [51, 156], "uv_size": [5, 7]},
								"down": {"uv": [80, 163], "uv_size": [5, -7]}
							}
						}
					]
				},
				{
					"name": "Backleg2",
					"parent": "Backleg",
					"pivot": [-4.36184, 11.97096, 8.45415],
					"cubes": [
						{
							"origin": [-6.36184, 6.97096, 5.45415],
							"size": [4, 9.6, 6],
							"pivot": [-4.36184, 11.97096, 8.45415],
							"rotation": [15, 0, 0],
							"uv": {
								"north": {"uv": [116, 153], "uv_size": [4, 10]},
								"east": {"uv": [6, 146], "uv_size": [6, 10]},
								"south": {"uv": [120, 153], "uv_size": [4, 10]},
								"west": {"uv": [12, 146], "uv_size": [6, 10]},
								"up": {"uv": [8, 163], "uv_size": [4, 6]},
								"down": {"uv": [12, 169], "uv_size": [4, -6]}
							}
						}
					]
				},
				{
					"name": "Backleg3",
					"parent": "Backleg2",
					"pivot": [-5.1593, 6.72507, 10.47362],
					"rotation": [-15, 0, -5],
					"cubes": [
						{
							"origin": [-5.87276, -0.22018, 7.26362],
							"size": [3, 9, 4],
							"pivot": [-4.37276, 4.27982, 9.26362],
							"rotation": [-7.5, 0, 0],
							"uv": {
								"north": {"uv": [24, 161], "uv_size": [3, 9]},
								"east": {"uv": [93, 155], "uv_size": [4, 9]},
								"south": {"uv": [39, 161], "uv_size": [3, 9]},
								"west": {"uv": [97, 155], "uv_size": [4, 9]},
								"up": {"uv": [148, 168], "uv_size": [3, 4]},
								"down": {"uv": [156, 172], "uv_size": [3, -4]}
							}
						}
					]
				},
				{
					"name": "Foot3",
					"parent": "Backleg3",
					"pivot": [-4.17843, -0.52324, 9.42925],
					"rotation": [-15, 5, -7.5],
					"cubes": [
						{
							"origin": [-6.16901, -1.51936, 5.59204],
							"size": [4, 2, 5],
							"uv": {
								"north": {"uv": [41, 172], "uv_size": [4, 2]},
								"east": {"uv": [115, 170], "uv_size": [5, 2]},
								"south": {"uv": [79, 172], "uv_size": [4, 2]},
								"west": {"uv": [120, 170], "uv_size": [5, 2]},
								"up": {"uv": [149, 163], "uv_size": [4, 5]},
								"down": {"uv": [55, 169], "uv_size": [4, -5]}
							}
						}
					]
				},
				{
					"name": "Finger9",
					"parent": "Foot3",
					"pivot": [-2.96334, -0.54537, 6.16446],
					"cubes": [
						{
							"origin": [-2.8325, -1.51936, 3.51938],
							"size": [1, 2, 3],
							"pivot": [-2.3325, -0.51936, 4.01938],
							"rotation": [0, -12.5, 0],
							"uv": {
								"north": {"uv": [24, 175], "uv_size": [1, 2]},
								"east": {"uv": [5, 173], "uv_size": [3, 2]},
								"south": {"uv": [25, 175], "uv_size": [1, 2]},
								"west": {"uv": [8, 173], "uv_size": [3, 2]},
								"up": {"uv": [94, 174], "uv_size": [1, 3]},
								"down": {"uv": [95, 177], "uv_size": [1, -3]}
							}
						},
						{
							"origin": [-2.01211, -1.05533, 1.90791],
							"size": [0, 1, 2],
							"pivot": [-2.01211, -0.55533, 2.40791],
							"rotation": [22.5, -7.5, 0],
							"uv": {
								"north": {"uv": [0, 0], "uv_size": [0, 1]},
								"east": {"uv": [33, 175], "uv_size": [2, 1]},
								"south": {"uv": [0, 0], "uv_size": [0, 1]},
								"west": {"uv": [47, 175], "uv_size": [2, 1]},
								"up": {"uv": [0, 0], "uv_size": [0, 2]},
								"down": {"uv": [0, 2], "uv_size": [0, -2]}
							}
						}
					]
				},
				{
					"name": "Finger10",
					"parent": "Foot3",
					"pivot": [-2.60994, -0.57514, 8.13276],
					"rotation": [-5, -27.5, 0],
					"cubes": [
						{
							"origin": [-2.49117, -0.9095, 5.56538],
							"size": [1, 1, 3],
							"pivot": [-1.99117, -1.54603, 6.06538],
							"rotation": [0, -12.5, 0],
							"uv": {
								"north": {"uv": [175, 99], "uv_size": [1, 1]},
								"east": {"uv": [174, 95], "uv_size": [3, 1]},
								"south": {"uv": [100, 175], "uv_size": [1, 1]},
								"west": {"uv": [98, 174], "uv_size": [3, 1]},
								"up": {"uv": [96, 174], "uv_size": [1, 3]},
								"down": {"uv": [174, 101], "uv_size": [1, -3]}
							}
						},
						{
							"origin": [-1.72972, -1.27527, 3.90165],
							"size": [0, 1, 2],
							"pivot": [-1.72972, -0.77527, 4.90165],
							"rotation": [22.5, -7.5, 0],
							"uv": {
								"north": {"uv": [0, 0], "uv_size": [0, 1]},
								"east": {"uv": [175, 48], "uv_size": [2, 1]},
								"south": {"uv": [0, 0], "uv_size": [0, 1]},
								"west": {"uv": [49, 175], "uv_size": [2, 1]},
								"up": {"uv": [0, 0], "uv_size": [0, 2]},
								"down": {"uv": [0, 2], "uv_size": [0, -2]}
							}
						}
					]
				},
				{
					"name": "Finger11",
					"parent": "Foot3",
					"pivot": [-5.41898, -0.58493, 6.06747],
					"cubes": [
						{
							"origin": [-6.32393, -1.05533, 1.90765],
							"size": [0, 1, 2],
							"pivot": [-6.32393, -0.55533, 2.40765],
							"rotation": [22.5, 7.5, 0],
							"uv": {
								"north": {"uv": [0, 0], "uv_size": [0, 1]},
								"east": {"uv": [175, 49], "uv_size": [2, 1]},
								"south": {"uv": [0, 0], "uv_size": [0, 1]},
								"west": {"uv": [175, 50], "uv_size": [2, 1]},
								"up": {"uv": [0, 0], "uv_size": [0, 2]},
								"down": {"uv": [0, 2], "uv_size": [0, -2]}
							}
						},
						{
							"origin": [-6.18085, -1.51936, 3.48382],
							"size": [1, 2, 3],
							"pivot": [-5.68085, -0.51936, 5.48387],
							"rotation": [0, 12.5, 0],
							"uv": {
								"north": {"uv": [26, 175], "uv_size": [1, 2]},
								"east": {"uv": [24, 173], "uv_size": [3, 2]},
								"south": {"uv": [35, 175], "uv_size": [1, 2]},
								"west": {"uv": [173, 26], "uv_size": [3, 2]},
								"up": {"uv": [174, 101], "uv_size": [1, 3]},
								"down": {"uv": [107, 177], "uv_size": [1, -3]}
							}
						}
					]
				},
				{
					"name": "Finger12",
					"parent": "Foot3",
					"pivot": [-3.72938, -0.5887, 5.89069],
					"cubes": [
						{
							"origin": [-4.01211, -1.05533, 1.90791],
							"size": [0, 1, 2],
							"pivot": [-2.01211, -0.55533, 2.40791],
							"rotation": [22.5, 0, 0],
							"uv": {
								"north": {"uv": [0, 0], "uv_size": [0, 1]},
								"east": {"uv": [51, 175], "uv_size": [2, 1]},
								"south": {"uv": [0, 0], "uv_size": [0, 1]},
								"west": {"uv": [175, 51], "uv_size": [2, 1]},
								"up": {"uv": [0, 0], "uv_size": [0, 2]},
								"down": {"uv": [0, 2], "uv_size": [0, -2]}
							}
						},
						{
							"origin": [-4.56089, -1.52689, 3.24884],
							"size": [1, 2, 3],
							"uv": {
								"north": {"uv": [53, 175], "uv_size": [1, 2]},
								"east": {"uv": [33, 173], "uv_size": [3, 2]},
								"south": {"uv": [54, 175], "uv_size": [1, 2]},
								"west": {"uv": [53, 173], "uv_size": [3, 2]},
								"up": {"uv": [108, 174], "uv_size": [1, 3]},
								"down": {"uv": [109, 177], "uv_size": [1, -3]}
							}
						}
					]
				},
				{
					"name": "Backleg4",
					"parent": "Trunk2",
					"pivot": [5, 20, 11],
					"rotation": [32.5, -5, -10],
					"cubes": [
						{
							"origin": [1.38228, 13.29851, 5.43493],
							"size": [5, 10, 7],
							"pivot": [3.88228, 18.29851, 8.93493],
							"rotation": [-20, 0, -2.5],
							"uv": {
								"north": {"uv": [18, 151], "uv_size": [5, 10]},
								"east": {"uv": [94, 143], "uv_size": [7, 10]},
								"south": {"uv": [23, 151], "uv_size": [5, 10]},
								"west": {"uv": [101, 143], "uv_size": [7, 10]},
								"up": {"uv": [156, 153], "uv_size": [5, 7]},
								"down": {"uv": [56, 164], "uv_size": [5, -7]}
							}
						}
					]
				},
				{
					"name": "Backleg5",
					"parent": "Backleg4",
					"pivot": [4.36184, 11.97096, 8.45415],
					"cubes": [
						{
							"origin": [2.36184, 6.97096, 5.45415],
							"size": [4, 9.6, 6],
							"pivot": [4.36184, 11.97096, 8.45415],
							"rotation": [15, 0, 0],
							"uv": {
								"north": {"uv": [152, 153], "uv_size": [4, 10]},
								"east": {"uv": [56, 147], "uv_size": [6, 10]},
								"south": {"uv": [66, 154], "uv_size": [4, 10]},
								"west": {"uv": [147, 104], "uv_size": [6, 10]},
								"up": {"uv": [51, 163], "uv_size": [4, 6]},
								"down": {"uv": [80, 169], "uv_size": [4, -6]}
							}
						}
					]
				},
				{
					"name": "Backleg6",
					"parent": "Backleg5",
					"pivot": [5.1593, 6.72507, 10.47362],
					"rotation": [-15, 0, 5],
					"cubes": [
						{
							"origin": [2.87276, -0.22018, 7.26362],
							"size": [3, 9, 4],
							"pivot": [4.37276, 4.27982, 9.26362],
							"rotation": [-7.5, 0, 0],
							"uv": {
								"north": {"uv": [42, 161], "uv_size": [3, 9]},
								"east": {"uv": [101, 155], "uv_size": [4, 9]},
								"south": {"uv": [87, 161], "uv_size": [3, 9]},
								"west": {"uv": [0, 156], "uv_size": [4, 9]},
								"up": {"uv": [159, 168], "uv_size": [3, 4]},
								"down": {"uv": [3, 173], "uv_size": [3, -4]}
							}
						}
					]
				},
				{
					"name": "Foot4",
					"parent": "Backleg6",
					"pivot": [4.17843, -0.52324, 9.42925],
					"rotation": [-15, -5, 7.5],
					"cubes": [
						{
							"origin": [2.16901, -1.51936, 5.59204],
							"size": [4, 2, 5],
							"uv": {
								"north": {"uv": [85, 172], "uv_size": [4, 2]},
								"east": {"uv": [164, 170], "uv_size": [5, 2]},
								"south": {"uv": [172, 96], "uv_size": [4, 2]},
								"west": {"uv": [169, 170], "uv_size": [5, 2]},
								"up": {"uv": [66, 164], "uv_size": [4, 5]},
								"down": {"uv": [100, 169], "uv_size": [4, -5]}
							}
						}
					]
				},
				{
					"name": "Finger13",
					"parent": "Foot4",
					"pivot": [2.96334, -0.54537, 6.16446],
					"cubes": [
						{
							"origin": [1.8325, -1.51936, 3.51938],
							"size": [1, 2, 3],
							"pivot": [2.3325, -0.51936, 4.01938],
							"rotation": [0, 12.5, 0],
							"uv": {
								"north": {"uv": [175, 54], "uv_size": [1, 2]},
								"east": {"uv": [56, 173], "uv_size": [3, 2]},
								"south": {"uv": [55, 175], "uv_size": [1, 2]},
								"west": {"uv": [173, 66], "uv_size": [3, 2]},
								"up": {"uv": [174, 109], "uv_size": [1, 3]},
								"down": {"uv": [110, 177], "uv_size": [1, -3]}
							}
						},
						{
							"origin": [2.01211, -1.05533, 1.90791],
							"size": [0, 1, 2],
							"pivot": [2.01211, -0.55533, 2.40791],
							"rotation": [22.5, 7.5, 0],
							"uv": {
								"north": {"uv": [0, 0], "uv_size": [0, 1]},
								"east": {"uv": [56, 175], "uv_size": [2, 1]},
								"south": {"uv": [0, 0], "uv_size": [0, 1]},
								"west": {"uv": [175, 56], "uv_size": [2, 1]},
								"up": {"uv": [0, 0], "uv_size": [0, 2]},
								"down": {"uv": [0, 2], "uv_size": [0, -2]}
							}
						}
					]
				},
				{
					"name": "Finger14",
					"parent": "Foot4",
					"pivot": [2.60994, -0.57514, 8.13276],
					"rotation": [-5, 27.5, 0],
					"cubes": [
						{
							"origin": [1.49117, -0.9095, 5.56538],
							"size": [1, 1, 3],
							"pivot": [1.99117, -1.54603, 6.06538],
							"rotation": [0, 12.5, 0],
							"uv": {
								"north": {"uv": [175, 100], "uv_size": [1, 1]},
								"east": {"uv": [174, 104], "uv_size": [3, 1]},
								"south": {"uv": [101, 175], "uv_size": [1, 1]},
								"west": {"uv": [174, 105], "uv_size": [3, 1]},
								"up": {"uv": [111, 174], "uv_size": [1, 3]},
								"down": {"uv": [112, 177], "uv_size": [1, -3]}
							}
						},
						{
							"origin": [1.72972, -1.27527, 3.90165],
							"size": [0, 1, 2],
							"pivot": [1.72972, -0.77527, 4.90165],
							"rotation": [22.5, 7.5, 0],
							"uv": {
								"north": {"uv": [0, 0], "uv_size": [0, 1]},
								"east": {"uv": [175, 57], "uv_size": [2, 1]},
								"south": {"uv": [0, 0], "uv_size": [0, 1]},
								"west": {"uv": [58, 175], "uv_size": [2, 1]},
								"up": {"uv": [0, 0], "uv_size": [0, 2]},
								"down": {"uv": [0, 2], "uv_size": [0, -2]}
							}
						}
					]
				},
				{
					"name": "Finger15",
					"parent": "Foot4",
					"pivot": [5.41898, -0.58493, 6.06747],
					"cubes": [
						{
							"origin": [6.32393, -1.05533, 1.90765],
							"size": [0, 1, 2],
							"pivot": [6.32393, -0.55533, 2.40765],
							"rotation": [22.5, -7.5, 0],
							"uv": {
								"north": {"uv": [0, 0], "uv_size": [0, 1]},
								"east": {"uv": [175, 58], "uv_size": [2, 1]},
								"south": {"uv": [0, 0], "uv_size": [0, 1]},
								"west": {"uv": [175, 59], "uv_size": [2, 1]},
								"up": {"uv": [0, 0], "uv_size": [0, 2]},
								"down": {"uv": [0, 2], "uv_size": [0, -2]}
							}
						},
						{
							"origin": [5.18085, -1.51936, 3.48382],
							"size": [1, 2, 3],
							"pivot": [5.68085, -0.51936, 5.48387],
							"rotation": [0, -12.5, 0],
							"uv": {
								"north": {"uv": [60, 175], "uv_size": [1, 2]},
								"east": {"uv": [173, 68], "uv_size": [3, 2]},
								"south": {"uv": [175, 60], "uv_size": [1, 2]},
								"west": {"uv": [173, 72], "uv_size": [3, 2]},
								"up": {"uv": [174, 112], "uv_size": [1, 3]},
								"down": {"uv": [113, 177], "uv_size": [1, -3]}
							}
						}
					]
				},
				{
					"name": "Finger16",
					"parent": "Foot4",
					"pivot": [3.72938, -0.5887, 5.89069],
					"cubes": [
						{
							"origin": [4.01211, -1.05533, 1.90791],
							"size": [0, 1, 2],
							"pivot": [2.01211, -0.55533, 2.40791],
							"rotation": [22.5, 0, 0],
							"uv": {
								"north": {"uv": [0, 0], "uv_size": [0, 1]},
								"east": {"uv": [175, 62], "uv_size": [2, 1]},
								"south": {"uv": [0, 0], "uv_size": [0, 1]},
								"west": {"uv": [63, 175], "uv_size": [2, 1]},
								"up": {"uv": [0, 0], "uv_size": [0, 2]},
								"down": {"uv": [0, 2], "uv_size": [0, -2]}
							}
						},
						{
							"origin": [3.56089, -1.52689, 3.24884],
							"size": [1, 2, 3],
							"uv": {
								"north": {"uv": [175, 63], "uv_size": [1, 2]},
								"east": {"uv": [173, 74], "uv_size": [3, 2]},
								"south": {"uv": [65, 175], "uv_size": [1, 2]},
								"west": {"uv": [173, 76], "uv_size": [3, 2]},
								"up": {"uv": [114, 174], "uv_size": [1, 3]},
								"down": {"uv": [115, 177], "uv_size": [1, -3]}
							}
						}
					]
				},
				{
					"name": "tail",
					"parent": "Trunk2",
					"pivot": [0, 21, 15],
					"cubes": [
						{
							"origin": [-4.5, 13.93853, 12.45196],
							"size": [9, 9.7, 10],
							"pivot": [0, 18.78853, 17.45196],
							"rotation": [-15, 0, 0],
							"uv": {
								"north": {"uv": [140, 126], "uv_size": [9, 10]},
								"east": {"uv": [135, 60], "uv_size": [10, 10]},
								"south": {"uv": [131, 140], "uv_size": [9, 10]},
								"west": {"uv": [56, 137], "uv_size": [10, 10]},
								"up": {"uv": [140, 136], "uv_size": [9, 10]},
								"down": {"uv": [141, 10], "uv_size": [9, -10]}
							}
						}
					]
				},
				{
					"name": "tail2",
					"parent": "tail",
					"pivot": [0, 19, 23],
					"rotation": [-12.5, 0, 0],
					"cubes": [
						{
							"origin": [-3.5, 13.14984, 20.90511],
							"size": [7, 7.7, 18],
							"pivot": [0, 16.78853, 25.45196],
							"rotation": [-12.5, 0, 0],
							"uv": {
								"north": {"uv": [123, 100], "uv_size": [7, 8]},
								"east": {"uv": [123, 84], "uv_size": [18, 8]},
								"south": {"uv": [147, 114], "uv_size": [7, 8]},
								"west": {"uv": [123, 92], "uv_size": [18, 8]},
								"up": {"uv": [67, 123], "uv_size": [7, 18]},
								"down": {"uv": [74, 151], "uv_size": [7, -18]}
							}
						}
					]
				},
				{
					"name": "tail3",
					"parent": "tail2",
					"pivot": [0, 14.00335, 37.42337],
					"rotation": [10, 0, 0],
					"cubes": [
						{
							"origin": [-2.5, 14.12577, 37.4921],
							"size": [5, 5.7, 18],
							"pivot": [0, 19.21721, 26.53874],
							"rotation": [-12.5, 0, 0],
							"uv": {
								"north": {"uv": [61, 160], "uv_size": [5, 6]},
								"east": {"uv": [134, 70], "uv_size": [18, 6]},
								"south": {"uv": [70, 160], "uv_size": [5, 6]},
								"west": {"uv": [134, 76], "uv_size": [18, 6]},
								"up": {"uv": [51, 138], "uv_size": [5, 18]},
								"down": {"uv": [141, 28], "uv_size": [5, -18]}
							}
						}
					]
				},
				{
					"name": "tail4",
					"parent": "tail3",
					"pivot": [0, 10.70506, 53.58261],
					"rotation": [10, 0, 0],
					"cubes": [
						{
							"origin": [-1.5, 7, 53.68468],
							"size": [3, 4, 14],
							"pivot": [0, 9.2814, 62.68468],
							"rotation": [-12.5, 0, 0],
							"uv": {
								"north": {"uv": [6, 169], "uv_size": [3, 4]},
								"east": {"uv": [147, 122], "uv_size": [14, 4]},
								"south": {"uv": [9, 169], "uv_size": [3, 4]},
								"west": {"uv": [149, 28], "uv_size": [14, 4]},
								"up": {"uv": [77, 151], "uv_size": [3, 14]},
								"down": {"uv": [45, 166], "uv_size": [3, -14]}
							}
						}
					]
				},
				{
					"name": "tail5",
					"parent": "tail4",
					"pivot": [0, 8.3414, 67.17771],
					"rotation": [10, 0, 0],
					"cubes": [
						{
							"origin": [-1, 4.8, 66.00968],
							"size": [2, 3, 14],
							"pivot": [0.5, 7.17655, 75.31385],
							"rotation": [-12.5, 0, 0],
							"uv": {
								"north": {"uv": [37, 173], "uv_size": [2, 3]},
								"east": {"uv": [152, 69], "uv_size": [14, 3]},
								"south": {"uv": [45, 173], "uv_size": [2, 3]},
								"west": {"uv": [152, 72], "uv_size": [14, 3]},
								"up": {"uv": [75, 160], "uv_size": [2, 14]},
								"down": {"uv": [22, 175], "uv_size": [2, -14]}
							}
						}
					]
				},
				{
					"name": "tail6",
					"parent": "tail5",
					"pivot": [0, 5.73321, 80.06373],
					"rotation": [-17.5, 0, 0],
					"cubes": [
						{
							"origin": [-0.5, 4.61227, 79.11333],
							"size": [1, 1.5, 14],
							"pivot": [0, 5.83553, 80.04901],
							"rotation": [-2.5, 0, 0],
							"uv": {
								"north": {"uv": [66, 175], "uv_size": [1, 2]},
								"east": {"uv": [161, 124], "uv_size": [14, 2]},
								"south": {"uv": [67, 175], "uv_size": [1, 2]},
								"west": {"uv": [161, 146], "uv_size": [14, 2]},
								"up": {"uv": [84, 163], "uv_size": [1, 14]},
								"down": {"uv": [104, 178], "uv_size": [1, -14]}
							}
						}
					]
				},
				{
					"name": "Wing",
					"parent": "body",
					"pivot": [-4.5, 22.5, -19.5],
					"rotation": [0, 35, 55],
					"cubes": [
						{
							"origin": [-15.36265, 21, -19.28401],
							"size": [11, 3, 3],
							"pivot": [0.25601, 21, -18.18059],
							"rotation": [0, -15, 0],
							"uv": {
								"north": {"uv": [154, 119], "uv_size": [11, 3]},
								"east": {"uv": [90, 161], "uv_size": [3, 3]},
								"south": {"uv": [154, 140], "uv_size": [11, 3]},
								"west": {"uv": [80, 169], "uv_size": [3, 3]},
								"up": {"uv": [155, 6], "uv_size": [11, 3]},
								"down": {"uv": [157, 109], "uv_size": [11, -3]}
							}
						},
						{
							"origin": [-14.36265, 22.5, -21.28401],
							"size": [10, 0, 23],
							"uv": {
								"north": {"uv": [0, 0], "uv_size": [10, 0]},
								"east": {"uv": [0, 0], "uv_size": [23, 0]},
								"south": {"uv": [0, 0], "uv_size": [10, 0]},
								"west": {"uv": [0, 0], "uv_size": [23, 0]},
								"up": {"uv": [113, 55], "uv_size": [10, 23]},
								"down": {"uv": [113, 101], "uv_size": [10, -23]}
							}
						}
					]
				},
				{
					"name": "Wing2",
					"parent": "Wing",
					"pivot": [-14.74399, 21, -22.18059],
					"rotation": [0, 45, 0],
					"cubes": [
						{
							"origin": [-34.60594, 21, -23.05358],
							"size": [21, 3, 3],
							"pivot": [-14.60594, 21, -21.05358],
							"rotation": [0, 25, 0],
							"uv": {
								"north": {"uv": [145, 48], "uv_size": [21, 3]},
								"east": {"uv": [100, 169], "uv_size": [3, 3]},
								"south": {"uv": [145, 51], "uv_size": [21, 3]},
								"west": {"uv": [153, 169], "uv_size": [3, 3]},
								"up": {"uv": [145, 54], "uv_size": [21, 3]},
								"down": {"uv": [145, 60], "uv_size": [21, -3]}
							}
						},
						{
							"origin": [-32.36265, 22.5, -21.28401],
							"size": [18, 0, 25],
							"uv": {
								"north": {"uv": [0, 0], "uv_size": [18, 0]},
								"east": {"uv": [0, 0], "uv_size": [25, 0]},
								"south": {"uv": [0, 0], "uv_size": [18, 0]},
								"west": {"uv": [0, 0], "uv_size": [25, 0]},
								"up": {"uv": [76, 108], "uv_size": [18, 25]},
								"down": {"uv": [94, 133], "uv_size": [18, -25]}
							}
						}
					]
				},
				{
					"name": "Wing3",
					"parent": "Wing2",
					"pivot": [-32.5, 22.5, -13.5],
					"rotation": [0, -162.5, 0],
					"cubes": [
						{
							"origin": [-53.95508, 21, -19.07511],
							"size": [21, 3, 3],
							"pivot": [-13.12618, 21, -19.68563],
							"rotation": [0, 12.5, 0],
							"uv": {
								"north": {"uv": [145, 60], "uv_size": [21, 3]},
								"east": {"uv": [24, 170], "uv_size": [3, 3]},
								"south": {"uv": [145, 63], "uv_size": [21, 3]},
								"west": {"uv": [33, 170], "uv_size": [3, 3]},
								"up": {"uv": [145, 66], "uv_size": [21, 3]},
								"down": {"uv": [146, 13], "uv_size": [21, -3]}
							}
						},
						{
							"origin": [-53, 22.5, -11.77357],
							"size": [19, 0, 29],
							"pivot": [-44.59619, 22.499, -16.27357],
							"rotation": [0, 20, 0],
							"uv": {
								"north": {"uv": [0, 0], "uv_size": [19, 0]},
								"east": {"uv": [0, 0], "uv_size": [29, 0]},
								"south": {"uv": [0, 0], "uv_size": [19, 0]},
								"west": {"uv": [0, 0], "uv_size": [29, 0]},
								"up": {"uv": [0, 94], "uv_size": [19, 29]},
								"down": {"uv": [19, 123], "uv_size": [19, -29]}
							}
						}
					]
				},
				{
					"name": "Wing4",
					"parent": "Wing3",
					"pivot": [-51.98524, 22.5, -9.23811],
					"rotation": [0, -80, 0],
					"cubes": [
						{
							"origin": [-25.90223, 22, -15.74708],
							"size": [27, 1, 2],
							"pivot": [-25.69446, 22.5, -15.07262],
							"rotation": [0, 22.5, 0],
							"uv": {
								"north": {"uv": [152, 81], "uv_size": [27, 1]},
								"east": {"uv": [175, 65], "uv_size": [2, 1]},
								"south": {"uv": [154, 143], "uv_size": [27, 1]},
								"west": {"uv": [68, 175], "uv_size": [2, 1]},
								"up": {"uv": [149, 32], "uv_size": [27, 2]},
								"down": {"uv": [149, 36], "uv_size": [27, -2]}
							}
						},
						{
							"origin": [-34.5536, 22.5, -38.73186],
							"size": [38, 0, 47],
							"pivot": [-25.69446, 22.5, -15.07262],
							"rotation": [0, 82.5, 0],
							"uv": {
								"north": {"uv": [0, 0], "uv_size": [38, 0]},
								"east": {"uv": [0, 0], "uv_size": [47, 0]},
								"south": {"uv": [0, 0], "uv_size": [38, 0]},
								"west": {"uv": [0, 0], "uv_size": [47, 0]},
								"up": {"uv": [0, 0], "uv_size": [38, 47]},
								"down": {"uv": [38, 47], "uv_size": [38, -47]}
							}
						},
						{
							"origin": [-51.89997, 21.5, -10.42029],
							"size": [27, 2, 2.3],
							"pivot": [-50.92616, 22.5, -8.75669],
							"rotation": [0, 12.5, 0],
							"uv": {
								"north": {"uv": [149, 36], "uv_size": [27, 2]},
								"east": {"uv": [174, 14], "uv_size": [2, 2]},
								"south": {"uv": [149, 38], "uv_size": [27, 2]},
								"west": {"uv": [15, 174], "uv_size": [2, 2]},
								"up": {"uv": [149, 40], "uv_size": [27, 2]},
								"down": {"uv": [149, 44], "uv_size": [27, -2]}
							}
						},
						{
							"origin": [-28.29297, 22, -9.8482],
							"size": [7, 1, 2.3],
							"pivot": [-18.79297, 22.5, -10.6982],
							"rotation": [0, -32.5, 0],
							"uv": {
								"north": {"uv": [145, 69], "uv_size": [7, 1]},
								"east": {"uv": [70, 175], "uv_size": [2, 1]},
								"south": {"uv": [165, 121], "uv_size": [7, 1]},
								"west": {"uv": [175, 70], "uv_size": [2, 1]},
								"up": {"uv": [167, 18], "uv_size": [7, 2]},
								"down": {"uv": [167, 22], "uv_size": [7, -2]}
							}
						},
						{
							"origin": [-22.19128, 21.999, -8.98725],
							"size": [5, 1, 1.3],
							"pivot": [-12.69128, 22.499, -10.83725],
							"rotation": [0, -10, 0],
							"uv": {
								"north": {"uv": [168, 117], "uv_size": [5, 1]},
								"east": {"uv": [175, 101], "uv_size": [1, 1]},
								"south": {"uv": [172, 108], "uv_size": [5, 1]},
								"west": {"uv": [102, 175], "uv_size": [1, 1]},
								"up": {"uv": [172, 121], "uv_size": [5, 1]},
								"down": {"uv": [172, 143], "uv_size": [5, -1]}
							}
						}
					]
				},
				{
					"name": "Wing5",
					"parent": "Wing4",
					"pivot": [-51.98524, 22.5, -9.23811],
					"rotation": [0, 37.5, 0],
					"cubes": [
						{
							"origin": [-29.80741, 22, -14.88132],
							"size": [21, 1, 2],
							"pivot": [-29.59965, 24, -14.20686],
							"rotation": [0, 22.5, 0],
							"uv": {
								"north": {"uv": [161, 148], "uv_size": [21, 1]},
								"east": {"uv": [175, 71], "uv_size": [2, 1]},
								"south": {"uv": [161, 157], "uv_size": [21, 1]},
								"west": {"uv": [72, 175], "uv_size": [2, 1]},
								"up": {"uv": [151, 96], "uv_size": [21, 2]},
								"down": {"uv": [152, 77], "uv_size": [21, -2]}
							}
						},
						{
							"origin": [-51.89997, 21.5, -10.42029],
							"size": [23, 2, 2.3],
							"pivot": [-50.92616, 22.5, -8.75669],
							"rotation": [0, 12.5, 0],
							"uv": {
								"north": {"uv": [149, 144], "uv_size": [23, 2]},
								"east": {"uv": [174, 16], "uv_size": [2, 2]},
								"south": {"uv": [151, 82], "uv_size": [23, 2]},
								"west": {"uv": [17, 174], "uv_size": [2, 2]},
								"up": {"uv": [151, 84], "uv_size": [23, 2]},
								"down": {"uv": [151, 88], "uv_size": [23, -2]}
							}
						},
						{
							"origin": [-49.89521, 22.5, -16.63839],
							"size": [37, 0, 27.3],
							"pivot": [-50.92616, 22.5, -8.75669],
							"rotation": [0, 45, 0],
							"uv": {
								"north": {"uv": [0, 0], "uv_size": [37, 0]},
								"east": {"uv": [0, 0], "uv_size": [27, 0]},
								"south": {"uv": [0, 0], "uv_size": [37, 0]},
								"west": {"uv": [0, 0], "uv_size": [27, 0]},
								"up": {"uv": [76, 54], "uv_size": [37, 27]},
								"down": {"uv": [76, 108], "uv_size": [37, -27]}
							}
						}
					]
				},
				{
					"name": "Wing6",
					"parent": "Wing5",
					"pivot": [-51.98524, 22.5, -9.23811],
					"rotation": [0, 37.5, 0],
					"cubes": [
						{
							"origin": [-37.61778, 22, -13.14981],
							"size": [21, 1, 2],
							"pivot": [-37.41001, 22.5, -12.47534],
							"rotation": [0, 22.5, 0],
							"uv": {
								"north": {"uv": [161, 158], "uv_size": [21, 1]},
								"east": {"uv": [74, 175], "uv_size": [2, 1]},
								"south": {"uv": [161, 159], "uv_size": [21, 1]},
								"west": {"uv": [76, 175], "uv_size": [2, 1]},
								"up": {"uv": [152, 77], "uv_size": [21, 2]},
								"down": {"uv": [152, 81], "uv_size": [21, -2]}
							}
						},
						{
							"origin": [-51.89997, 21.5, -10.42029],
							"size": [15, 2, 2.3],
							"pivot": [-50.92616, 22.5, -8.75669],
							"rotation": [0, 12.5, 0],
							"uv": {
								"north": {"uv": [160, 134], "uv_size": [15, 2]},
								"east": {"uv": [174, 18], "uv_size": [2, 2]},
								"south": {"uv": [160, 136], "uv_size": [15, 2]},
								"west": {"uv": [19, 174], "uv_size": [2, 2]},
								"up": {"uv": [160, 138], "uv_size": [15, 2]},
								"down": {"uv": [156, 162], "uv_size": [15, -2]}
							}
						}
					]
				},
				{
					"name": "Wing7",
					"parent": "body",
					"pivot": [4.5, 22.5, -19.5],
					"rotation": [0, -35, -55],
					"cubes": [
						{
							"origin": [4.36265, 21, -19.28401],
							"size": [11, 3, 3],
							"pivot": [-0.25601, 21, -18.18059],
							"rotation": [0, 15, 0],
							"uv": {
								"north": {"uv": [165, 119], "uv_size": [-11, 3]},
								"east": {"uv": [83, 169], "uv_size": [-3, 3]},
								"south": {"uv": [165, 140], "uv_size": [-11, 3]},
								"west": {"uv": [93, 161], "uv_size": [-3, 3]},
								"up": {"uv": [166, 6], "uv_size": [-11, 3]},
								"down": {"uv": [168, 109], "uv_size": [-11, -3]}
							}
						},
						{
							"origin": [4.36265, 22.5, -21.28401],
							"size": [10, 0, 23],
							"uv": {
								"north": {"uv": [10, 0], "uv_size": [-10, 0]},
								"east": {"uv": [23, 0], "uv_size": [-23, 0]},
								"south": {"uv": [10, 0], "uv_size": [-10, 0]},
								"west": {"uv": [23, 0], "uv_size": [-23, 0]},
								"up": {"uv": [123, 55], "uv_size": [-10, 23]},
								"down": {"uv": [123, 101], "uv_size": [-10, -23]}
							}
						}
					]
				},
				{
					"name": "Wing8",
					"parent": "Wing7",
					"pivot": [14.74399, 21, -22.18059],
					"rotation": [0, -45, 0],
					"cubes": [
						{
							"origin": [13.60594, 21, -23.05358],
							"size": [21, 3, 3],
							"pivot": [14.60594, 21, -21.05358],
							"rotation": [0, -25, 0],
							"uv": {
								"north": {"uv": [166, 48], "uv_size": [-21, 3]},
								"east": {"uv": [156, 169], "uv_size": [-3, 3]},
								"south": {"uv": [166, 51], "uv_size": [-21, 3]},
								"west": {"uv": [103, 169], "uv_size": [-3, 3]},
								"up": {"uv": [166, 54], "uv_size": [-21, 3]},
								"down": {"uv": [166, 60], "uv_size": [-21, -3]}
							}
						},
						{
							"origin": [14.36265, 22.5, -21.28401],
							"size": [18, 0, 25],
							"uv": {
								"north": {"uv": [18, 0], "uv_size": [-18, 0]},
								"east": {"uv": [25, 0], "uv_size": [-25, 0]},
								"south": {"uv": [18, 0], "uv_size": [-18, 0]},
								"west": {"uv": [25, 0], "uv_size": [-25, 0]},
								"up": {"uv": [94, 108], "uv_size": [-18, 25]},
								"down": {"uv": [112, 133], "uv_size": [-18, -25]}
							}
						}
					]
				},
				{
					"name": "Wing9",
					"parent": "Wing8",
					"pivot": [32.5, 22.5, -13.5],
					"rotation": [0, 162.5, 0],
					"cubes": [
						{
							"origin": [32.95508, 21, -19.07511],
							"size": [21, 3, 3],
							"pivot": [13.12618, 21, -19.68563],
							"rotation": [0, -12.5, 0],
							"uv": {
								"north": {"uv": [166, 60], "uv_size": [-21, 3]},
								"east": {"uv": [36, 170], "uv_size": [-3, 3]},
								"south": {"uv": [166, 63], "uv_size": [-21, 3]},
								"west": {"uv": [27, 170], "uv_size": [-3, 3]},
								"up": {"uv": [166, 66], "uv_size": [-21, 3]},
								"down": {"uv": [167, 13], "uv_size": [-21, -3]}
							}
						},
						{
							"origin": [34, 22.5, -11.77357],
							"size": [19, 0, 29],
							"pivot": [44.59619, 22.499, -16.27357],
							"rotation": [0, -20, 0],
							"uv": {
								"north": {"uv": [19, 0], "uv_size": [-19, 0]},
								"east": {"uv": [29, 0], "uv_size": [-29, 0]},
								"south": {"uv": [19, 0], "uv_size": [-19, 0]},
								"west": {"uv": [29, 0], "uv_size": [-29, 0]},
								"up": {"uv": [19, 94], "uv_size": [-19, 29]},
								"down": {"uv": [38, 123], "uv_size": [-19, -29]}
							}
						}
					]
				},
				{
					"name": "Wing10",
					"parent": "Wing9",
					"pivot": [51.98524, 22.5, -9.23811],
					"rotation": [0, 80, 0],
					"cubes": [
						{
							"origin": [-1.09777, 22, -15.74708],
							"size": [27, 1, 2],
							"pivot": [25.69446, 22.5, -15.07262],
							"rotation": [0, -22.5, 0],
							"uv": {
								"north": {"uv": [179, 81], "uv_size": [-27, 1]},
								"east": {"uv": [70, 175], "uv_size": [-2, 1]},
								"south": {"uv": [181, 143], "uv_size": [-27, 1]},
								"west": {"uv": [177, 65], "uv_size": [-2, 1]},
								"up": {"uv": [176, 32], "uv_size": [-27, 2]},
								"down": {"uv": [176, 36], "uv_size": [-27, -2]}
							}
						},
						{
							"origin": [-3.4464, 22.5, -38.73186],
							"size": [38, 0, 47],
							"pivot": [25.69446, 22.5, -15.07262],
							"rotation": [0, -82.5, 0],
							"uv": {
								"north": {"uv": [38, 0], "uv_size": [-38, 0]},
								"east": {"uv": [47, 0], "uv_size": [-47, 0]},
								"south": {"uv": [38, 0], "uv_size": [-38, 0]},
								"west": {"uv": [47, 0], "uv_size": [-47, 0]},
								"up": {"uv": [38, 0], "uv_size": [-38, 47]},
								"down": {"uv": [76, 47], "uv_size": [-38, -47]}
							}
						},
						{
							"origin": [24.89997, 21.5, -10.42029],
							"size": [27, 2, 2.3],
							"pivot": [50.92616, 22.5, -8.75669],
							"rotation": [0, -12.5, 0],
							"uv": {
								"north": {"uv": [176, 36], "uv_size": [-27, 2]},
								"east": {"uv": [17, 174], "uv_size": [-2, 2]},
								"south": {"uv": [176, 38], "uv_size": [-27, 2]},
								"west": {"uv": [176, 14], "uv_size": [-2, 2]},
								"up": {"uv": [176, 40], "uv_size": [-27, 2]},
								"down": {"uv": [176, 44], "uv_size": [-27, -2]}
							}
						},
						{
							"origin": [21.29297, 22, -9.8482],
							"size": [7, 1, 2.3],
							"pivot": [18.79297, 22.5, -10.6982],
							"rotation": [0, 32.5, 0],
							"uv": {
								"north": {"uv": [152, 69], "uv_size": [-7, 1]},
								"east": {"uv": [177, 70], "uv_size": [-2, 1]},
								"south": {"uv": [172, 121], "uv_size": [-7, 1]},
								"west": {"uv": [72, 175], "uv_size": [-2, 1]},
								"up": {"uv": [174, 18], "uv_size": [-7, 2]},
								"down": {"uv": [174, 22], "uv_size": [-7, -2]}
							}
						},
						{
							"origin": [17.19128, 21.999, -8.98725],
							"size": [5, 1, 1.3],
							"pivot": [12.69128, 22.499, -10.83725],
							"rotation": [0, 10, 0],
							"uv": {
								"north": {"uv": [173, 117], "uv_size": [-5, 1]},
								"east": {"uv": [103, 175], "uv_size": [-1, 1]},
								"south": {"uv": [177, 108], "uv_size": [-5, 1]},
								"west": {"uv": [176, 101], "uv_size": [-1, 1]},
								"up": {"uv": [177, 121], "uv_size": [-5, 1]},
								"down": {"uv": [177, 143], "uv_size": [-5, -1]}
							}
						}
					]
				},
				{
					"name": "Wing11",
					"parent": "Wing10",
					"pivot": [51.98524, 22.5, -9.23811],
					"rotation": [0, -37.5, 0],
					"cubes": [
						{
							"origin": [8.80741, 22, -14.88132],
							"size": [21, 1, 2],
							"pivot": [29.59965, 24, -14.20686],
							"rotation": [0, -22.5, 0],
							"uv": {
								"north": {"uv": [182, 148], "uv_size": [-21, 1]},
								"east": {"uv": [74, 175], "uv_size": [-2, 1]},
								"south": {"uv": [182, 157], "uv_size": [-21, 1]},
								"west": {"uv": [177, 71], "uv_size": [-2, 1]},
								"up": {"uv": [172, 96], "uv_size": [-21, 2]},
								"down": {"uv": [173, 77], "uv_size": [-21, -2]}
							}
						},
						{
							"origin": [28.89997, 21.5, -10.42029],
							"size": [23, 2, 2.3],
							"pivot": [50.92616, 22.5, -8.75669],
							"rotation": [0, -12.5, 0],
							"uv": {
								"north": {"uv": [172, 144], "uv_size": [-23, 2]},
								"east": {"uv": [19, 174], "uv_size": [-2, 2]},
								"south": {"uv": [174, 82], "uv_size": [-23, 2]},
								"west": {"uv": [176, 16], "uv_size": [-2, 2]},
								"up": {"uv": [174, 84], "uv_size": [-23, 2]},
								"down": {"uv": [174, 88], "uv_size": [-23, -2]}
							}
						},
						{
							"origin": [12.89521, 22.5, -16.63839],
							"size": [37, 0, 27.3],
							"pivot": [50.92616, 22.5, -8.75669],
							"rotation": [0, -45, 0],
							"uv": {
								"north": {"uv": [37, 0], "uv_size": [-37, 0]},
								"east": {"uv": [27, 0], "uv_size": [-27, 0]},
								"south": {"uv": [37, 0], "uv_size": [-37, 0]},
								"west": {"uv": [27, 0], "uv_size": [-27, 0]},
								"up": {"uv": [113, 54], "uv_size": [-37, 27.3]},
								"down": {"uv": [113, 108], "uv_size": [-37, -27]}
							}
						}
					]
				},
				{
					"name": "Wing12",
					"parent": "Wing11",
					"pivot": [51.98524, 22.5, -9.23811],
					"rotation": [0, -37.5, 0],
					"cubes": [
						{
							"origin": [16.61778, 22, -13.14981],
							"size": [21, 1, 2],
							"pivot": [37.41001, 22.5, -12.47534],
							"rotation": [0, -22.5, 0],
							"uv": {
								"north": {"uv": [182, 158], "uv_size": [-21, 1]},
								"east": {"uv": [78, 175], "uv_size": [-2, 1]},
								"south": {"uv": [182, 159], "uv_size": [-21, 1]},
								"west": {"uv": [76, 175], "uv_size": [-2, 1]},
								"up": {"uv": [173, 77], "uv_size": [-21, 2]},
								"down": {"uv": [173, 81], "uv_size": [-21, -2]}
							}
						},
						{
							"origin": [36.89997, 21.5, -10.42029],
							"size": [15, 2, 2.3],
							"pivot": [50.92616, 22.5, -8.75669],
							"rotation": [0, -12.5, 0],
							"uv": {
								"north": {"uv": [175, 134], "uv_size": [-15, 2]},
								"east": {"uv": [21, 174], "uv_size": [-2, 2]},
								"south": {"uv": [175, 136], "uv_size": [-15, 2]},
								"west": {"uv": [176, 18], "uv_size": [-2, 2]},
								"up": {"uv": [175, 138], "uv_size": [-15, 2]},
								"down": {"uv": [171, 162], "uv_size": [-15, -2]}
							}
						}
					]
				}
			]
		}
	]
}