{
	"format_version": "1.12.0",
	"minecraft:geometry": [
		{
			"description": {
				"identifier": "geometry.magma_spike",
				"texture_width": 16,
				"texture_height": 16,
				"visible_bounds_width": 2,
				"visible_bounds_height": 3,
				"visible_bounds_offset": [0, 1.5, 0]
			},
			"bones": [
				{
					"name": "base",
					"pivot": [0, 0, 0],
					"cubes": [
						{
							"origin": [-7.5, 0, -2],
							"size": [8, 16.5, 8],
							"uv": {
								"north": {"uv": [3, 0], "uv_size": [8, 16]},
								"east": {"uv": [1, 0], "uv_size": [8, 16]},
								"south": {"uv": [5, 0], "uv_size": [8, 16]},
								"west": {"uv": [8, 0], "uv_size": [8, 16]},
								"up": {"uv": [8, 0], "uv_size": [8, 8]},
								"down": {"uv": [3, 8], "uv_size": [8, -8]}
							}
						},
						{
							"origin": [3.21, 0, -5.93],
							"size": [4.64, 9.57, 4.64],
							"uv": {
								"north": {"uv": [3, 0], "uv_size": [4.64, 9.57]},
								"east": {"uv": [1, 0], "uv_size": [4.64, 9.57]},
								"south": {"uv": [5, 0], "uv_size": [4.64, 9.57]},
								"west": {"uv": [8, 0], "uv_size": [4.64, 9.57]},
								"up": {"uv": [8, 0], "uv_size": [4.64, 4.64]},
								"down": {"uv": [6, 4.64], "uv_size": [4.64, -4.64]}
							}
						},
						{
							"origin": [-5.5, 16.5, 0],
							"size": [4, 7, 4],
							"uv": {
								"north": {"uv": [3, 0], "uv_size": [4, 7]},
								"east": {"uv": [1, 0], "uv_size": [4, 7]},
								"south": {"uv": [5, 0], "uv_size": [4, 7]},
								"west": {"uv": [8, 0], "uv_size": [4, 7]},
								"up": {"uv": [8, 0], "uv_size": [4, 4]},
								"down": {"uv": [16, 4], "uv_size": [4, -4]}
							}
						},
						{
							"origin": [4.37, 9.57, -4.77],
							"size": [2.32, 4.06, 2.32],
							"uv": {
								"north": {"uv": [3, 0], "uv_size": [2.32, 4.06]},
								"east": {"uv": [1, 0], "uv_size": [2.32, 4.06]},
								"south": {"uv": [5, 0], "uv_size": [2.32, 4.06]},
								"west": {"uv": [8, 0], "uv_size": [2.32, 4.06]},
								"up": {"uv": [8, 0], "uv_size": [2.32, 2.32]},
								"down": {"uv": [16, 2.32], "uv_size": [2.32, -2.32]}
							}
						},
						{
							"origin": [-3, 0, -5],
							"size": [8, 8, 8],
							"uv": {
								"north": {"uv": [8, 8], "uv_size": [8, 8]},
								"east": {"uv": [0, 8], "uv_size": [8, 8]},
								"south": {"uv": [8, 4], "uv_size": [8, 8]},
								"west": {"uv": [5, 3], "uv_size": [8, 8]},
								"up": {"uv": [8, 0], "uv_size": [8, 8]},
								"down": {"uv": [3, 8], "uv_size": [8, -8]}
							}
						}
					]
				}
			]
		}
	]
}