{
	"format_version": "1.12.0",
	"minecraft:geometry": [
		{
			"description": {
				"identifier": "geometry.minotaur",
				"texture_width": 128,
				"texture_height": 128,
				"visible_bounds_width": 6,
				"visible_bounds_height": 4.5,
				"visible_bounds_offset": [0, 1.75, 0]
			},
			"bones": [
				{
					"name": "body2",
					"pivot": [0, 13.75, 5],
					"rotation": [5, 0, 0],
					"cubes": [
						{
							"origin": [-5.5, 14, 2],
							"size": [11, 9, 7],
							"uv": {
								"north": {"uv": [0, 18], "uv_size": [11, 9]},
								"east": {"uv": [32, 32], "uv_size": [7, 9]},
								"south": {"uv": [11, 21], "uv_size": [11, 9]},
								"west": {"uv": [33, 16], "uv_size": [7, 9]},
								"up": {"uv": [22, 22], "uv_size": [11, 7]},
								"down": {"uv": [26, 7], "uv_size": [11, -7]}
							}
						}
					]
				},
				{
					"name": "body",
					"parent": "body2",
					"pivot": [0, 22.5019, 5.45642],
					"rotation": [7.5, 0, 0],
					"cubes": [
						{
							"origin": [-6.5, 22.5019, 1.45642],
							"size": [13, 9, 8],
							"uv": {
								"north": {"uv": [0, 0], "uv_size": [13, 9]},
								"east": {"uv": [26, 7], "uv_size": [8, 9]},
								"south": {"uv": [0, 9], "uv_size": [13, 9]},
								"west": {"uv": [0, 27], "uv_size": [8, 9]},
								"up": {"uv": [13, 13], "uv_size": [13, 8]},
								"down": {"uv": [13, 8], "uv_size": [13, -8]}
							}
						}
					]
				},
				{
					"name": "neck",
					"parent": "body",
					"pivot": [4, 29.5019, 4.45642],
					"rotation": [27.5, 0, 0],
					"cubes": [
						{
							"origin": [-5, 29.5019, 3.45642],
							"size": [10, 7, 5],
							"uv": {
								"north": {"uv": [22, 29], "uv_size": [10, 7]},
								"east": {"uv": [48, 48], "uv_size": [5, 7]},
								"south": {"uv": [8, 30], "uv_size": [10, 7]},
								"west": {"uv": [48, 0], "uv_size": [5, 7]},
								"up": {"uv": [13, 8], "uv_size": [10, 5]},
								"down": {"uv": [7, 42], "uv_size": [10, -5]}
							}
						}
					]
				},
				{
					"name": "head",
					"parent": "neck",
					"pivot": [-0.5, 33.50023, 4.48917],
					"rotation": [-40, 0, 0],
					"cubes": [
						{
							"origin": [-3.5, 32.50023, -3.01083],
							"size": [7, 7, 8.5],
							"uv": {
								"north": {"uv": [25, 36], "uv_size": [7, 7]},
								"east": {"uv": [33, 25], "uv_size": [9, 7]},
								"south": {"uv": [37, 0], "uv_size": [7, 7]},
								"west": {"uv": [34, 7], "uv_size": [9, 7]},
								"up": {"uv": [0, 36], "uv_size": [7, 9]},
								"down": {"uv": [18, 45], "uv_size": [7, -9]}
							}
						},
						{
							"origin": [-2.5, 32.50023, -8.01083],
							"size": [5, 4, 5],
							"uv": {
								"north": {"uv": [54, 16], "uv_size": [5, 4]},
								"east": {"uv": [48, 55], "uv_size": [5, 4]},
								"south": {"uv": [56, 20], "uv_size": [5, 4]},
								"west": {"uv": [56, 24], "uv_size": [5, 4]},
								"up": {"uv": [26, 16], "uv_size": [5, 5]},
								"down": {"uv": [39, 38], "uv_size": [5, -5]}
							}
						}
					]
				},
				{
					"name": "horns",
					"parent": "head",
					"pivot": [4, -20, 2]
				},
				{
					"name": "horn",
					"parent": "horns",
					"pivot": [7.05, 28.75035, -2.51624],
					"cubes": [
						{
							"origin": [-9.45, 35.50035, -1.76624],
							"size": [6, 3, 3],
							"uv": {
								"north": {"uv": [3, 59], "uv_size": [6, 3]},
								"east": {"uv": [23, 8], "uv_size": [3, 3]},
								"south": {"uv": [59, 16], "uv_size": [6, 3]},
								"west": {"uv": [8, 27], "uv_size": [3, 3]},
								"up": {"uv": [9, 60], "uv_size": [6, 3]},
								"down": {"uv": [42, 63], "uv_size": [6, -3]}
							}
						}
					]
				},
				{
					"name": "horn2",
					"parent": "horn",
					"pivot": [-8.7, 37.75035, -2.51624],
					"rotation": [-20, 17.5, 0],
					"cubes": [
						{
							"origin": [-9.7, 36.2805, -5.34523],
							"size": [2.5, 2.5, 6],
							"uv": {
								"north": {"uv": [25, 65], "uv_size": [3, 3]},
								"east": {"uv": [33, 61], "uv_size": [6, 3]},
								"south": {"uv": [28, 65], "uv_size": [3, 3]},
								"west": {"uv": [61, 19], "uv_size": [6, 3]},
								"up": {"uv": [29, 43], "uv_size": [3, 6]},
								"down": {"uv": [4, 51], "uv_size": [3, -6]}
							}
						}
					]
				},
				{
					"name": "horn3",
					"parent": "horns",
					"pivot": [-7.05, 28.75035, -2.51624],
					"cubes": [
						{
							"origin": [3.45, 35.50035, -1.76624],
							"size": [6, 3, 3],
							"uv": {
								"north": {"uv": [61, 22], "uv_size": [6, 3]},
								"east": {"uv": [46, 65], "uv_size": [3, 3]},
								"south": {"uv": [61, 25], "uv_size": [6, 3]},
								"west": {"uv": [65, 15], "uv_size": [3, 3]},
								"up": {"uv": [61, 28], "uv_size": [6, 3]},
								"down": {"uv": [61, 34], "uv_size": [6, -3]}
							}
						}
					]
				},
				{
					"name": "horn4",
					"parent": "horn3",
					"pivot": [8.7, 37.75035, -2.51624],
					"rotation": [-20, -17.5, 0],
					"cubes": [
						{
							"origin": [7.2, 36.2805, -5.34523],
							"size": [2.5, 2.5, 6],
							"uv": {
								"north": {"uv": [49, 66], "uv_size": [3, 3]},
								"east": {"uv": [61, 34], "uv_size": [6, 3]},
								"south": {"uv": [52, 66], "uv_size": [3, 3]},
								"west": {"uv": [61, 37], "uv_size": [6, 3]},
								"up": {"uv": [48, 59], "uv_size": [3, 6]},
								"down": {"uv": [39, 67], "uv_size": [3, -6]}
							}
						}
					]
				},
				{
					"name": "brow",
					"parent": "head",
					"pivot": [0, 38.00023, -3.91083],
					"rotation": [12.5, 0, 0],
					"cubes": [
						{
							"origin": [-2.5, 37.50023, -4.91083],
							"size": [5, 1, 2],
							"uv": {
								"north": {"uv": [28, 21], "uv_size": [5, 1]},
								"east": {"uv": [11, 20], "uv_size": [2, 1]},
								"south": {"uv": [39, 38], "uv_size": [5, 1]},
								"west": {"uv": [31, 20], "uv_size": [2, 1]},
								"up": {"uv": [34, 14], "uv_size": [5, 2]},
								"down": {"uv": [58, 58], "uv_size": [5, -2]}
							}
						}
					]
				},
				{
					"name": "nose_ring",
					"parent": "head",
					"pivot": [2, 34.50023, -7.51083],
					"cubes": [
						{
							"origin": [-2, 30.00023, -8.01083],
							"size": [4, 4, 1],
							"inflate": 0.01,
							"uv": {
								"north": {"uv": [48, 44], "uv_size": [4, 4]},
								"east": {"uv": [44, 10], "uv_size": [1, 4]},
								"south": {"uv": [51, 62], "uv_size": [4, 4]},
								"west": {"uv": [45, 19], "uv_size": [1, 4]},
								"up": {"uv": [44, 43], "uv_size": [4, 1]},
								"down": {"uv": [67, 22], "uv_size": [4, -1]}
							}
						}
					]
				},
				{
					"name": "leftarm",
					"parent": "body",
					"pivot": [-5.5, 28.34514, 5.04497],
					"rotation": [-7.50002, -15, 21.77042],
					"cubes": [
						{
							"origin": [-8.5, 20.34514, 3.04497],
							"size": [4, 10, 4],
							"uv": {
								"north": {"uv": [12, 42], "uv_size": [4, 10]},
								"east": {"uv": [42, 23], "uv_size": [4, 10]},
								"south": {"uv": [25, 43], "uv_size": [4, 10]},
								"west": {"uv": [44, 44], "uv_size": [4, 10]},
								"up": {"uv": [55, 62], "uv_size": [4, 4]},
								"down": {"uv": [59, 66], "uv_size": [4, -4]}
							}
						},
						{
							"origin": [-9, 26.34514, 2.54497],
							"size": [5, 4, 5],
							"inflate": 0.1,
							"uv": {
								"north": {"uv": [56, 28], "uv_size": [5, 4]},
								"east": {"uv": [56, 32], "uv_size": [5, 4]},
								"south": {"uv": [56, 36], "uv_size": [5, 4]},
								"west": {"uv": [56, 40], "uv_size": [5, 4]},
								"up": {"uv": [24, 53], "uv_size": [5, 5]},
								"down": {"uv": [53, 58], "uv_size": [5, -5]}
							}
						}
					]
				},
				{
					"name": "leftarm_lower",
					"parent": "leftarm",
					"pivot": [-6.51, 20.34514, 7.04497],
					"rotation": [-14.99998, 0, 0],
					"cubes": [
						{
							"origin": [-8.51, 12.34514, 3.04497],
							"size": [4, 8, 4],
							"uv": {
								"north": {"uv": [48, 28], "uv_size": [4, 8]},
								"east": {"uv": [48, 36], "uv_size": [4, 8]},
								"south": {"uv": [49, 7], "uv_size": [4, 8]},
								"west": {"uv": [29, 50], "uv_size": [4, 8]},
								"up": {"uv": [62, 43], "uv_size": [4, 4]},
								"down": {"uv": [62, 51], "uv_size": [4, -4]}
							}
						}
					]
				},
				{
					"name": "axe",
					"parent": "leftarm_lower",
					"pivot": [-6.16465, 15.65522, 1.18358],
					"rotation": [87.5, 0, 0],
					"cubes": [
						{
							"origin": [-7.21465, 37.79199, -3.88254],
							"size": [2.1, 5.25, 3.15],
							"inflate": 0.0001,
							"uv": {
								"north": {"uv": [116, 9], "uv_size": [12, 13]},
								"east": {"uv": [116, 9], "uv_size": [3.15, 5.25]},
								"south": {"uv": [116, 9], "uv_size": [2.1, 5.25]},
								"west": {"uv": [116, 9], "uv_size": [3.15, 5.25]},
								"up": {"uv": [118.1, 12.15], "uv_size": [-2.1, -3.15]},
								"down": {"uv": [118.1, 12.15], "uv_size": [-2.1, -3.15]}
							}
						},
						{
							"origin": [-7.21465, 40.58854, -5.95198],
							"size": [2.1, 3.15, 3.15],
							"inflate": 0.0002,
							"pivot": [-6.16465, 42.16354, -4.37698],
							"rotation": [-25, 0, 0],
							"uv": {
								"north": {"uv": [116, 9], "uv_size": [12, 13]},
								"east": {"uv": [116, 9], "uv_size": [3.15, 3.15]},
								"south": {"uv": [116, 9], "uv_size": [12, 13]},
								"west": {"uv": [116, 9], "uv_size": [3.15, 3.15]},
								"up": {"uv": [118.1, 12.15], "uv_size": [-2.1, -3.15]},
								"down": {"uv": [128, 22], "uv_size": [-12, -13]}
							}
						},
						{
							"origin": [-7.21465, 42.87573, -11.03271],
							"size": [2.1, 3.15, 6.3],
							"inflate": 0.0003,
							"pivot": [-6.16465, 44.45073, -7.35771],
							"rotation": [-50, 0, 0],
							"uv": {
								"north": {"uv": [116, 9], "uv_size": [12, 13]},
								"east": {"uv": [116, 9], "uv_size": [6.3, 3.15]},
								"south": {"uv": [116, 9], "uv_size": [12, 13]},
								"west": {"uv": [116, 9], "uv_size": [6.3, 3.15]},
								"up": {"uv": [118.1, 15.3], "uv_size": [-2.1, -6.3]},
								"down": {"uv": [128, 22], "uv_size": [-12, -13]}
							}
						},
						{
							"origin": [-7.21465, 48.76964, -10.31358],
							"size": [2.1, 1.05, 3.15],
							"inflate": 0.0004,
							"pivot": [-6.16465, 48.24464, -8.73858],
							"rotation": [-90, 0, 0],
							"uv": {
								"north": {"uv": [116, 9], "uv_size": [12, 13]},
								"east": {"uv": [116, 9], "uv_size": [3.15, 1.05]},
								"south": {"uv": [116, 9], "uv_size": [12, 13]},
								"west": {"uv": [116, 9], "uv_size": [3.15, 1.05]},
								"up": {"uv": [118.1, 12.15], "uv_size": [-2.1, -3.15]},
								"down": {"uv": [128, 22], "uv_size": [-12, -13]}
							}
						},
						{
							"origin": [-7.21465, 49.10248, -9.84007],
							"size": [2.1, 1.05, 1.05],
							"inflate": 0.0005,
							"pivot": [-6.16465, 48.57748, -8.26507],
							"rotation": [-60, 0, 0],
							"uv": {
								"north": {"uv": [116, 9], "uv_size": [2.1, 1.05]},
								"east": {"uv": [116, 9], "uv_size": [1.05, 1.05]},
								"south": {"uv": [116, 9], "uv_size": [12, 13]},
								"west": {"uv": [116, 9], "uv_size": [1.05, 1.05]},
								"up": {"uv": [118.1, 10.05], "uv_size": [-2.1, -1.05]},
								"down": {"uv": [128, 22], "uv_size": [-12, -13]}
							}
						},
						{
							"origin": [-7.21465, 48.51006, -10.36703],
							"size": [2.1, 1.05, 2.1],
							"inflate": 0.0006,
							"pivot": [-6.16465, 47.98506, -8.79203],
							"rotation": [-50, 0, 0],
							"uv": {
								"north": {"uv": [116, 9], "uv_size": [2.1, 1.05]},
								"east": {"uv": [116, 9], "uv_size": [2.1, 1.05]},
								"south": {"uv": [116, 9], "uv_size": [12, 13]},
								"west": {"uv": [116, 9], "uv_size": [2.1, 1.05]},
								"up": {"uv": [128, 22], "uv_size": [-12, -13]},
								"down": {"uv": [128, 22], "uv_size": [-12, -13]}
							}
						},
						{
							"origin": [-7.21465, 46.78513, -10.78312],
							"size": [2.1, 2.1, 2.1],
							"inflate": 0.0007,
							"pivot": [-6.16465, 47.31013, -9.20812],
							"rotation": [-40, 0, 0],
							"uv": {
								"north": {"uv": [116, 9], "uv_size": [2.1, 2.1]},
								"east": {"uv": [116, 9], "uv_size": [2.1, 2.1]},
								"south": {"uv": [116, 9], "uv_size": [12, 13]},
								"west": {"uv": [116, 9], "uv_size": [2.1, 2.1]},
								"up": {"uv": [128, 22], "uv_size": [-12, -13]},
								"down": {"uv": [128, 22], "uv_size": [-12, -13]}
							}
						},
						{
							"origin": [-7.21465, 45.22076, -11.84501],
							"size": [2.1, 2.1, 2.1],
							"inflate": 0.0008,
							"pivot": [-6.16465, 45.74576, -10.27001],
							"rotation": [-32.5, 0, 0],
							"uv": {
								"north": {"uv": [116, 9], "uv_size": [2.1, 2.1]},
								"east": {"uv": [116, 9], "uv_size": [2.1, 2.1]},
								"south": {"uv": [116, 9], "uv_size": [12, 13]},
								"west": {"uv": [116, 9], "uv_size": [2.1, 2.1]},
								"up": {"uv": [128, 22], "uv_size": [-12, -13]},
								"down": {"uv": [128, 22], "uv_size": [-12, -13]}
							}
						},
						{
							"origin": [-7.21465, 41.80552, -13.06229],
							"size": [2.1, 2.1, 7.35],
							"inflate": 0.0009,
							"pivot": [-6.16465, 42.33052, -11.48729],
							"rotation": [-12.5, 0, 0],
							"uv": {
								"north": {"uv": [116, 9], "uv_size": [2.1, 2.1]},
								"east": {"uv": [116, 9], "uv_size": [7.35, 2.1]},
								"south": {"uv": [116, 9], "uv_size": [12, 13]},
								"west": {"uv": [116, 9], "uv_size": [7.35, 2.1]},
								"up": {"uv": [128, 22], "uv_size": [-12, -13]},
								"down": {"uv": [128, 22], "uv_size": [-12, -13]}
							}
						},
						{
							"origin": [-7.21465, 36.90886, -13.13859],
							"size": [2.1, 5.25, 7.35],
							"inflate": 0.001,
							"uv": {
								"north": {"uv": [116, 9], "uv_size": [2.1, 5.25]},
								"east": {"uv": [116, 9], "uv_size": [7.35, 5.25]},
								"south": {"uv": [116, 9], "uv_size": [12, 13]},
								"west": {"uv": [116, 9], "uv_size": [7.35, 5.25]},
								"up": {"uv": [128, 22], "uv_size": [-12, -13]},
								"down": {"uv": [128, 22], "uv_size": [-12, -13]}
							}
						},
						{
							"origin": [-7.21465, 31.84685, -12.06552],
							"size": [2.1, 4.2, 5.25],
							"inflate": 0.0012,
							"pivot": [-6.16465, 34.47185, -10.49052],
							"rotation": [35, 0, 0],
							"uv": {
								"north": {"uv": [116, 9], "uv_size": [2.1, 4.2]},
								"east": {"uv": [116, 9], "uv_size": [5.25, 4.2]},
								"south": {"uv": [116, 9], "uv_size": [12, 13]},
								"west": {"uv": [116, 9], "uv_size": [5.25, 4.2]},
								"up": {"uv": [128, 22], "uv_size": [-12, -13]},
								"down": {"uv": [128, 22], "uv_size": [-12, -13]}
							}
						},
						{
							"origin": [-7.21465, 29.08139, -9.75699],
							"size": [2.1, 4.2, 3.15],
							"inflate": 0.0013,
							"pivot": [-6.16465, 30.65639, -8.18199],
							"rotation": [25, 0, 0],
							"uv": {
								"north": {"uv": [116, 9], "uv_size": [2.1, 4.2]},
								"east": {"uv": [116, 9], "uv_size": [3.15, 4.2]},
								"south": {"uv": [116, 9], "uv_size": [12, 13]},
								"west": {"uv": [116, 9], "uv_size": [3.15, 4.2]},
								"up": {"uv": [128, 22], "uv_size": [-12, -13]},
								"down": {"uv": [128, 22], "uv_size": [-12, -13]}
							}
						},
						{
							"origin": [-7.21465, 26.74318, -9.08399],
							"size": [2.1, 3.15, 1.05],
							"inflate": 0.0014,
							"pivot": [-6.16465, 28.31818, -7.50899],
							"rotation": [12.5, 0, 0],
							"uv": {
								"north": {"uv": [116, 9], "uv_size": [2.1, 3.15]},
								"east": {"uv": [116, 9], "uv_size": [1.05, 3.15]},
								"south": {"uv": [116, 9], "uv_size": [12, 13]},
								"west": {"uv": [116, 9], "uv_size": [1.05, 3.15]},
								"up": {"uv": [128, 22], "uv_size": [-12, -13]},
								"down": {"uv": [128, 22], "uv_size": [-12, -13]}
							}
						},
						{
							"origin": [-7.21465, 28.15984, -8.11633],
							"size": [2.1, 4.2, 2.1],
							"inflate": 0.0015,
							"uv": {
								"north": {"uv": [116, 9], "uv_size": [12, 13]},
								"east": {"uv": [116, 9], "uv_size": [2.1, 4.2]},
								"south": {"uv": [116, 9], "uv_size": [2.1, 4.2]},
								"west": {"uv": [116, 9], "uv_size": [2.1, 4.2]},
								"up": {"uv": [128, 22], "uv_size": [-12, -13]},
								"down": {"uv": [118.1, 11.1], "uv_size": [-2.1, -2.1]}
							}
						},
						{
							"origin": [-7.21465, 31.15887, -7.78788],
							"size": [2.1, 3.15, 2.1],
							"inflate": 0.0016,
							"pivot": [-6.16465, 33.78387, -5.16288],
							"rotation": [-12.5, 0, 0],
							"uv": {
								"north": {"uv": [116, 9], "uv_size": [12, 13]},
								"east": {"uv": [116, 9], "uv_size": [2.1, 3.15]},
								"south": {"uv": [116, 9], "uv_size": [2.1, 3.15]},
								"west": {"uv": [116, 9], "uv_size": [2.1, 3.15]},
								"up": {"uv": [128, 22], "uv_size": [-12, -13]},
								"down": {"uv": [118.1, 11.1], "uv_size": [-2.1, -2.1]}
							}
						},
						{
							"origin": [-7.21465, 32.46204, -9.82091],
							"size": [2.1, 6.3, 5.25],
							"inflate": 0.0017,
							"pivot": [-6.16465, 35.08704, -4.04591],
							"rotation": [-47.5, 0, 0],
							"uv": {
								"north": {"uv": [116, 9], "uv_size": [12, 13]},
								"east": {"uv": [116, 9], "uv_size": [5.25, 6.3]},
								"south": {"uv": [116, 9], "uv_size": [2.1, 6.3]},
								"west": {"uv": [116, 9], "uv_size": [5.25, 6.3]},
								"up": {"uv": [128, 22], "uv_size": [-12, -13]},
								"down": {"uv": [118.1, 14.25], "uv_size": [-2.1, -5.25]}
							}
						},
						{
							"origin": [-7.21465, 25.85365, -8.5124],
							"size": [2.1, 2.1, 2.1],
							"inflate": 0.0018,
							"pivot": [-6.16465, 27.42865, -5.8874],
							"rotation": [-35, 0, 0],
							"uv": {
								"north": {"uv": [116, 9], "uv_size": [12, 13]},
								"east": {"uv": [116, 9], "uv_size": [2.1, 2.1]},
								"south": {"uv": [116, 9], "uv_size": [2.1, 2.1]},
								"west": {"uv": [116, 9], "uv_size": [2.1, 2.1]},
								"up": {"uv": [128, 22], "uv_size": [-12, -13]},
								"down": {"uv": [118.1, 11.1], "uv_size": [-2.1, -2.1]}
							}
						},
						{
							"origin": [-7.21465, 26.34954, -9.5383],
							"size": [2.1, 1.05, 1.05],
							"inflate": 0.0019,
							"pivot": [-6.16465, 27.92454, -7.9633],
							"rotation": [45, 0, 0],
							"uv": {
								"north": {"uv": [116, 9], "uv_size": [2.1, 1.05]},
								"east": {"uv": [116, 9], "uv_size": [1.05, 1.05]},
								"south": {"uv": [116, 9], "uv_size": [12, 13]},
								"west": {"uv": [116, 9], "uv_size": [1.05, 1.05]},
								"up": {"uv": [128, 22], "uv_size": [-12, -13]},
								"down": {"uv": [118.1, 10.05], "uv_size": [-2.1, -1.05]}
							}
						},
						{
							"origin": [-7.21465, 35.18708, -12.83503],
							"size": [2.1, 2.1, 5.25],
							"inflate": 0.01,
							"pivot": [-6.16465, 35.71208, -11.26003],
							"rotation": [12.5, 0, 0],
							"uv": {
								"north": {"uv": [116, 9], "uv_size": [2.1, 2.1]},
								"east": {"uv": [116, 9], "uv_size": [5.25, 2.1]},
								"south": {"uv": [116, 9], "uv_size": [12, 13]},
								"west": {"uv": [116, 9], "uv_size": [5.25, 2.1]},
								"up": {"uv": [128, 22], "uv_size": [-12, -13]},
								"down": {"uv": [128, 22], "uv_size": [-12, -13]}
							}
						},
						{
							"origin": [-7.21465, 43.56639, -12.60305],
							"size": [2.1, 2.1, 5.25],
							"inflate": 0.012,
							"pivot": [-6.16465, 44.09139, -11.02805],
							"rotation": [-22.5, 0, 0],
							"uv": {
								"north": {"uv": [116, 9], "uv_size": [2.1, 2.1]},
								"east": {"uv": [116, 9], "uv_size": [5.25, 2.1]},
								"south": {"uv": [116, 9], "uv_size": [12, 13]},
								"west": {"uv": [116, 9], "uv_size": [5.25, 2.1]},
								"up": {"uv": [128, 22], "uv_size": [-12, -13]},
								"down": {"uv": [128, 22], "uv_size": [-12, -13]}
							}
						},
						{
							"origin": [-6.86465, 3.14199, -0.73254],
							"size": [1.4, 39.9, 3.5],
							"uv": {
								"north": {"uv": [126, 0], "uv_size": [2, 4]},
								"east": {"uv": [126, 0], "uv_size": [2, 4]},
								"south": {"uv": [126, 0], "uv_size": [2, 4]},
								"west": {"uv": [126, 0], "uv_size": [2, 4]},
								"up": {"uv": [128, 4], "uv_size": [-2, -4]},
								"down": {"uv": [128, 4], "uv_size": [-2, -4]}
							}
						}
					],
					"locators": {
						"locator": [-6.03982, 40.17403, -12.97111]
					}
				},
				{
					"name": "rightarm",
					"parent": "body",
					"pivot": [6, 28.34514, 5.04497],
					"rotation": [-7.50002, 15, -21.77042],
					"cubes": [
						{
							"origin": [5, 20.34514, 3.04497],
							"size": [4, 10, 4],
							"uv": {
								"north": {"uv": [44, 0], "uv_size": [4, 10]},
								"east": {"uv": [44, 33], "uv_size": [4, 10]},
								"south": {"uv": [0, 45], "uv_size": [4, 10]},
								"west": {"uv": [16, 45], "uv_size": [4, 10]},
								"up": {"uv": [9, 63], "uv_size": [4, 4]},
								"down": {"uv": [13, 67], "uv_size": [4, -4]}
							}
						},
						{
							"origin": [4.5, 26.34514, 2.54497],
							"size": [5, 4, 5],
							"inflate": 0.1,
							"uv": {
								"north": {"uv": [37, 57], "uv_size": [5, 4]},
								"east": {"uv": [57, 44], "uv_size": [5, 4]},
								"south": {"uv": [57, 48], "uv_size": [5, 4]},
								"west": {"uv": [23, 58], "uv_size": [5, 4]},
								"up": {"uv": [53, 0], "uv_size": [5, 5]},
								"down": {"uv": [53, 10], "uv_size": [5, -5]}
							}
						}
					]
				},
				{
					"name": "rightarm_lower",
					"parent": "rightarm",
					"pivot": [7.01, 20.34514, 7.04497],
					"rotation": [-14.99998, 0, 0],
					"cubes": [
						{
							"origin": [5.01, 12.34514, 3.04497],
							"size": [4, 8, 4],
							"uv": {
								"north": {"uv": [33, 50], "uv_size": [4, 8]},
								"east": {"uv": [50, 15], "uv_size": [4, 8]},
								"south": {"uv": [4, 51], "uv_size": [4, 8]},
								"west": {"uv": [8, 51], "uv_size": [4, 8]},
								"up": {"uv": [42, 63], "uv_size": [4, 4]},
								"down": {"uv": [63, 67], "uv_size": [4, -4]}
							}
						}
					]
				},
				{
					"name": "leftleg",
					"parent": "body2",
					"pivot": [5, 16.64757, 6.07193],
					"rotation": [-30, 0, 0],
					"cubes": [
						{
							"origin": [3.5, 5.64757, 4.07193],
							"size": [3.5, 3, 6],
							"uv": {
								"north": {"uv": [33, 58], "uv_size": [4, 3]},
								"east": {"uv": [61, 40], "uv_size": [6, 3]},
								"south": {"uv": [63, 12], "uv_size": [4, 3]},
								"west": {"uv": [3, 62], "uv_size": [6, 3]},
								"up": {"uv": [18, 30], "uv_size": [4, 6]},
								"down": {"uv": [53, 53], "uv_size": [4, -6]}
							}
						},
						{
							"origin": [3.5, 0.64757, 10.07193],
							"size": [3.5, 8, 3],
							"uv": {
								"north": {"uv": [12, 52], "uv_size": [4, 8]},
								"east": {"uv": [41, 48], "uv_size": [3, 8]},
								"south": {"uv": [52, 23], "uv_size": [4, 8]},
								"west": {"uv": [20, 54], "uv_size": [3, 8]},
								"up": {"uv": [63, 51], "uv_size": [4, 3]},
								"down": {"uv": [63, 57], "uv_size": [4, -3]}
							}
						},
						{
							"origin": [3, 8.64757, 4.07193],
							"size": [4.5, 9, 4],
							"uv": {
								"north": {"uv": [39, 39], "uv_size": [5, 9]},
								"east": {"uv": [20, 45], "uv_size": [4, 9]},
								"south": {"uv": [40, 14], "uv_size": [5, 9]},
								"west": {"uv": [45, 10], "uv_size": [4, 9]},
								"up": {"uv": [28, 58], "uv_size": [5, 4]},
								"down": {"uv": [53, 62], "uv_size": [5, -4]}
							}
						}
					]
				},
				{
					"name": "foot_back",
					"parent": "leftleg",
					"pivot": [5, 16.64757, 6.07193],
					"rotation": [25, 0, 0],
					"cubes": [
						{
							"origin": [4, 0.64757, 6.07193],
							"size": [2.5, 2, 2],
							"uv": {
								"north": {"uv": [17, 65], "uv_size": [2.5, 2]},
								"east": {"uv": [17, 65], "uv_size": [2.5, 2]},
								"south": {"uv": [17, 65], "uv_size": [2.5, 2]},
								"west": {"uv": [17, 65], "uv_size": [2.5, 2]},
								"up": {"uv": [19.5, 67], "uv_size": [-2.5, -2]},
								"down": {"uv": [19.5, 67], "uv_size": [-2.5, -2]}
							}
						}
					]
				},
				{
					"name": "foot",
					"parent": "leftleg",
					"pivot": [5, 16.64757, 6.07193],
					"rotation": [25, 0, 0],
					"cubes": [
						{
							"origin": [3, -0.35243, 2.07193],
							"size": [4.5, 3, 4],
							"uv": {
								"north": {"uv": [63, 0], "uv_size": [5, 3]},
								"east": {"uv": [63, 57], "uv_size": [4, 3]},
								"south": {"uv": [63, 3], "uv_size": [5, 3]},
								"west": {"uv": [63, 60], "uv_size": [4, 3]},
								"up": {"uv": [58, 58], "uv_size": [5, 4]},
								"down": {"uv": [58, 4], "uv_size": [5, -4]}
							}
						}
					]
				},
				{
					"name": "rightleg",
					"parent": "body2",
					"pivot": [-5, 16.64757, 6.07193],
					"rotation": [-30, 0, 0],
					"cubes": [
						{
							"origin": [-7, 5.64757, 4.07193],
							"size": [3.5, 3, 6],
							"uv": {
								"north": {"uv": [31, 64], "uv_size": [4, 3]},
								"east": {"uv": [19, 62], "uv_size": [6, 3]},
								"south": {"uv": [35, 64], "uv_size": [4, 3]},
								"west": {"uv": [25, 62], "uv_size": [6, 3]},
								"up": {"uv": [44, 54], "uv_size": [4, 6]},
								"down": {"uv": [54, 16], "uv_size": [4, -6]}
							}
						},
						{
							"origin": [-7, 0.64757, 10.07193],
							"size": [3.5, 8, 3],
							"uv": {
								"north": {"uv": [52, 31], "uv_size": [4, 8]},
								"east": {"uv": [0, 55], "uv_size": [3, 8]},
								"south": {"uv": [52, 39], "uv_size": [4, 8]},
								"west": {"uv": [16, 55], "uv_size": [3, 8]},
								"up": {"uv": [0, 65], "uv_size": [4, 3]},
								"down": {"uv": [4, 68], "uv_size": [4, -3]}
							}
						},
						{
							"origin": [-7.5, 8.64757, 4.07193],
							"size": [4.5, 9, 4],
							"uv": {
								"north": {"uv": [32, 41], "uv_size": [5, 9]},
								"east": {"uv": [46, 19], "uv_size": [4, 9]},
								"south": {"uv": [7, 42], "uv_size": [5, 9]},
								"west": {"uv": [37, 48], "uv_size": [4, 9]},
								"up": {"uv": [58, 4], "uv_size": [5, 4]},
								"down": {"uv": [58, 12], "uv_size": [5, -4]}
							}
						}
					]
				},
				{
					"name": "foot_back2",
					"parent": "rightleg",
					"pivot": [-5, 16.64757, 6.07193],
					"rotation": [25, 0, 0],
					"cubes": [
						{
							"origin": [-6.5, 0.64757, 6.07193],
							"size": [2.5, 2, 2],
							"uv": {
								"north": {"uv": [17, 65], "uv_size": [2, 2]},
								"east": {"uv": [17, 65], "uv_size": [2, 2]},
								"south": {"uv": [17, 65], "uv_size": [2, 2]},
								"west": {"uv": [17, 65], "uv_size": [2, 2]},
								"up": {"uv": [19, 67], "uv_size": [-2, -2]},
								"down": {"uv": [19, 67], "uv_size": [-2, -2]}
							}
						}
					]
				},
				{
					"name": "foot2",
					"parent": "rightleg",
					"pivot": [-5, 16.64757, 6.07193],
					"rotation": [25, 0, 0],
					"cubes": [
						{
							"origin": [-7.5, -0.35243, 2.07193],
							"size": [4.5, 3, 4],
							"uv": {
								"north": {"uv": [63, 6], "uv_size": [5, 3]},
								"east": {"uv": [17, 65], "uv_size": [4, 3]},
								"south": {"uv": [63, 9], "uv_size": [5, 3]},
								"west": {"uv": [21, 65], "uv_size": [4, 3]},
								"up": {"uv": [58, 12], "uv_size": [5, 4]},
								"down": {"uv": [58, 56], "uv_size": [5, -4]}
							}
						}
					]
				},
				{
					"name": "tail",
					"parent": "body2",
					"pivot": [-0.5, 14.39757, 9.07193],
					"rotation": [-25, 0, 0],
					"cubes": [
						{
							"origin": [-1, 13.89947, 9.02836],
							"size": [1, 1, 5.5],
							"uv": {
								"north": {"uv": [32, 29], "uv_size": [1, 1]},
								"east": {"uv": [22, 21], "uv_size": [6, 1]},
								"south": {"uv": [32, 30], "uv_size": [1, 1]},
								"west": {"uv": [65, 18], "uv_size": [6, 1]},
								"up": {"uv": [17, 37], "uv_size": [1, 6]},
								"down": {"uv": [43, 13], "uv_size": [1, -6]}
							}
						}
					]
				},
				{
					"name": "tail2",
					"parent": "tail",
					"pivot": [-0.5, 14.41631, 14.49458],
					"cubes": [
						{
							"origin": [-1, 13.91822, 14.45101],
							"size": [1, 1, 5.5],
							"uv": {
								"north": {"uv": [32, 31], "uv_size": [1, 1]},
								"east": {"uv": [31, 67], "uv_size": [6, 1]},
								"south": {"uv": [7, 36], "uv_size": [1, 1]},
								"west": {"uv": [37, 67], "uv_size": [6, 1]},
								"up": {"uv": [24, 45], "uv_size": [1, 6]},
								"down": {"uv": [19, 61], "uv_size": [1, -6]}
							}
						}
					]
				},
				{
					"name": "tail3",
					"parent": "tail2",
					"pivot": [-0.5, 14.41631, 19.99458],
					"cubes": [
						{
							"origin": [-1, 13.91822, 19.95101],
							"size": [1, 1, 5.5],
							"uv": {
								"north": {"uv": [39, 14], "uv_size": [1, 1]},
								"east": {"uv": [63, 67], "uv_size": [6, 1]},
								"south": {"uv": [39, 15], "uv_size": [1, 1]},
								"west": {"uv": [67, 12], "uv_size": [6, 1]},
								"up": {"uv": [14, 67], "uv_size": [1, 6]},
								"down": {"uv": [15, 73], "uv_size": [1, -6]}
							}
						}
					]
				},
				{
					"name": "tail4",
					"parent": "tail3",
					"pivot": [-0.5, 14.41631, 25.49458],
					"cubes": [
						{
							"origin": [-1, 13.91822, 25.45101],
							"size": [1, 1, 5.5],
							"uv": {
								"north": {"uv": [39, 32], "uv_size": [1, 1]},
								"east": {"uv": [67, 13], "uv_size": [6, 1]},
								"south": {"uv": [40, 32], "uv_size": [1, 1]},
								"west": {"uv": [67, 14], "uv_size": [6, 1]},
								"up": {"uv": [16, 67], "uv_size": [1, 6]},
								"down": {"uv": [43, 73], "uv_size": [1, -6]}
							}
						}
					]
				},
				{
					"name": "tail5",
					"parent": "tail4",
					"pivot": [-0.5, 14.41631, 30.99458],
					"cubes": [
						{
							"origin": [-1, 13.91822, 30.95101],
							"size": [1, 1, 5],
							"uv": {
								"north": {"uv": [41, 32], "uv_size": [1, 1]},
								"east": {"uv": [67, 19], "uv_size": [5, 1]},
								"south": {"uv": [16, 42], "uv_size": [1, 1]},
								"west": {"uv": [67, 20], "uv_size": [5, 1]},
								"up": {"uv": [46, 28], "uv_size": [1, 5]},
								"down": {"uv": [47, 33], "uv_size": [1, -5]}
							}
						},
						{
							"origin": [-1.5, 13.41822, 30.95101],
							"size": [2, 2, 3.5],
							"uv": {
								"north": {"uv": [50, 23], "uv_size": [2, 2]},
								"east": {"uv": [55, 66], "uv_size": [4, 2]},
								"south": {"uv": [50, 25], "uv_size": [2, 2]},
								"west": {"uv": [59, 66], "uv_size": [4, 2]},
								"up": {"uv": [31, 16], "uv_size": [2, 4]},
								"down": {"uv": [37, 45], "uv_size": [2, -4]}
							}
						}
					]
				}
			]
		}
	]
}