{
	"format_version": "1.12.0",
	"minecraft:geometry": [
		{
			"description": {
				"identifier": "geometry.minotaur_axe",
				"texture_width": 128,
				"texture_height": 128,
				"visible_bounds_width": 6,
				"visible_bounds_height": 4.5,
				"visible_bounds_offset": [0, 1.75, 0]
			},
			"bones": [
				{
					"name": "RightArm",
					"pivot": [-5, 22, 0]
				},
				{
					"name": "right_point",
					"parent": "RightArm",
					"pivot": [-6, 15, 1]
				},
				{
					"name": "weapon",
					"parent": "right_point",
					"pivot": [0.4, 0, 0.5]
				},
				{
					"name": "axe",
					"parent": "weapon",
					"pivot": [0.43535, 12.35522, 0.68358],
					"cubes": [
						{
							"origin": [-0.61465, 34.49199, -4.38254],
							"size": [2.1, 5.25, 3.15],
							"inflate": 0.0001,
							"uv": {
								"north": {"uv": [116, 9], "uv_size": [12, 13]},
								"east": {"uv": [116, 9], "uv_size": [3.15, 5.25]},
								"south": {"uv": [116, 9], "uv_size": [2.1, 5.25]},
								"west": {"uv": [116, 9], "uv_size": [3.15, 5.25]},
								"up": {"uv": [118.1, 12.15], "uv_size": [-2.1, -3.15]},
								"down": {"uv": [118.1, 12.15], "uv_size": [-2.1, -3.15]}
							}
						},
						{
							"origin": [-0.61465, 37.28854, -6.45198],
							"size": [2.1, 3.15, 3.15],
							"inflate": 0.0002,
							"pivot": [0.43535, 38.86354, -4.87698],
							"rotation": [-25, 0, 0],
							"uv": {
								"north": {"uv": [116, 9], "uv_size": [12, 13]},
								"east": {"uv": [116, 9], "uv_size": [3.15, 3.15]},
								"south": {"uv": [116, 9], "uv_size": [12, 13]},
								"west": {"uv": [116, 9], "uv_size": [3.15, 3.15]},
								"up": {"uv": [118.1, 12.15], "uv_size": [-2.1, -3.15]},
								"down": {"uv": [128, 22], "uv_size": [-12, -13]}
							}
						},
						{
							"origin": [-0.61465, 39.57573, -11.53271],
							"size": [2.1, 3.15, 6.3],
							"inflate": 0.0003,
							"pivot": [0.43535, 41.15073, -7.85771],
							"rotation": [-50, 0, 0],
							"uv": {
								"north": {"uv": [116, 9], "uv_size": [12, 13]},
								"east": {"uv": [116, 9], "uv_size": [6.3, 3.15]},
								"south": {"uv": [116, 9], "uv_size": [12, 13]},
								"west": {"uv": [116, 9], "uv_size": [6.3, 3.15]},
								"up": {"uv": [118.1, 15.3], "uv_size": [-2.1, -6.3]},
								"down": {"uv": [128, 22], "uv_size": [-12, -13]}
							}
						},
						{
							"origin": [-0.61465, 45.46964, -10.81358],
							"size": [2.1, 1.05, 3.15],
							"inflate": 0.0004,
							"pivot": [0.43535, 44.94464, -9.23858],
							"rotation": [-90, 0, 0],
							"uv": {
								"north": {"uv": [116, 9], "uv_size": [12, 13]},
								"east": {"uv": [116, 9], "uv_size": [3.15, 1.05]},
								"south": {"uv": [116, 9], "uv_size": [12, 13]},
								"west": {"uv": [116, 9], "uv_size": [3.15, 1.05]},
								"up": {"uv": [118.1, 12.15], "uv_size": [-2.1, -3.15]},
								"down": {"uv": [128, 22], "uv_size": [-12, -13]}
							}
						},
						{
							"origin": [-0.61465, 45.80248, -10.34007],
							"size": [2.1, 1.05, 1.05],
							"inflate": 0.0005,
							"pivot": [0.43535, 45.27748, -8.76507],
							"rotation": [-60, 0, 0],
							"uv": {
								"north": {"uv": [116, 9], "uv_size": [2.1, 1.05]},
								"east": {"uv": [116, 9], "uv_size": [1.05, 1.05]},
								"south": {"uv": [116, 9], "uv_size": [12, 13]},
								"west": {"uv": [116, 9], "uv_size": [1.05, 1.05]},
								"up": {"uv": [118.1, 10.05], "uv_size": [-2.1, -1.05]},
								"down": {"uv": [128, 22], "uv_size": [-12, -13]}
							}
						},
						{
							"origin": [-0.61465, 45.21006, -10.86703],
							"size": [2.1, 1.05, 2.1],
							"inflate": 0.0006,
							"pivot": [0.43535, 44.68506, -9.29203],
							"rotation": [-50, 0, 0],
							"uv": {
								"north": {"uv": [116, 9], "uv_size": [2.1, 1.05]},
								"east": {"uv": [116, 9], "uv_size": [2.1, 1.05]},
								"south": {"uv": [116, 9], "uv_size": [12, 13]},
								"west": {"uv": [116, 9], "uv_size": [2.1, 1.05]},
								"up": {"uv": [128, 22], "uv_size": [-12, -13]},
								"down": {"uv": [128, 22], "uv_size": [-12, -13]}
							}
						},
						{
							"origin": [-0.61465, 43.48513, -11.28312],
							"size": [2.1, 2.1, 2.1],
							"inflate": 0.0007,
							"pivot": [0.43535, 44.01013, -9.70812],
							"rotation": [-40, 0, 0],
							"uv": {
								"north": {"uv": [116, 9], "uv_size": [2.1, 2.1]},
								"east": {"uv": [116, 9], "uv_size": [2.1, 2.1]},
								"south": {"uv": [116, 9], "uv_size": [12, 13]},
								"west": {"uv": [116, 9], "uv_size": [2.1, 2.1]},
								"up": {"uv": [128, 22], "uv_size": [-12, -13]},
								"down": {"uv": [128, 22], "uv_size": [-12, -13]}
							}
						},
						{
							"origin": [-0.61465, 41.92076, -12.34501],
							"size": [2.1, 2.1, 2.1],
							"inflate": 0.0008,
							"pivot": [0.43535, 42.44576, -10.77001],
							"rotation": [-32.5, 0, 0],
							"uv": {
								"north": {"uv": [116, 9], "uv_size": [2.1, 2.1]},
								"east": {"uv": [116, 9], "uv_size": [2.1, 2.1]},
								"south": {"uv": [116, 9], "uv_size": [12, 13]},
								"west": {"uv": [116, 9], "uv_size": [2.1, 2.1]},
								"up": {"uv": [128, 22], "uv_size": [-12, -13]},
								"down": {"uv": [128, 22], "uv_size": [-12, -13]}
							}
						},
						{
							"origin": [-0.61465, 38.50552, -13.56229],
							"size": [2.1, 2.1, 7.35],
							"inflate": 0.0009,
							"pivot": [0.43535, 39.03052, -11.98729],
							"rotation": [-12.5, 0, 0],
							"uv": {
								"north": {"uv": [116, 9], "uv_size": [2.1, 2.1]},
								"east": {"uv": [116, 9], "uv_size": [7.35, 2.1]},
								"south": {"uv": [116, 9], "uv_size": [12, 13]},
								"west": {"uv": [116, 9], "uv_size": [7.35, 2.1]},
								"up": {"uv": [128, 22], "uv_size": [-12, -13]},
								"down": {"uv": [128, 22], "uv_size": [-12, -13]}
							}
						},
						{
							"origin": [-0.61465, 33.60886, -13.63859],
							"size": [2.1, 5.25, 7.35],
							"inflate": 0.001,
							"uv": {
								"north": {"uv": [116, 9], "uv_size": [2.1, 5.25]},
								"east": {"uv": [116, 9], "uv_size": [7.35, 5.25]},
								"south": {"uv": [116, 9], "uv_size": [12, 13]},
								"west": {"uv": [116, 9], "uv_size": [7.35, 5.25]},
								"up": {"uv": [128, 22], "uv_size": [-12, -13]},
								"down": {"uv": [128, 22], "uv_size": [-12, -13]}
							}
						},
						{
							"origin": [-0.61465, 28.54685, -12.56552],
							"size": [2.1, 4.2, 5.25],
							"inflate": 0.0012,
							"pivot": [0.43535, 31.17185, -10.99052],
							"rotation": [35, 0, 0],
							"uv": {
								"north": {"uv": [116, 9], "uv_size": [2.1, 4.2]},
								"east": {"uv": [116, 9], "uv_size": [5.25, 4.2]},
								"south": {"uv": [116, 9], "uv_size": [12, 13]},
								"west": {"uv": [116, 9], "uv_size": [5.25, 4.2]},
								"up": {"uv": [128, 22], "uv_size": [-12, -13]},
								"down": {"uv": [128, 22], "uv_size": [-12, -13]}
							}
						},
						{
							"origin": [-0.61465, 25.78139, -10.25699],
							"size": [2.1, 4.2, 3.15],
							"inflate": 0.0013,
							"pivot": [0.43535, 27.35639, -8.68199],
							"rotation": [25, 0, 0],
							"uv": {
								"north": {"uv": [116, 9], "uv_size": [2.1, 4.2]},
								"east": {"uv": [116, 9], "uv_size": [3.15, 4.2]},
								"south": {"uv": [116, 9], "uv_size": [12, 13]},
								"west": {"uv": [116, 9], "uv_size": [3.15, 4.2]},
								"up": {"uv": [128, 22], "uv_size": [-12, -13]},
								"down": {"uv": [128, 22], "uv_size": [-12, -13]}
							}
						},
						{
							"origin": [-0.61465, 23.44318, -9.58399],
							"size": [2.1, 3.15, 1.05],
							"inflate": 0.0014,
							"pivot": [0.43535, 25.01818, -8.00899],
							"rotation": [12.5, 0, 0],
							"uv": {
								"north": {"uv": [116, 9], "uv_size": [2.1, 3.15]},
								"east": {"uv": [116, 9], "uv_size": [1.05, 3.15]},
								"south": {"uv": [116, 9], "uv_size": [12, 13]},
								"west": {"uv": [116, 9], "uv_size": [1.05, 3.15]},
								"up": {"uv": [128, 22], "uv_size": [-12, -13]},
								"down": {"uv": [128, 22], "uv_size": [-12, -13]}
							}
						},
						{
							"origin": [-0.61465, 24.85984, -8.61633],
							"size": [2.1, 4.2, 2.1],
							"inflate": 0.0015,
							"uv": {
								"north": {"uv": [116, 9], "uv_size": [12, 13]},
								"east": {"uv": [116, 9], "uv_size": [2.1, 4.2]},
								"south": {"uv": [116, 9], "uv_size": [2.1, 4.2]},
								"west": {"uv": [116, 9], "uv_size": [2.1, 4.2]},
								"up": {"uv": [128, 22], "uv_size": [-12, -13]},
								"down": {"uv": [118.1, 11.1], "uv_size": [-2.1, -2.1]}
							}
						},
						{
							"origin": [-0.61465, 27.85887, -8.28788],
							"size": [2.1, 3.15, 2.1],
							"inflate": 0.0016,
							"pivot": [0.43535, 30.48387, -5.66288],
							"rotation": [-12.5, 0, 0],
							"uv": {
								"north": {"uv": [116, 9], "uv_size": [12, 13]},
								"east": {"uv": [116, 9], "uv_size": [2.1, 3.15]},
								"south": {"uv": [116, 9], "uv_size": [2.1, 3.15]},
								"west": {"uv": [116, 9], "uv_size": [2.1, 3.15]},
								"up": {"uv": [128, 22], "uv_size": [-12, -13]},
								"down": {"uv": [118.1, 11.1], "uv_size": [-2.1, -2.1]}
							}
						},
						{
							"origin": [-0.61465, 29.16204, -10.32091],
							"size": [2.1, 6.3, 5.25],
							"inflate": 0.0017,
							"pivot": [0.43535, 31.78704, -4.54591],
							"rotation": [-47.5, 0, 0],
							"uv": {
								"north": {"uv": [116, 9], "uv_size": [12, 13]},
								"east": {"uv": [116, 9], "uv_size": [5.25, 6.3]},
								"south": {"uv": [116, 9], "uv_size": [2.1, 6.3]},
								"west": {"uv": [116, 9], "uv_size": [5.25, 6.3]},
								"up": {"uv": [128, 22], "uv_size": [-12, -13]},
								"down": {"uv": [118.1, 14.25], "uv_size": [-2.1, -5.25]}
							}
						},
						{
							"origin": [-0.61465, 22.55365, -9.0124],
							"size": [2.1, 2.1, 2.1],
							"inflate": 0.0018,
							"pivot": [0.43535, 24.12865, -6.3874],
							"rotation": [-35, 0, 0],
							"uv": {
								"north": {"uv": [116, 9], "uv_size": [12, 13]},
								"east": {"uv": [116, 9], "uv_size": [2.1, 2.1]},
								"south": {"uv": [116, 9], "uv_size": [2.1, 2.1]},
								"west": {"uv": [116, 9], "uv_size": [2.1, 2.1]},
								"up": {"uv": [128, 22], "uv_size": [-12, -13]},
								"down": {"uv": [118.1, 11.1], "uv_size": [-2.1, -2.1]}
							}
						},
						{
							"origin": [-0.61465, 23.04954, -10.0383],
							"size": [2.1, 1.05, 1.05],
							"inflate": 0.0019,
							"pivot": [0.43535, 24.62454, -8.4633],
							"rotation": [45, 0, 0],
							"uv": {
								"north": {"uv": [116, 9], "uv_size": [2.1, 1.05]},
								"east": {"uv": [116, 9], "uv_size": [1.05, 1.05]},
								"south": {"uv": [116, 9], "uv_size": [12, 13]},
								"west": {"uv": [116, 9], "uv_size": [1.05, 1.05]},
								"up": {"uv": [128, 22], "uv_size": [-12, -13]},
								"down": {"uv": [118.1, 10.05], "uv_size": [-2.1, -1.05]}
							}
						},
						{
							"origin": [-0.61465, 31.88708, -13.33503],
							"size": [2.1, 2.1, 5.25],
							"inflate": 0.01,
							"pivot": [0.43535, 32.41208, -11.76003],
							"rotation": [12.5, 0, 0],
							"uv": {
								"north": {"uv": [116, 9], "uv_size": [2.1, 2.1]},
								"east": {"uv": [116, 9], "uv_size": [5.25, 2.1]},
								"south": {"uv": [116, 9], "uv_size": [12, 13]},
								"west": {"uv": [116, 9], "uv_size": [5.25, 2.1]},
								"up": {"uv": [128, 22], "uv_size": [-12, -13]},
								"down": {"uv": [128, 22], "uv_size": [-12, -13]}
							}
						},
						{
							"origin": [-0.61465, 40.26639, -13.10305],
							"size": [2.1, 2.1, 5.25],
							"inflate": 0.012,
							"pivot": [0.43535, 40.79139, -11.52805],
							"rotation": [-22.5, 0, 0],
							"uv": {
								"north": {"uv": [116, 9], "uv_size": [2.1, 2.1]},
								"east": {"uv": [116, 9], "uv_size": [5.25, 2.1]},
								"south": {"uv": [116, 9], "uv_size": [12, 13]},
								"west": {"uv": [116, 9], "uv_size": [5.25, 2.1]},
								"up": {"uv": [128, 22], "uv_size": [-12, -13]},
								"down": {"uv": [128, 22], "uv_size": [-12, -13]}
							}
						},
						{
							"origin": [-0.26465, -0.15801, -1.23254],
							"size": [1.4, 39.9, 3.5],
							"uv": {
								"north": {"uv": [126, 0], "uv_size": [2, 4]},
								"east": {"uv": [126, 0], "uv_size": [2, 4]},
								"south": {"uv": [126, 0], "uv_size": [2, 4]},
								"west": {"uv": [126, 0], "uv_size": [2, 4]},
								"up": {"uv": [128, 4], "uv_size": [-2, -4]},
								"down": {"uv": [128, 4], "uv_size": [-2, -4]}
							}
						}
					],
					"locators": {
						"locator": [0.56018, 36.87403, -13.47111]
					}
				}
			]
		}
	]
}