{
	"format_version": "1.12.0",
	"minecraft:geometry": [
		{
			"description": {
				"identifier": "geometry.minotaur_head",
				"texture_width": 128,
				"texture_height": 128,
				"visible_bounds_width": 6,
				"visible_bounds_height": 4.5,
				"visible_bounds_offset": [0, 1.75, 0]
			},
			"bones": [
				{
					"name": "head",
					"pivot": [0, 0, 0],
					"cubes": [
						{
							"origin": [-3.5, 0.00023, -3.01083],
							"size": [7, 7, 8.5],
							"uv": {
								"north": {"uv": [25, 36], "uv_size": [7, 7]},
								"east": {"uv": [33, 25], "uv_size": [9, 7]},
								"south": {"uv": [37, 0], "uv_size": [7, 7]},
								"west": {"uv": [34, 7], "uv_size": [9, 7]},
								"up": {"uv": [0, 36], "uv_size": [7, 9]},
								"down": {"uv": [18, 45], "uv_size": [7, -9]}
							}
						},
						{
							"origin": [-2.5, 0.00023, -8.01083],
							"size": [5, 4, 5],
							"uv": {
								"north": {"uv": [54, 16], "uv_size": [5, 4]},
								"east": {"uv": [48, 55], "uv_size": [5, 4]},
								"south": {"uv": [56, 20], "uv_size": [5, 4]},
								"west": {"uv": [56, 24], "uv_size": [5, 4]},
								"up": {"uv": [26, 16], "uv_size": [5, 5]},
								"down": {"uv": [39, 38], "uv_size": [5, -5]}
							}
						}
					]
				},
				{
					"name": "horns",
					"parent": "head",
					"pivot": [4, -52.5, 2]
				},
				{
					"name": "horn",
					"parent": "horns",
					"pivot": [0, 0, 0],
					"cubes": [
						{
							"origin": [-9.45, 3.00035, -1.76624],
							"size": [6, 3, 3],
							"uv": {
								"north": {"uv": [3, 59], "uv_size": [6, 3]},
								"east": {"uv": [23, 8], "uv_size": [3, 3]},
								"south": {"uv": [59, 16], "uv_size": [6, 3]},
								"west": {"uv": [8, 27], "uv_size": [3, 3]},
								"up": {"uv": [9, 60], "uv_size": [6, 3]},
								"down": {"uv": [42, 63], "uv_size": [6, -3]}
							}
						}
					]
				},
				{
					"name": "horn2",
					"parent": "horn",
					"pivot": [0, 0, 0],
					"rotation": [-20, 17.5, 0],
					"cubes": [
						{
							"origin": [-8.54557, 1.76871, -9.2542],
							"size": [2.5, 2.5, 6],
							"uv": {
								"north": {"uv": [25, 65], "uv_size": [3, 3]},
								"east": {"uv": [33, 61], "uv_size": [6, 3]},
								"south": {"uv": [28, 65], "uv_size": [3, 3]},
								"west": {"uv": [61, 19], "uv_size": [6, 3]},
								"up": {"uv": [29, 43], "uv_size": [3, 6]},
								"down": {"uv": [4, 51], "uv_size": [3, -6]}
							}
						}
					]
				},
				{
					"name": "horn3",
					"parent": "horns",
					"pivot": [0, 0, 0],
					"cubes": [
						{
							"origin": [3.45, 3.00035, -1.76624],
							"size": [6, 3, 3],
							"uv": {
								"north": {"uv": [61, 22], "uv_size": [6, 3]},
								"east": {"uv": [46, 65], "uv_size": [3, 3]},
								"south": {"uv": [61, 25], "uv_size": [6, 3]},
								"west": {"uv": [65, 15], "uv_size": [3, 3]},
								"up": {"uv": [61, 28], "uv_size": [6, 3]},
								"down": {"uv": [61, 34], "uv_size": [6, -3]}
							}
						}
					]
				},
				{
					"name": "horn4",
					"parent": "horn3",
					"pivot": [0, 0, 0],
					"rotation": [-20, -17.5, 0],
					"cubes": [
						{
							"origin": [6.03864, 1.75737, -9.27355],
							"size": [2.5, 2.5, 6],
							"uv": {
								"north": {"uv": [49, 66], "uv_size": [3, 3]},
								"east": {"uv": [61, 34], "uv_size": [6, 3]},
								"south": {"uv": [52, 66], "uv_size": [3, 3]},
								"west": {"uv": [61, 37], "uv_size": [6, 3]},
								"up": {"uv": [48, 59], "uv_size": [3, 6]},
								"down": {"uv": [39, 67], "uv_size": [3, -6]}
							}
						}
					]
				},
				{
					"name": "brow",
					"parent": "head",
					"pivot": [0, 0, 0],
					"rotation": [12.5, 0, 0],
					"cubes": [
						{
							"origin": [-2.5, 5.73562, -3.6256],
							"size": [5, 1, 2],
							"uv": {
								"north": {"uv": [28, 21], "uv_size": [5, 1]},
								"east": {"uv": [11, 20], "uv_size": [2, 1]},
								"south": {"uv": [39, 38], "uv_size": [5, 1]},
								"west": {"uv": [31, 20], "uv_size": [2, 1]},
								"up": {"uv": [34, 14], "uv_size": [5, 2]},
								"down": {"uv": [58, 58], "uv_size": [5, -2]}
							}
						}
					]
				},
				{
					"name": "nose_ring",
					"parent": "head",
					"pivot": [0, 0, 0],
					"cubes": [
						{
							"origin": [-2, -2.49977, -8.01083],
							"size": [4, 4, 1],
							"inflate": 0.01,
							"uv": {
								"north": {"uv": [48, 44], "uv_size": [4, 4]},
								"east": {"uv": [44, 10], "uv_size": [1, 4]},
								"south": {"uv": [51, 62], "uv_size": [4, 4]},
								"west": {"uv": [45, 19], "uv_size": [1, 4]},
								"up": {"uv": [44, 43], "uv_size": [4, 1]},
								"down": {"uv": [67, 22], "uv_size": [4, -1]}
							}
						}
					]
				}
			]
		}
	]
}