{
	"format_version": "1.12.0",
	"minecraft:geometry": [
		{
			"description": {
				"identifier": "geometry.pedestal",
				"texture_width": 16,
				"texture_height": 16,
				"visible_bounds_width": 2,
				"visible_bounds_height": 2.5,
				"visible_bounds_offset": [0, 0.75, 0]
			},
			"bones": [
				{
					"name": "pedestal",
					"pivot": [0, 1, 0],
					"cubes": [
						{
							"origin": [-7, 1, -7],
							"size": [14, 2, 14],
							"uv": {
								"north": {"uv": [0, 0], "uv_size": [14, 2]},
								"east": {"uv": [0, 0], "uv_size": [14, 2]},
								"south": {"uv": [0, 0], "uv_size": [14, 2]},
								"west": {"uv": [0, 0], "uv_size": [14, 2]},
								"up": {"uv": [14, 14], "uv_size": [-14, -14]},
								"down": {"uv": [14, 14], "uv_size": [-14, -14]}
							}
						},
						{
							"origin": [-6, 3, -6],
							"size": [12, 2, 12],
							"uv": {
								"north": {"uv": [0, 0], "uv_size": [12, 2]},
								"east": {"uv": [0, 0], "uv_size": [12, 2]},
								"south": {"uv": [0, 0], "uv_size": [12, 2]},
								"west": {"uv": [0, 0], "uv_size": [12, 2]},
								"up": {"uv": [12, 12], "uv_size": [-12, -12]},
								"down": {"uv": [12, 12], "uv_size": [-12, -12]}
							}
						},
						{
							"origin": [-4.5, 5, -4],
							"size": [9, 9.5, 8.5],
							"uv": {
								"north": {"uv": [0, 0], "uv_size": [9, 9.5]},
								"east": {"uv": [0, 0], "uv_size": [8.5, 9.5]},
								"south": {"uv": [0, 0], "uv_size": [9, 9.5]},
								"west": {"uv": [0, 0], "uv_size": [8.5, 9.5]},
								"up": {"uv": [9, 8.5], "uv_size": [-9, -8.5]},
								"down": {"uv": [9, 8.5], "uv_size": [-9, -8.5]}
							}
						},
						{
							"origin": [-6, 14.5, -5.5],
							"size": [12, 1, 11.5],
							"uv": {
								"north": {"uv": [0, 0], "uv_size": [12, 1]},
								"east": {"uv": [0, 0], "uv_size": [11.5, 1]},
								"south": {"uv": [0, 0], "uv_size": [12, 1]},
								"west": {"uv": [0, 0], "uv_size": [11.5, 1]},
								"up": {"uv": [12, 11.5], "uv_size": [-12, -11.5]},
								"down": {"uv": [12, 11.5], "uv_size": [-12, -11.5]}
							}
						},
						{
							"origin": [7, 0, -7],
							"size": [1, 2, 14],
							"uv": {
								"north": {"uv": [0, 0], "uv_size": [1, 2]},
								"east": {"uv": [0, 0], "uv_size": [14, 1]},
								"south": {"uv": [0, 0], "uv_size": [1, 1]},
								"west": {"uv": [0, 0], "uv_size": [14, 2]},
								"up": {"uv": [1, 14], "uv_size": [-1, -14]},
								"down": {"uv": [1, 14], "uv_size": [-1, -14]}
							}
						},
						{
							"origin": [-7, 0, 7],
							"size": [14, 2, 1],
							"uv": {
								"north": {"uv": [0, 0], "uv_size": [14, 2]},
								"east": {"uv": [0, 0], "uv_size": [1, 1]},
								"south": {"uv": [0, 0], "uv_size": [14, 2]},
								"west": {"uv": [0, 0], "uv_size": [1, 1]},
								"up": {"uv": [14, 1], "uv_size": [-14, -1]},
								"down": {"uv": [14, 1], "uv_size": [-14, -1]}
							}
						},
						{
							"origin": [-8, 0, -7],
							"size": [1, 2, 14],
							"uv": {
								"north": {"uv": [0, 0], "uv_size": [1, 2]},
								"east": {"uv": [0, 0], "uv_size": [14, 2]},
								"south": {"uv": [0, 0], "uv_size": [1, 1]},
								"west": {"uv": [0, 0], "uv_size": [14, 1]},
								"up": {"uv": [1, 14], "uv_size": [-1, -14]},
								"down": {"uv": [1, 14], "uv_size": [-1, -14]}
							}
						},
						{
							"origin": [-7, 0, -8],
							"size": [14, 2, 1],
							"uv": {
								"north": {"uv": [0, 0], "uv_size": [14, 2]},
								"east": {"uv": [0, 0], "uv_size": [1, 1]},
								"south": {"uv": [0, 0], "uv_size": [14, 1]},
								"west": {"uv": [0, 0], "uv_size": [1, 1]},
								"up": {"uv": [14, 1], "uv_size": [-14, -1]},
								"down": {"uv": [14, 1], "uv_size": [-14, -1]}
							}
						}
					]
				}
			]
		}
	]
}