{
	"format_version": "1.12.0",
	"minecraft:geometry": [
		{
			"description": {
				"identifier": "geometry.phyg_wings",
				"texture_width": 16,
				"texture_height": 16,
				"visible_bounds_width": 4,
				"visible_bounds_height": 2.25,
				"visible_bounds_offset": [0, 0.875, 0]
			},
			"bones": [
				{
					"name": "body",
					"pivot": [0, 13, 2]
				},
				{
					"name": "wing2",
					"parent": "body",
					"pivot": [-3, 16, 2.5],
					"rotation": [-90, -22.5, 0],
					"cubes": [
						{
							"origin": [-5, 16, -1.5],
							"size": [2, 16, 5.5],
							"uv": {
								"north": {"uv": [16, 0], "uv_size": [-1, 16]},
								"east": {"uv": [6, 0], "uv_size": [-6, 16]},
								"south": {"uv": [11, 0], "uv_size": [-2, 16]},
								"west": {"uv": [16, 0], "uv_size": [-6, 16]},
								"up": {"uv": [6, 11], "uv_size": [-2, 5]},
								"down": {"uv": [16, 10], "uv_size": [-1, -6]}
							}
						}
					]
				},
				{
					"name": "wing_edge2",
					"parent": "wing2",
					"pivot": [-4, 32, 2.5],
					"rotation": [0, 0, -157.5],
					"cubes": [
						{
							"origin": [-5, 32, -1.5],
							"size": [2, 16, 2],
							"inflate": 0.05,
							"uv": {
								"north": {"uv": [11, 0], "uv_size": [-2, 16]},
								"east": {"uv": [2, 0], "uv_size": [-2, 16]},
								"south": {"uv": [11, 0], "uv_size": [-2, 16]},
								"west": {"uv": [16, 0], "uv_size": [-3, 16]},
								"up": {"uv": [15, 14], "uv_size": [-2, 2]},
								"down": {"uv": [8, 2], "uv_size": [-0.5, -2]}
							}
						},
						{
							"origin": [-5, 31.48038, -1.2],
							"size": [2, 16, 2],
							"inflate": 0.04,
							"pivot": [-4, 32, 2.5],
							"rotation": [-15, 0, 0],
							"uv": {
								"north": {"uv": [11, 0], "uv_size": [-2, 16]},
								"east": {"uv": [5, 0], "uv_size": [-2, 16]},
								"south": {"uv": [11, 0], "uv_size": [-2, 16]},
								"west": {"uv": [11, 0], "uv_size": [-3, 16]},
								"up": {"uv": [11, 7], "uv_size": [-2, 2]},
								"down": {"uv": [8, 2], "uv_size": [-0.5, -2]}
							}
						},
						{
							"origin": [-5, 31.23038, -0.76699],
							"size": [2, 16, 2],
							"inflate": 0.03,
							"pivot": [-4, 32, 2.5],
							"rotation": [-30, 0, 0],
							"uv": {
								"north": {"uv": [11, 0], "uv_size": [-2, 16]},
								"east": {"uv": [5, 0], "uv_size": [-2, 16]},
								"south": {"uv": [11, 0], "uv_size": [-2, 16]},
								"west": {"uv": [11, 0], "uv_size": [-3, 16]},
								"up": {"uv": [11, 7], "uv_size": [-2, 2]},
								"down": {"uv": [8, 2], "uv_size": [-0.5, -2]}
							}
						},
						{
							"origin": [-5, 30.89259, -0.39835],
							"size": [2, 16, 2],
							"inflate": 0.02,
							"pivot": [-4, 32, 2.5],
							"rotation": [-47.5, 0, 0],
							"uv": {
								"north": {"uv": [11, 0], "uv_size": [-2, 16]},
								"east": {"uv": [5, 0], "uv_size": [-2, 16]},
								"south": {"uv": [11, 0], "uv_size": [-2, 16]},
								"west": {"uv": [11, 0], "uv_size": [-3, 16]},
								"up": {"uv": [11, 7], "uv_size": [-2, 2]},
								"down": {"uv": [8, 2], "uv_size": [-0.5, -2]}
							}
						},
						{
							"origin": [-5, 30.70125, 0.06359],
							"size": [2, 16, 2],
							"inflate": 0.01,
							"pivot": [-4, 32, 2.5],
							"rotation": [-67.5, 0, 0],
							"uv": {
								"north": {"uv": [11, 0], "uv_size": [-2, 16]},
								"east": {"uv": [16, 0], "uv_size": [-2, 16]},
								"south": {"uv": [11, 0], "uv_size": [-2, 16]},
								"west": {"uv": [2, 0], "uv_size": [-2, 16]},
								"up": {"uv": [11, 7], "uv_size": [-2, 2]},
								"down": {"uv": [8, 2], "uv_size": [-0.5, -2]}
							}
						}
					]
				},
				{
					"name": "wing",
					"parent": "body",
					"pivot": [3, 16, 3],
					"rotation": [-90, 22.5, 0],
					"cubes": [
						{
							"origin": [3, 16, -1],
							"size": [2, 16, 5.5],
							"uv": {
								"north": {"uv": [15, 0], "uv_size": [1, 16]},
								"east": {"uv": [10, 0], "uv_size": [6, 16]},
								"south": {"uv": [9, 0], "uv_size": [2, 16]},
								"west": {"uv": [0, 0], "uv_size": [6, 16]},
								"up": {"uv": [4, 11], "uv_size": [2, 5]},
								"down": {"uv": [15, 10], "uv_size": [1, -6]}
							}
						}
					]
				},
				{
					"name": "wing_edge",
					"parent": "wing",
					"pivot": [4, 32, 3],
					"rotation": [0, 0, 157.5],
					"cubes": [
						{
							"origin": [3, 32, -1],
							"size": [2, 16, 2],
							"inflate": 0.05,
							"uv": {
								"north": {"uv": [9, 0], "uv_size": [2, 16]},
								"east": {"uv": [13, 0], "uv_size": [3, 16]},
								"south": {"uv": [9, 0], "uv_size": [2, 16]},
								"west": {"uv": [0, 0], "uv_size": [2, 16]},
								"up": {"uv": [13, 14], "uv_size": [2, 2]},
								"down": {"uv": [7.5, 2], "uv_size": [0.5, -2]}
							}
						},
						{
							"origin": [3, 31.48038, -0.7],
							"size": [2, 16, 2],
							"inflate": 0.04,
							"pivot": [4, 32, 3],
							"rotation": [-15, 0, 0],
							"uv": {
								"north": {"uv": [9, 0], "uv_size": [2, 16]},
								"east": {"uv": [8, 0], "uv_size": [3, 16]},
								"south": {"uv": [9, 0], "uv_size": [2, 16]},
								"west": {"uv": [3, 0], "uv_size": [2, 16]},
								"up": {"uv": [9, 7], "uv_size": [2, 2]},
								"down": {"uv": [7.5, 2], "uv_size": [0.5, -2]}
							}
						},
						{
							"origin": [3, 31.23038, -0.26699],
							"size": [2, 16, 2],
							"inflate": 0.03,
							"pivot": [4, 32, 3],
							"rotation": [-30, 0, 0],
							"uv": {
								"north": {"uv": [9, 0], "uv_size": [2, 16]},
								"east": {"uv": [8, 0], "uv_size": [3, 16]},
								"south": {"uv": [9, 0], "uv_size": [2, 16]},
								"west": {"uv": [3, 0], "uv_size": [2, 16]},
								"up": {"uv": [9, 7], "uv_size": [2, 2]},
								"down": {"uv": [7.5, 2], "uv_size": [0.5, -2]}
							}
						},
						{
							"origin": [3, 30.89259, 0.10165],
							"size": [2, 16, 2],
							"inflate": 0.02,
							"pivot": [4, 32, 3],
							"rotation": [-47.5, 0, 0],
							"uv": {
								"north": {"uv": [9, 0], "uv_size": [2, 16]},
								"east": {"uv": [8, 0], "uv_size": [3, 16]},
								"south": {"uv": [9, 0], "uv_size": [2, 16]},
								"west": {"uv": [3, 0], "uv_size": [2, 16]},
								"up": {"uv": [9, 7], "uv_size": [2, 2]},
								"down": {"uv": [7.5, 2], "uv_size": [0.5, -2]}
							}
						},
						{
							"origin": [3, 30.70125, 0.56359],
							"size": [2, 16, 2],
							"inflate": 0.01,
							"pivot": [4, 32, 3],
							"rotation": [-67.5, 0, 0],
							"uv": {
								"north": {"uv": [9, 0], "uv_size": [2, 16]},
								"east": {"uv": [0, 0], "uv_size": [2, 16]},
								"south": {"uv": [9, 0], "uv_size": [2, 16]},
								"west": {"uv": [14, 0], "uv_size": [2, 16]},
								"up": {"uv": [9, 7], "uv_size": [2, 2]},
								"down": {"uv": [7.5, 2], "uv_size": [0.5, -2]}
							}
						}
					]
				}
			]
		}
	]
}