{
	"format_version": "1.16.100",
	"minecraft:item": {
		"description": {
			"identifier": "dm2:minotaur_horn",
			"category": "nature"
		},
		"components": {
			"minecraft:max_stack_size": 64,
   "minecraft:weapon":{},
			"minecraft:allow_off_hand": false,
			"minecraft:hand_equipped": true,
			"minecraft:creative_category": {
				"parent": "itemGroup.name.no"
			},
			"minecraft:can_destroy_in_creative": true,
			"minecraft:icon": {
				"texture": "minotaur_horn"
			},
			"minecraft:render_offsets": "apple",
			"minecraft:display_name": {}
	}
}
}