{
	"format_version": "1.16.100",
	"minecraft:item": {
		"description": {
			"identifier": "dm2:minotaur_axe",
			"category": "equipment"
		},
		"components": {
			"minecraft:max_stack_size": 1,
			"minecraft:enchantable": {
				"value": 9,
				"slot": "sword"
			},
   "minecraft:weapon":{},
			"minecraft:allow_off_hand": false,
			"minecraft:hand_equipped": true,
			"minecraft:creative_category": {
				"parent": "itemGroup.name.axe"
			},
			"minecraft:can_destroy_in_creative": true,
			"minecraft:icon": {
				"texture": "minotaur_axe"
			},
						"minecraft:digger": {
							"use_efficiency": true,
					"destroy_speeds": [
					{
						"block": {
							"tags": "q.any_tag('wood', 'pumpkin', 'plant')"
						},
						"speed": 100
					},
					{
						"block": "minecraft:chest",
						"speed": 100
					},
						{
						"block": "minecraft:melon_block",
						"speed": 100
					},
						{
						"block": "minecraft:bookshelf",
						"speed": 100
					},
						{
						"block": "minecraft:lectern",
						"speed": 100
					},
						{
						"block": "minecraft:pumkin",
						"speed": 100
					}
				]
			},
			"minecraft:render_offsets": "tools",
			"minecraft:display_name": {},
			"minecraft:damage": 15
	}
}
}