{
  "format_version": [
    1,
    1,
    0
  ],
      "dm2:aether_protection": {
    "textures": "sky"
  }, 
        "dm2:aether_protection_floor": {
    "textures": "sky"
  }, 
     "dm2:skyroot_crafting_table" : {
      "sound" : "wood",
      "textures" : {
         "down" : "skyroot_planks",
         "east" : "skyroot_crafting_table_side",
         "north" : "skyroot_crafting_table_front",
         "south" : "skyroot_crafting_table_front",
         "up" : "skyroot_crafting_table_top",
         "west" : "skyroot_crafting_table_side"
      }
   },
      "dm2:skyroot_planks": {
    "sound": "wood",
    "textures": "skyroot_planks"
  },  
     "skyroot_log" : {
      "sound" : "wood",
      "textures" : {
         "down" : "skyroot_log_top",
         "side" : "skyroot_log_side",
         "up" : "skyroot_log_top"
      }
   },
  "dm2:skyroot_leaves": {
    "brightness_gamma" : 0.80,
    "sound": "grass",
    "textures": "skyroot_leaves",
      "isotropic" : {
         "down" : true,
         "up" : true
      }
  },  
    "dm2:skyroot_sapling": {
    "sound": "grass",
    "textures": "skyroot_sapling"
  }, 
        "dm2:skyroot_slab_upper": {
    "sound": "wood",
    "textures": "skyroot_planks"
  },   
      "dm2:skyroot_slab_lower": {
    "sound": "wood",
    "textures": "skyroot_planks"
  },  
  "dm2:aether_dirt": {
    "sound": "grass",
    "textures": "aether_dirt"
  },
  "dm2:aether_grass": {
    "isotropic": {
      "up": true,
      "down": true
    },
    "textures": {
      "up": "aether_grass_top",
      "down": "aether_dirt",
      "side": "aether_grass_side"
    },
    "sound": "grass"
  },
  "dm2:glowstone_bgm": {
    "sound": "glass",
    "textures": "glowstone"
  },
    "dm2:glowstone_portal_aether": {
    "sound": "glass",
    "textures": "glowstone"
  },
      "dm2:glowstone_portal_overworld": {
    "sound": "glass",
    "textures": "glowstone"
  },
  "dm2:mossy_quartz_bricks": {
    "sound": "stone",
    "textures": "mossy_quartz_bricks"
  },
    "dm2:labyrinth_wall": {
    "sound": "netherite",
    "textures": "labyrinth_wall"
  },
      "dm2:labyrinth_phase_trap": {
    "sound": "netherite",
    "textures": "labyrinth_wall"
  },
        "dm2:minotaur_boss_summon": {
    "sound": "stone",
    "textures": "minotaur_boss_summon"
  },
          "dm2:pedestal": {
    "sound": "stone",
    "textures": "polished_blackstone"
  },
  "dm2:aether_portal": {
    "sound": "stone"
  },
  "dm2:aether_egg_block": {
    "sound": "stone",
    "textures": "aether_egg"
  },
  "dm2:fire_egg_block": {
    "sound": "stone"
  },
  "dm2:forest_egg_block": {
    "sound": "stone"
  },
  "dm2:ice_egg_block": {
    "sound": "stone"
  },
  "dm2:nether_egg_block": {
    "sound": "stone"
  },
  "dm2:skeleton_egg_block": {
    "sound": "stone"
  },
  "dm2:water_egg_block": {
    "sound": "stone"
  },
  "dm2:glowstone_torch": {
    "sound": "stone"
  }
}