{
  "entity_sounds": {
    "entities": {  
      //dragon bosses
      "dm2:aether": {
        "volume": 1.1,
        "pitch": [ 0.96, 1.0 ],
        "events": { 
          "death": {
            "sound": "mob.enderdragon.death",
            "volume": 5.0,
            "pitch": 1.0
          },  
          "hurt": {
            "sound": "mob.enderdragon.hit",
            "volume": 2.0,
            "pitch": [ 0.34, 0.94 ]
          },
          "step": {
            "sound": "mob.dragonbase.step",
            "volume": 2.0,
            "pitch": 1.0
          }
        }
      }, 
         "dm2:better_ender_dragon" : {
            "events" : {
               "death" : "mob.enderdragon.death",
               "flap" : "mob.enderdragon.flap",
               "hurt" : "mob.enderdragon.hit",
               "mad" : "mob.enderdragon.growl"
            },
            "pitch" : [ 0.80, 1.20 ],
            "volume" : 80.0
         },
//aether
      "dm2:tamableaether": {
        "volume": 1.1,
        "pitch": [ 0.96, 1.0 ],
        "events": { 
          "death": {
            "sound": "mob.enderdragon.death",
            "volume": 5.0,
            "pitch": 1.0
          },  
          "roar": {
            "sound": "mob.dragonbase.roar",
            "volume": 8.0,
            "pitch": 1.0
          },
          "hurt": {
            "sound": "mob.enderdragon.hit",
            "volume": 2.0,
            "pitch": [ 0.34, 0.94 ]
          },
          "step": {
            "sound": "mob.dragonbase.step",
            "volume": 2.0,
            "pitch": 1.0
          }
        }
      },
            "dm2:f_tamableaether": {
        "volume": 1.1,
        "pitch": [ 0.96, 1.0 ],
        "events": { 
          "death": {
            "sound": "mob.enderdragon.death",
            "volume": 5.0,
            "pitch": 1.0
          },  
          "roar": {
            "sound": "mob.dragonbase.roar",
            "volume": 8.0,
            "pitch": 1.0
          },
          "hurt": {
            "sound": "mob.enderdragon.hit",
            "volume": 2.0,
            "pitch": [ 0.34, 0.94 ]
          },
          "step": {
            "sound": "mob.dragonbase.step",
            "volume": 2.0,
            "pitch": 1.0
          }
        }
      },
               "dm2:flying_cow" : {
            "events" : {
               "ambient" : "mob.cow.say",
               "death" : "mob.cow.hurt",
               "hurt" : "mob.cow.hurt",
               "step" : {
                  "pitch" : [ 0.90, 1.10 ],
                  "sound" : "mob.cow.step",
                  "volume" : 0.650
               }
            },
            "pitch" : [ 0.80, 1.20 ],
            "volume" : 1.0
         },
            "dm2:aether_bgm_1": {
        "volume": 100.0,
        "pitch": [ 0.8, 1.2 ],
        "events": { 
          "spawn": {
            "sound": "bgm.aether.1",
            "volume": 1000.0,
            "pitch": 1.0
          }
        }
      },
                  "dm2:aether_bgm_2": {
        "volume": 100.0,
        "pitch": [ 0.8, 1.2 ],
        "events": { 
          "spawn": {
            "sound": "bgm.aether.2",
            "volume": 1000.0,
            "pitch": 1.0
          }
        }
      },
                  "dm2:aether_bgm_3": {
        "volume": 100.0,
        "pitch": [ 0.8, 1.2 ],
        "events": { 
          "spawn": {
            "sound": "bgm.aether.3",
            "volume": 1000.0,
            "pitch": 1.0
          }
        }
      },
                  "dm2:aether_bgm_4": {
        "volume": 100.0,
        "pitch": [ 0.8, 1.2 ],
        "events": { 
          "spawn": {
            "sound": "bgm.aether.4",
            "volume": 1000.0,
            "pitch": 1.0
          }
        }
      },
//labyrinth
      "dm2:minotaur": {
        "volume": 1.1,
        "pitch": [ 0.96, 1.0 ],
        "events": { 
           "spawn": {
            "sound": "dm2.minotaur.boss_music",
            "volume": 8.0,
            "pitch": 1.0
          },
          "ambient": {
            "sound": "mob.endrdragon.growl",
            "volume": 8.0,
            "pitch": [ 0.94, 0.96 ]
          },
          "death": {
            "sound": "mob.enderdagon.death",
            "volume": 5.0,
            "pitch": 1.0
          },  
          "roar": {
            "sound": "mob.dragonase.roar",
            "volume": 8.0,
            "pitch": 1.0
          },
          "hurt": {
            "sound": "mob.enderdrgon.hit",
            "volume": 2.0,
            "pitch": [ 0.34, 0.94 ]
          },
          "step": {
            "sound": "mob.dragonbse.step",
            "volume": 2.0,
            "pitch": 1.0
          }
        }
      }
    }
  }
}