{
  "format_version": "1.14.0",
  "minecraft:entity": {
    "description": {
      "identifier": "dm2:f_tamablenether",
      "is_spawnable": false,
      "is_summonable": true,
      "is_experimental": false, 
      "scripts": {
        "animate": [ "reset_dragon_levitation", "dragon_speed_reset" ]
      }, 
      "animations": {
        "reset_dragon_levitation": "controller.animation.reset_dragon_levitation",
        "dragon_speed_reset": "controller.animation.dragon_speed_reset"
      }
    },
    "component_groups": {
      "untamed_adult": {
              "minecraft:tameable": {
          "probability": 1,
          "tameItems": [
            "salmon"
          ],
          "tame_event": {
            "event": "minecraft:on_tame_adult",
            "target": "self"
          }
        }
      },
            "untamed_baby": {
              "minecraft:tameable": {
          "probability": 1,
          "tameItems": [
            "salmon"
          ],
          "tame_event": {
            "event": "minecraft:on_tame_baby",
            "target": "self"
          }
        }
      },
                  "tamed_adult": {
                         "minecraft:behavior.breed": {
          "priority": 3,
          "speed_multiplier": 1.0
        },
        "minecraft:breedable": {
          "require_tame": true,
          "breeds_with": {
            "mate_type": "dm2:tamablenether",
            "baby_type": "dm2:nether_egg",
            "breed_event": {
              "event": "minecraft:entity_born",
              "target": "baby"
            }
          },
          "breed_items": [
            "salmon"
          ]
        },
                 "minecraft:rideable": {
            "rider_can_interact": true,
          "seat_count": 1,
          "crouching_skip_interact": true,
          "interact_text": "action.interact.mount",
          "family_types": [
            "player"
          ],
          "seats": {
            "position": [ 0.0, 1.6, 0.4 ]
          } 
        }
      },
      "air":{
        "minecraft:movement": {
          "value": 1.5
        }
      },
           "ground":{
        "minecraft:movement": {
          "value": 0.3
        }
      },
      "tamableaether_gravity_true":{
        "minecraft:physics": {
          "has_gravity": true
        }
      },
      "tamableaether_gravity_false":{
        "minecraft:physics": {
          "has_gravity": false
        }
      }, 
      "template:justgotspawned": {
        "minecraft:spell_effects": {
          "add_effects": [
            {
              "effect": "slow_falling",
              "duration": 99999,
              "amplifier": 20,
              "visible": 0,
              "ambient": 0,
              "display_on_screen_animation": false
            }
          ]
        }
      },
      "breath": {
        "minecraft:spawn_entity": [
          {
          "min_wait_time": 0.2,
          "max_wait_time": 0.2,
          "single_use": false,
          "spawn_entity": "dm2:netherbreath",
          "num_to_spawn": 1,
          "should_leash": false
        }
      ],
        "minecraft:is_charged":{},
        "minecraft:timer": {
          "time": 2.5,
          "looping": true,
          "time_down_event": {
            "event": "backtonormal",
            "target": "self"
          }
        }
      },
      "tame":{
    "minecraft:behavior.float": {
        "priority": 1.0
      },
     "minecraft:type_family": {
          "family": [ "dragon", "mob" ]
        },

        "minecraft:equippable": {
          "slots": [
            {
              "slot": 0,
              "item": "saddle",
              "accepted_items": ["saddle"],
              "on_equip": {
                "event": "saddled"
              },
              "on_unequip": {
                "event": "unsaddled"
              }
            },
       {
            "slot": 1,
            "item": "dm2:ddragonarmor",
            "accepted_items": [
              "dm2:edragonarmor",
              "dm2:ddragonarmor",
              "dm2:gdragonarmor",
              "dm2:idragonarmor"
            ]
          },   
            {
              "slot": 2,
              "item": "chest",
              "accepted_items": ["chest"], 
              "on_equip": {
                "event": "chested"
              },
              "on_unequip": {
                "event": "unchested"
              }
            }
          ]
        },
        "minecraft:is_tamed": {
        },
        "minecraft:health": {
          "value": 200,
          "max": 200
        },
       "minecraft:interact": {
          "interactions": [
          { 
            "cooldown": 600,
            "use_item": false,
            "hurt_item": 1,
            "spawn_items": { "table": "loot_tables/entities/nether/nether_shears.json" }, 
            "play_sounds": "shear",
            "interact_text": "action.interact.shear",
            "on_interact": {
              "filters": {
                "all_of": [
                  { "test": "has_equipment", "subject": "other", "domain": "hand", "value": "dm2:diamond_shears"},
                  { "test" :  "is_family", "subject" : "other", "value" :  "player"},
                  { "test" :  "has_component", "operator": "!=", "value" :  "minecraft:is_baby"}
                ] 
              },
              "event": "minecraft:on_sheared",
              "target": "self"
            }
          }, 
            {
              "play_sounds": "dm2.dragon.firebreath",
              "on_interact": {
                "filters": {
                  "all_of": [
                    { "test" :  "is_family", "subject" : "other", "value" :  "player"},
                    { "test" :  "has_equipment", "domain": "hand","subject" : "other", "value" :  "dm2:dragon_whistle"}
                  ]
                },  
                "event": "breathbegin",
                "target": "self"
              },
              "use_item": false,
              "interact_text": "Breath"
           }
         ] 
       },    
        "minecraft:behavior.follow_owner": {
          "priority": 6,
          "speed_multiplier": 1.0,
          "start_distance": 10,
          "stop_distance": 2
        },
        "minecraft:behavior.owner_hurt_by_target": {
          "priority": 1
        },
        "minecraft:behavior.owner_hurt_target": {
          "priority": 1
        },
        "minecraft:behavior.nearest_attackable_target": {
          "priority": 5,
          "attack_interval": 10,
          "entity_types": [
            {
              "filters": { "test" :  "is_family", "subject" : "other", "value" :  "monster"},
              "max_dist": 16
            }
          ],
          "must_see": true
        },

        "minecraft:sittable": {
        },
        "minecraft:leashable": {
          "soft_distance": 4.0,
          "hard_distance": 6.0,
          "max_distance": 10.0,
          "on_leash": {
            "event": "minecraft:on_leash",
            "target": "self"
          },
          "on_unleash": {
            "event": "minecraft:on_unleash",
            "target": "self"
          }
        },
      "minecraft:inventory": {
        "inventory_size": 18,
        "container_type": "horse"
       }
      },
      "saddled":{
        "minecraft:is_saddled": {
        },
        "minecraft:input_ground_controlled": {
        },
        "minecraft:behavior.player_ride_tamed": {
        },
        "minecraft:horse.jump_strength": {
    "value": 0
},
"minecraft:can_power_jump": {}
      },
      "chested": {
        "minecraft:is_chested": {
        }
      },
      "dragon_leashed": {
        "minecraft:behavior.move_towards_restriction": {
          "priority": 2,
          "speed_multiplier": 0.6
        }
      },
      "minecraft:pig_zombie_baby": {
     "minecraft:scale_by_age": {
          "start_scale": 0.2,
          "end_scale": 2
        },
      "minecraft:type_family": {
        "family": [ "baby_dragon" ]
      },
        "minecraft:ageable": {
          "duration": 1200,
          "feed_items": [
            {
              "item": "cod",
              "growth": 0.05
            }
          ],
          "grow_up": {
            "event": "minecraft:ageable_grow_up",
            "target": "self"
          }
        }
      },
      "minecraft:pig_zombie_adult": {
      "minecraft:scale": {
        "value": 2
      }
          },
      "minecraft:pig_zombie_angry": {
        "minecraft:angry": {
          "duration": 25,
          "broadcastAnger": false,
          "broadcastRange": 20,
          "calm_event": {
            "event": "minecraft:on_calm",
            "target": "self"
          }
        }
      },
      "minecraft:pig_zombie_calm": {
        "minecraft:on_target_acquired": {
          "event": "minecraft:become_angry",
          "target": "self"
        }
      }
    },

    "components": {
      "minecraft:behavior.follow_mob": {
        "priority": 6,
        "entity_types": [
          {
            "filters": {
              "test": "is_family",
              "subject": "other",
              "value": "kdragon"
            },
            "max_dist": 6,
            "walk_speed_multiplier": 1.2,
            "sprint_speed_multiplier": 1.2
          }
        ]
      },
        "minecraft:loot": {
          "table": "loot_tables/entities/nether/nether.json"
        },
     "minecraft:jump.static": {
      },
   "minecraft:horse.jump_strength": {
    "value": 0
},
"minecraft:can_power_jump": {},
      "minecraft:breathable": {
        "totalSupply": 15,
        "suffocateTime": 0,
        "breathesWater": true
      },
      "minecraft:knockback_resistance": {
        "value": 1.0
      },
     "minecraft:damage_sensor": {
        "triggers": {
          "cause": "fall",
          "deals_damage": false
        }
      },
      "minecraft:boostable": {
        "speed_multiplier": 6.0,
        "effect": "levitation",
        "durationeasy": 200,
        "durationnormal": 200,
        "durationhard": 200,
        "amplifier": 2,
        "duration": 43.0,
        "boost_items": [
          {
            "item": "carrotOnAStick",
            "item_damage": 0,
            "replaceItem": "fishing_rod"
          }
        ]
      },
      "minecraft:collision_box": {
        "width": 1.0,
        "height": 3.4
      },
      "minecraft:nameable": {
      },
      "minecraft:healable": {
        "items": [
          {
            "item": "porkchop",
            "heal_amount": 3
          },
          {
            "item": "cooked_porkchop",
            "heal_amount": 8
          },
          {
            "item": "fish",
            "heal_amount": 2
          },
          {
            "item": "salmon",
            "heal_amount": 2
          },
          {
            "item": "clownfish",
            "heal_amount": 1
          },
          {
            "item": "pufferfish",
            "heal_amount": 1
          },
          {
            "item": "cooked_fish",
            "heal_amount": 5
          },
          {
            "item": "cooked_salmon",
            "heal_amount": 6
          },
          {
            "item": "beef",
            "heal_amount": 3
          },
          {
            "item": "cooked_beef",
            "heal_amount": 8
          },
          {
            "item": "chicken",
            "heal_amount": 2
          },
          {
            "item": "cooked_chicken",
            "heal_amount": 6
          },
          {
            "item": "muttonRaw",
            "heal_amount": 2
          },
          {
            "item": "muttonCooked",
            "heal_amount": 6
          },
          {
            "item": "rotten_flesh",
            "heal_amount": 4
          },
          {
            "item": "rabbit",
            "heal_amount": 3
          },
          {
            "item": "cooked_rabbit",
            "heal_amount": 5
          },
          {
            "item": "rabbit_stew",
            "heal_amount": 10
          }
        ]
      },
      "minecraft:behavior.stay_while_sitting": {
        "priority": 3
      },
      "minecraft:underwater_movement": {
        "value": 0.12
      },
      "minecraft:follow_range": {
        "value": 32,
        "max": 32
      },
      "minecraft:can_climb": {
      },
     "minecraft:navigation.walk": {
        "can_path_over_water": true,
        "avoid_water": true
      },
      "minecraft:fire_immune": true,
      "minecraft:burns_in_daylight": false,
      "minecraft:health": {
        "value": 250,
        "max": 250
      },
      "minecraft:attack": {
        "damage": 10
      },
      "minecraft:behavior.break_door": {
        "priority": 1
      },
      "minecraft:behavior.mount_pathing": {
        "priority": 2,
        "speed_multiplier": 1.25,
        "target_dist": 0,
        "track_target": true
      },
      "minecraft:behavior.melee_attack": {
        "priority": 3,
        "speed_multiplier": 1.1,
        "track_target": false
      },
        "minecraft:behavior.nearest_attackable_target": {
          "priority": 5,
          "attack_interval": 10,
          "entity_types": [
            {
              "filters": { "test" :  "is_family", "subject" : "other", "value" :  "minotaur"},
              "max_dist": 16
            }
          ],
          "must_see": true
        },
      "minecraft:behavior.move_towards_restriction": {
        "priority": 5
      },
      "minecraft:behavior.random_stroll": {
        "priority": 7,
        "speed_multiplier": 1.0
      },
      "minecraft:behavior.look_at_player": {
        "priority": 8,
        "look_distance": 6.0,
        "probability": 0.02
      },
      "minecraft:behavior.random_look_around": {
        "priority": 6
      },
      "minecraft:behavior.hurt_by_target": {
        "priority": 1
      },
      "minecraft:physics": {
      }, 
     "minecraft:movement.basic": {
        
      },
                  "minecraft:environment_sensor": {
                "triggers": [
                    {
                        "filters": {
                            "all_of": [
                                { 
                                    "test": "on_ground",
                                    "subject": "self",
                                    "operator": "==",
                                    "value": true
                                }
                            ]
                        },
                        "event": "ground"
                    },
                    {
                        "filters": {
                            "all_of": [
                                { 
                                    "test": "on_ground",
                                    "subject": "self",
                                    "operator": "==",
                                    "value": false
                                }
                            ]
                        },
                        "event": "air"
                    }
                ]
            }
    },
    "events": {
           "air": {
        "remove": {
          "component_groups": [
            "ground"
          ]
        },
          "add": {
          "component_groups": [
            "air"
          ]
        }
      },
             "ground": {
        "remove": {
          "component_groups": [
            "air"
          ]
        },
          "add": {
          "component_groups": [
            "ground"
          ]
        }
      },
      "minecraft:entity_born": {
        "remove": {
          "component_groups": [
            "minecraft:pig_zombie_adult",
            "minecraft:pig_zombie_calm"
          ]
        },
        "add": {
          "component_groups": [
            "minecraft:pig_zombie_baby",
            "minecraft:pig_zombie_calm",
            "untamed_baby"
          ]
        }
      },
      "minecraft:ageable_grow_up": {
        "remove": {
          "component_groups": [
            "minecraft:pig_zombie_baby",
            "minecraft:pig_zombie_calm"
          ]
        },
        "add": {
          "component_groups": [
            "minecraft:pig_zombie_adult",
        "minecraft:pig_zombie_calm", 
           "roaring",
           "tamed_adult"
          ]
        }
      },
      "minecraft:entity_spawned": {
        "randomize": [
          {
            "weight": 100,
            "remove": {
            },
            "add": {
              "component_groups": [
                "ground",
       "template:justgotspawned",
                "minecraft:pig_zombie_adult",
                "minecraft:pig_zombie_calm", 
           "roaring",
           "untamed_adult"
              ]
            }
          },
          {
            "weight": 0,
            "remove": {
            },
            "add": {
              "component_groups": [
                "minecraft:pig_zombie_baby",
                "minecraft:pig_zombie_calm",
                "untamed_baby"
              ]

            }
          }
        ]
      },
      "on_chest": {
        "remove": {
          "component_groups": [
            "unchested"
          ]
        },
        "add": {
          "component_groups": [
            "chested"
          ]
        }
      },
      "breathbegin": {
        "add": {
          "component_groups": [
            "breath"
          ]
        } 
      },
      "backtonormal": {
        "remove": {
          "component_groups": [
            "breath"
          ]
        }
      },
      "remove": {
        "remove": {
          "component_groups": [
            "earmored", 
            "darmored", 
            "garmored",
            "iarmored"
          ]
        }
      },
      "darmored": {
        "add": {
          "component_groups": [
            "darmored"
          ]
        },
        "remove": {
          "component_groups": [
            "earmored", 
            "garmored",
            "iarmored"
          ]
        }
      },
      "earmored": {
        "add": {
          "component_groups": [
            "earmored"
          ]
        }, 
        "remove": {
          "component_groups": [
            "darmored", 
            "garmored",
            "iarmored"
          ]
        }
      },
      "iarmored": {
        "add": {
          "component_groups": [
            "iarmored"
          ]
        }, 
        "remove": {
          "component_groups": [
            "darmored", 
            "garmored",
            "earmored"
          ]
        }
      },
      "garmored": {
        "add": {
          "component_groups": [
            "garmored"
          ]
        }, 
        "remove": {
          "component_groups": [
            "darmored", 
            "earmored",
            "iarmored"
          ]
        }
      },
      "chested": {
        "add": {
          "component_groups": [
            "chested"
          ]
        }
      },
      "unchested": {
        "remove": {
          "component_groups": [
            "chested"
          ]
        }
      },
      "unsaddled": {
        "remove": {
          "component_groups": [
            "saddled"
          ]
        }
      },
      "saddled": {
        "add": {
          "component_groups": [
            "saddled"
          ]
        }
      },
      "minecraft:on_tame_adult": {
        "add": {
          "component_groups": [
            "tame",
            "tamed_adult"
          ]
        }
      },
            "minecraft:on_tame_baby": {
        "add": {
          "component_groups": [
            "tame",
            "tame_baby"
          ]
        }
      },
      "minecraft:on_leash": {
        "add": {
          "component_groups": [
            "dragon_leashed"
          ]
        }
      },
      "minecraft:on_unleash": {
        "remove": {
          "component_groups": [
            "dragon_leashed"
          ]
        }
      },
      "minecraft:on_calm": {
        "remove": {
          "component_groups": [
            "minecraft:pig_zombie_angry"
          ]
        },
        "add": {
          "component_groups": [
            "minecraft:pig_zombie_calm"
          ]
        }
      },
      "minecraft:become_angry": {
        "remove": {
          "component_groups": [
            "minecraft:pig_zombie_calm"
          ]
        },
        "add": {
          "component_groups": [
            "minecraft:pig_zombie_angry"
          ]
        }
      }
    }
  }
}
