{
  "format_version": "1.14.0",
  "minecraft:entity": {
    "description": {
      "identifier": "dm2:magma_dripper",
      "is_spawnable": true,
      "is_summonable": true,
      "is_experimental": false
    },

    "component_groups": {
      "no_target":{
        "minecraft:behavior.nap": {
          "priority": 0,
          "cooldown_min": 0.0,
          "cooldown_max": 0.2,
          "mob_detect_dist": 7,
          "mob_detect_height": 8,
          "can_nap_filters": {
            "all_of": [
              {
                "test": "has_target",
                "operator": "==",
                "value": false
              }
            ]
          }
      },
      "minecraft:environment_sensor": {
        "triggers": [
          {
            "filters": { "test": "has_target", "value": true },
            "event": "has_target"
          }
        ]
}
      },
      "ground":{
        "minecraft:movement":{
          "value": 0.3
        }
      },
      "flying":{
        "minecraft:movement":{
          "value": 1.8
        }
      },
      "flying2":{
        "minecraft:movement":{
          "value": 0.03
        }
      },
      "transform": {
        "minecraft:transformation": {
          "into": "dm2:magma_dripper.tame<minecraft:entity_spawned>"
        }
      },
      "attack_switcher": {
        "minecraft:timer": {
          "time": [
            10,
            15
          ],
          "looping": true,
          "time_down_event": {
            "event": "dm2:attack_switcher",
            "target": "self"
          }
        }
      },
"flying.melee":{
  "minecraft:movement.glide": {
    "start_speed": 1,
    "speed_when_turning": 1
  },
  "minecraft:behavior.swoop_attack": {
    "priority": 2,
    "delay_range": [ 1.0, 2.0 ]
  },
  "minecraft:behavior.circle_around_anchor": {
    "priority": 3,
    "radius_range": [ 5.0, 15.0 ],
    "radius_change_chance": 250,
    "height_above_target_range": [ 20.0, 40.0 ],
    "height_offset_range": [ -4.0, 5.0 ],
    "height_change_chance": 350,
    "goal_radius": 1.0
  }
},
"flying.ranged":{
  "minecraft:navigation.float": {
    "can_path_over_water": true
  },
  "minecraft:behavior.float": {
    "priority": 0
  },
  "minecraft:behavior.float_wander": {
    "priority": 2,
    "must_reach": true
  },
  "minecraft:shooter": {
    "def": "dm2:magma_flame"
  },
  "minecraft:behavior.ranged_attack": {
    "attack_radius": 128,
    "attack_interval_min": 1,
    "attack_interval_max": 3
  },
  "minecraft:is_sheared":{

  }
},
"land.melee":{
  "minecraft:navigation.walk": {
    "can_path_over_water": true,
    "can_path_over_lava": true
  },
  "minecraft:movement.basic": {
  },
  "minecraft:behavior.random_stroll": {
    "priority": 4,
    "speed_multiplier": 1.0
  },
  "minecraft:behavior.melee_attack": {
    "priority": 3,
    "speed_multiplier": 1.1,
    "track_target": true,
    "reach_multiplier": 1.0
  }
},
"land.summon":{
  "minecraft:navigation.walk": {
    "can_path_over_water": true,
    "can_path_over_lava": true
  },
  "minecraft:movement.basic": {
    "max_turn": 1
  },
  "minecraft:behavior.random_stroll": {
    "priority": 4,
    "speed_multiplier": 1.0
  },
  "minecraft:behavior.knockback_roar": {   
    "priority": 1,
    "duration": 5.2,
    "attack_time": 5.2,
    "knockback_damage": 0,
    "knockback_strength": 0,
    "knockback_range": 0,
    "cooldown_time": 120
  },
  "minecraft:behavior.summon_entity": {
    "priority": 2,

    "summon_choices": [
      {
        "min_activation_range": 3.0,
        "weight": 3,
        "cooldown_time": 5.0,
        "cast_duration": 3.92,
        "particle_color": "#FF664D59",
        "start_sound_event": "cast.spell",
        "sequence": [
          {
            "shape": "line",
            "target": "self",
            "base_delay": 1.0,
            "delay_per_summon": 0.05,
            "num_entities_spawned": 16,
            "entity_type": "dm2:magma_spikes",
            "size": 20,
            "entity_lifespan": 1.1
          }
        ]
      },
      {
        "weight": 1,
        "cooldown_time": 17.0,
        "cast_duration": 3.92,
        "particle_color": "#FFB3B3CC",
        "sequence": [
          {
            "shape": "circle",
            "target": "self",
            "base_delay": 5.0,
            "num_entities_spawned": 3,
            "entity_type": "dm2:magma",
            "summon_cap": 8,
            "summon_cap_radius": 16.0,
            "size": 1.0,
            "sound_event": "prepare.summon"
          }
        ]
      }
    ]
  }
}
    },

    "components": {
                "minecraft:boss": {
"should_darken_sky": false,
"name": "Magma Dripper",
"hud_range": 20
},
"minecraft:spell_effects": {
  "add_effects": [
    {
      "effect": "resistance",
      "duration": 99999,
      "amplifier": 1,
      "visible": 0,
      "ambient": 0,
      "display_on_screen_animation": false
    }
  ]
},
"minecraft:behavior.rise_to_liquid_level": {
  "priority": 0,
  "liquid_y_offset": 0.25,
  "rise_delta": 0.01,
  "sink_delta": 0.01
},
"minecraft:break_blocks": {
  "breakable_blocks": [
    "netherrack",
    "blackstone",
    "ancient_debris",
    "gilded_blackstone"
  ]
},
"minecraft:lava_movement": {
  "value": 0.64
},
      "minecraft:experience_reward": {
        "on_death": "query.last_hit_by_player ? 50 : 0"
      },
      "minecraft:type_family": {
        "family": [ "nether", "dragon","mob", "monster", "ancient" ]
      },
      "minecraft:loot": {
        "table": "loot_tables/entities/nether/magma_dripper.json"
      },
      "minecraft:jump.static": {
      },
      "minecraft:nameable": {
      },
      "minecraft:health": {
        "value": 400,
        "max": 400
      },
      "minecraft:hurt_on_condition": {
        "damage_conditions": [
          {
            "filters": { "test": "in_lava", "subject": "self", "operator": "==", "value": true },
            "cause": "lava",
            "damage_per_tick": 4
          }
        ]
      },
      "minecraft:pushable": {
        "is_pushable": true,
        "is_pushable_by_piston": true
      },
      "minecraft:tameable": {
        "probability": 0.005,
        "tameItems": [
          "magma"
        ],
        "tame_event": {
          "event": "dm2:transform",
          "target": "self"
        }
      },
      "minecraft:attack": {
        "damage": 30
      },
      "minecraft:breathable": {
        "total_supply": 15,
        "suffocate_time": 0,
        "breathes_air": true,
        "breathes_water": false
      },
      "minecraft:collision_box": {
        "width": 2.5,
        "height": 2.5
      },
      "minecraft:behavior.look_at_player": {
        "priority": 4,
        "target_distance": 6.0,
        "probability": 0.02
      },
      "minecraft:behavior.hurt_by_target": {
        "priority": 0
      },
            "minecraft:scale": {
        "value": 2
      },
      "minecraft:fire_immune": {
      },
      "minecraft:fall_damage": {
        "value": 0.0
      },
      "minecraft:damage_sensor": {
        "triggers": [
          {
          "cause": "fall",
          "deals_damage": false
          },
          {
            "cause": "magic",
            "deals_damage": false
            }
        ]
      },
      "minecraft:follow_range": {
        "value": 128,
        "max": 128
      },
      "minecraft:behavior.nearest_attackable_target": {
        "priority": 1,
        "within_radius": 128,
        "reselect_targets": true,
       "entity_types": [
            {
              "filters": {
                "any_of": [
                  {
                    "test": "is_family",
                    "subject": "other",
                    "value": "player"
                  },
                  {
                    "test": "is_family",
                    "subject": "other",
                    "value": "snowgolem"
                  },
                  {
                    "test": "is_family",
                    "subject": "other",
                    "value": "irongolem"
                  },
                                    {
                    "test": "is_family",
                    "subject": "other",
                    "value": "minotaur"
                  },
                  {
                    "test": "is_family",
                    "subject": "other",
                    "value": "magmacube"
                  },
                  {
                    "test": "is_family",
                    "subject": "other",
                    "value": "netherdragon"
                  }
                ]
              },
              "max_dist": 128
            }
          ],
          "must_see": false,
          "must_see_forget_duration": 0.5,
          "scan_interval": 20,
          "target_search_height": 80.0
      },
      "minecraft:physics": {
        "has_collision": true,
        "has_gravity": true
    } 
    },
    "events": {
      "minecraft:entity_spawned": {
        "add": {
          "component_groups": [
            "no_target"
          ]
        }
      },
      "dm2:transform": {
        "add": {
          "component_groups": [
            "transform"
          ]
        }
      },
      "dm2:attack_switcher": {
        "randomize": [
          {
            "weight": 25,
            "remove": {
              "component_groups": [
                "flying.ranged",
                "land.melee",
                "land.summon",
                "flying2",
                "ground"
              ]
            },
            "add": {
              "component_groups": [
                "flying.melee",
                "flying"
              ]
            }
          },
          {
            "weight": 30,
            "remove": {
              "component_groups": [
                "flying.melee",
                "land.melee",
                "land.summon",
                "flying",
                "ground"
              ]
            },
            "add": {
              "component_groups": [
                "flying.ranged",
                "flying2"
              ]

            }
          },
          {
            "weight": 25,
            "remove": {
              "component_groups": [
                "flying.melee",
                "flying.ranged",
                "land.summon",
                "flying",
                "flying2"
              ]
            },
            "add": {
              "component_groups": [
                "land.melee",
                "ground"
              ]

            }
          },
          {
            "weight": 20,
            "remove": {
              "component_groups": [
                "flying.melee",
                "flying.ranged",
                "land.melee",
                "flying",
                "flying2"
              ]
            },
            "add": {
              "component_groups": [
                "land.summon",
                "ground"
              ]

            }
          }
        ]
      },
      "has_target": {
        "remove": {
          "component_groups": [
            "no_target"
          ]
        },
        "add": {
          "component_groups": [
            "attack_switcher",
            "ground",
            "land.melee"
          ]
        }
      },
      "test": {
        "add": {
          "component_groups": [
            "flying2",
            "flying.ranged"
          ]
        }
      }
    }
  }
}