{
  "format_version": "1.8.0",
  "minecraft:entity": {
    "description": {
      "identifier": "dm2:nether_egg",
      "is_spawnable": false,

      "is_summonable": true,

      "is_experimental": false
    },
    "component_groups": {
      "cracking": {
              "minecraft:timer": {
    "looping": false,
    "time": 60,
    "time_down_event": {
        "event": "hatch",
        "target": "self"
    }
},
"minecraft:is_sheared":{}
      },
            "entity_spawned": {
              "minecraft:timer": {
    "looping": false,
    "time": 1200,
    "time_down_event": {
        "event": "start_cracking",
        "target": "self"
    }
}
      },
      "dragon_m": {
        "minecraft:transformation": {
          "into": "dm2:tamablenether<minecraft:entity_born>",
          "delay": {
            "value": 0
          }
        }
    }, 
      "dragon_f": {
        "minecraft:transformation": {
          "into": "dm2:f_tamablenether<minecraft:entity_born>",
          "delay": {
            "value": 0
          }
        }
    }
      }, 
    "components": {
      "minecraft:type_family": {
        "family": [ "egg" ]
      },
      "minecraft:health": {
        "value": 20,
        "max": 20
      },
      "minecraft:is_stackable":{},

      "minecraft:movement.basic": {
      },
      "minecraft:movement": {
        "value": 0.0
      },
      "minecraft:knockback_resistance": {
        "value": 100,
        "max": 100
      },
      "minecraft:push_through": {
      "value": 1
      },
        "minecraft:input_ground_controlled": {
      },
      "minecraft:behavior.controlled_by_player": {
      "priority": 0
      },
      "minecraft:fall_damage": {
      "value": 0.0
      },
      "minecraft:scale": {
        "value": 1.0
      },

      "minecraft:collision_box": {
        "width": 0.9,
        "height": 0.9
      },
      "minecraft:loot": {
        "table": "loot_tables/blocks/nether_egg_block.json"
      },
       "minecraft:pushable": {
        "is_pushable": false,
        "is_pushable_by_piston": false
      },
         "minecraft:physics": {
      }
    },
    "events": {
      "minecraft:entity_born": {
        "remove": {
        },
        "add": {
          "component_groups": [
            "entity_spawned"
          ]
        }
      },  
   "minecraft:entity_spawned": {
            "add": {
          "component_groups": [
            "entity_spawned"
          ]
        },
                "remove": {
        }
      },
      "start_cracking": {
        "remove": {
        },
        "add": {
          "component_groups": [
            "cracking"
          ]
        }
      },  
      "hatch": {
        "randomize": [
          {
            "weight": 50,
            "add": {
              "component_groups": [
                "dragon_m"
              ]
            }
          },
          {
            "weight": 50,
            "add": {
              "component_groups": [
                "dragon_f"
              ]
            }
          }
        ] 
      }
    }
  }
} 