{
  "format_version": "1.13.0",
  "minecraft:entity": {
    "description": {
      "identifier": "dm2:nether_boss_breath",
      "is_spawnable": false,
      "is_summonable": true,
      "is_experimental": false
    },
    "component_groups": {
      "despawn": {
        "minecraft:despawn": {}
      }
    },
    "components": {
             "minecraft:shooter": {
        "def": "dm2:netherbreath_boss"
      },
      "minecraft:behavior.ranged_attack": {
        "attack_radius": 256,
        "attack_interval_min": 0.5,
        "attack_interval_max": 1
      },
      "minecraft:damage_sensor": {
    "triggers": {
        "cause": "all",
        "deals_damage": false
    }
},
            "minecraft:environment_sensor": {
                "triggers": [
                    {
                        "filters": {
                            "all_of": [
                                { 
                                    "test": "is_riding",
                                    "subject": "self",
                                    "operator": "==",
                                    "value": false
                                }
                            ]
                        },
                        "event": "despawn"
                    }
                ]
            },
      "minecraft:breathable": {
        "total_supply": 15,
        "suffocate_time": 0
      },
      "minecraft:health": {
        "value": 1,
        "max": 1
      },
      "minecraft:collision_box": {
        "width": 0.1,
        "height": 0.1
      },
      "minecraft:fire_immune": true,
      "minecraft:movement": {
        "value": 1
      },
      "minecraft:navigation.walk": {
        "can_path_over_water": true,
        "avoid_water": true
      },
      "minecraft:jump.static": {
      },
      "minecraft:can_climb": {
      },
      "minecraft:can_fly": {
      },
      "minecraft:behavior.float": {
        "priority": 1
      },
              "minecraft:behavior.nearest_attackable_target": {
          "priority": 1,
          "must_see": true,
            "entity_types": [
            {
              "filters": {
                "any_of": [
                  {
                    "test": "is_family",
                    "subject": "other",
                    "value": "player"
                  },
                  {
                    "test": "is_family",
                    "subject": "other",
                    "value": "snowgolem"
                  },
                  {
                    "test": "is_family",
                    "subject": "other",
                    "value": "irongolem"
                  },
                                    {
                    "test": "is_family",
                    "subject": "other",
                    "value": "minotaur"
                  }
                ]
              },
              "max_dist": 128
            }
          ]
        },

      "minecraft:behavior.random_stroll": {
        "priority": 5,
        "speed_multiplier": 1
      },
      "minecraft:behavior.look_at_target": {
        "priority": 5
      },
      "minecraft:behavior.look_at_player": {
        "priority": 6,
        "look_distance": 8
      },
      "minecraft:behavior.random_look_around": {
        "priority": 7
      },
      "minecraft:type_family": {
        "family": [ "nether_boss_breath" ]
      },
      "minecraft:persistent": {
      },
      "minecraft:physics": {
      },
      "minecraft:pushable": {
        "is_pushable": true,
        "is_pushable_by_piston": true
      }
    },
      "events": {
   "despawn": {
    "add": {
     "component_groups": [
      "despawn"
     ]
    }
   }

  }
  }
}