{
  "format_version": "1.10.0",
  "minecraft:attachable": {
    "description": {
      "identifier": "dm2:edragonarmor",
      "item": "dm2:edragonarmor", 
      "materials": {
        "default": "armor",
        "enchanted": "armor_enchanted"
      },
      "textures": {
        "default": "textures/models/armor/edragonarmor",
        "enchanted": "textures/misc/enchanted_item_glint"
      },
      "geometry": {
        "default": "geometry.dragonarmor"
      },
      "render_controllers": [ "controller.render.armor" ]
    }
  }
}
