{
	"format_version": "1.12.0",
	"minecraft:geometry": [
		{
			"description": {
				"identifier": "geometry.dragoncrystal",
				"texture_width": 128,
				"texture_height": 64,
				"visible_bounds_width": 3,
				"visible_bounds_height": 2,
				"visible_bounds_offset": [0, 0, 0]
			},
			"bones": [
				{
					"name": "bone3",
					"pivot": [0, 21, 0],
					"rotation": [-45, 0, 35]
				},
				{
					"name": "bone",
					"parent": "bone3",
					"pivot": [0, 21, 0],
					"cubes": [
						{
							"origin": [-8, 13, -8],
							"size": [16, 16, 16],
							"uv": {
								"north": {"uv": [16, 16], "uv_size": [16, 16]},
								"east": {"uv": [0, 16], "uv_size": [16, 16]},
								"south": {"uv": [48, 16], "uv_size": [16, 16]},
								"west": {"uv": [32, 16], "uv_size": [16, 16]},
								"up": {"uv": [16, 0], "uv_size": [16, 16]},
								"down": {"uv": [48, 0], "uv_size": [-16, 16]}
							}
						}
					]
				},
				{
					"name": "bone2",
					"parent": "bone3",
					"pivot": [0, 21, 0],
					"cubes": [
						{
							"origin": [-7, 14, -7],
							"size": [14, 14, 14],
							"pivot": [0, 21, 0],
							"rotation": [-45, -45, 0],
							"uv": {
								"north": {"uv": [48, 16], "uv_size": [16, 16]},
								"east": {"uv": [0, 16], "uv_size": [16, 16]},
								"south": {"uv": [16, 0], "uv_size": [16, 16]},
								"west": {"uv": [32, 0], "uv_size": [16, 16]},
								"up": {"uv": [16, 16], "uv_size": [16, 16]},
								"down": {"uv": [48, 16], "uv_size": [-16, 16]}
							}
						}
					]
				},
				{
					"name": "bone4",
					"parent": "bone3",
					"pivot": [0, 21, 0],
					"cubes": [
						{
							"origin": [-6, 15, -6],
							"size": [12, 12, 12],
							"uv": {
								"north": {"uv": [80, 16], "uv_size": [16, 16]},
								"east": {"uv": [64, 16], "uv_size": [16, 16]},
								"south": {"uv": [112, 16], "uv_size": [16, 16]},
								"west": {"uv": [96, 16], "uv_size": [16, 16]},
								"up": {"uv": [80, 0], "uv_size": [16, 16]},
								"down": {"uv": [112, 0], "uv_size": [-16, 16]}
							}
						}
					]
				}
			]
		}
	]
}