{
	"format_version": "1.12.0",
	"minecraft:geometry": [
		{
			"description": {
				"identifier": "geometry.dragonball",
				"texture_width": 128,
				"texture_height": 128,
				"visible_bounds_width": 3,
				"visible_bounds_height": 1,
				"visible_bounds_offset": [0, 0, 0]
			},
			"bones": [
				{
					"name": "unknown_bone",
					"pivot": [0, 8, 0],
					"cubes": [
						{"origin": [-6, 2, -6], "size": [12, 12, 12], "uv": [0, 0]},
						{"origin": [-5, 3, -8], "size": [10, 10, 2], "uv": [48, 48]},
						{"origin": [-5, 3, 6], "size": [10, 10, 2], "uv": [36, 0]},
						{"origin": [-5, 0, -5], "size": [10, 2, 10], "uv": [30, 30]},
						{"origin": [-5, 14, -5], "size": [10, 2, 10], "uv": [0, 24]},
						{"origin": [6, 3, -5], "size": [2, 10, 10], "uv": [24, 42]},
						{"origin": [-8, 3, -5], "size": [2, 10, 10], "uv": [0, 36]}
					]
				}
			]
		}
	]
}