{
	"format_version": "1.12.0",
	"minecraft:geometry": [
		{
			"description": {
				"identifier": "geometry.Dragon_armor",
				"texture_width": 128,
				"texture_height": 128,
				"visible_bounds_width": 8,
				"visible_bounds_height": 4,
				"visible_bounds_offset": [0, 0, 0]
			},
			"bones": [
				{
					"name": "Body",
					"pivot": [0, 30, 0],
					"rotation": [15, 0, 0],
					"cubes": [
						{"origin": [-6, 42, -6], "size": [12, 14, 12], "inflate": 0.5, "uv": [0, 0]},
						{"origin": [-5, 54, -6], "size": [6, 2, 2], "inflate": 0.5, "pivot": [-5, 55, -4], "rotation": [0, 25, 0], "uv": [24, 29]},
						{"origin": [-5, 51, -6], "size": [6, 2, 2], "inflate": 0.5, "pivot": [-5, 52, -4], "rotation": [0, 25, 0], "uv": [24, 29]},
						{"origin": [-5, 48, -6], "size": [6, 2, 2], "inflate": 0.5, "pivot": [-5, 49, -4], "rotation": [0, 25, 0], "uv": [24, 29]},
						{"origin": [-5, 45, -6], "size": [6, 2, 2], "inflate": 0.5, "pivot": [-5, 46, -4], "rotation": [0, 25, 0], "uv": [24, 29]},
						{"origin": [-5, 42, -6], "size": [6, 2, 2], "inflate": 0.5, "pivot": [-5, 43, -4], "rotation": [0, 25, 0], "uv": [24, 29]},
						{"origin": [-1, 42, -6], "size": [6, 2, 2], "inflate": 0.5, "pivot": [5, 43, -4], "rotation": [0, -25, 0], "uv": [24, 29], "mirror": true},
						{"origin": [-1, 45, -6], "size": [6, 2, 2], "inflate": 0.5, "pivot": [5, 46, -4], "rotation": [0, -25, 0], "uv": [24, 29], "mirror": true},
						{"origin": [-1, 48, -6], "size": [6, 2, 2], "inflate": 0.5, "pivot": [5, 49, -4], "rotation": [0, -25, 0], "uv": [24, 29], "mirror": true},
						{"origin": [-1, 51, -6], "size": [6, 2, 2], "inflate": 0.5, "pivot": [5, 52, -4], "rotation": [0, -25, 0], "uv": [24, 29], "mirror": true},
						{"origin": [-1, 54, -6], "size": [6, 2, 2], "inflate": 0.5, "pivot": [5, 55, -4], "rotation": [0, -25, 0], "uv": [24, 29], "mirror": true},
						{"origin": [-1, 54, 6], "size": [2, 2, 5], "inflate": 0.5, "uv": [68, 46]},
						{"origin": [-1, 51, 6], "size": [2, 2, 5], "inflate": 0.5, "uv": [68, 46]},
						{"origin": [-1, 48, 6], "size": [2, 2, 3], "inflate": 0.5, "uv": [53, 27]},
						{"origin": [-1, 45, 6], "size": [2, 2, 3], "inflate": 0.5, "uv": [53, 27]},
						{"origin": [-1, 42, 6], "size": [2, 2, 3], "inflate": 0.5, "uv": [53, 27]}
					]
				},
				{
					"name": "Body2",
					"parent": "Body",
					"pivot": [0, 42, 0],
					"rotation": [20, 0, 0],
					"cubes": [
						{"origin": [-4, 30, -4], "size": [8, 12, 8], "inflate": 0.5, "uv": [0, 26]},
						{"origin": [-4, 30, -4], "size": [8, 12, 8], "inflate": 0.5, "pivot": [5, 30, -4], "rotation": [0, 0, 10], "uv": [0, 26]},
						{"origin": [-4, 30, -4], "size": [8, 12, 8], "inflate": 0.5, "pivot": [-5, 30, -4], "rotation": [0, 0, -10], "uv": [0, 26], "mirror": true},
						{"origin": [-5, 40, -4], "size": [6, 1, 1], "inflate": 0.5, "pivot": [-5, 40, -3], "rotation": [0, 25, 0], "uv": [38, 29]},
						{"origin": [-1, 40, -4], "size": [6, 1, 1], "inflate": 0.5, "pivot": [5, 40, -3], "rotation": [0, -25, 0], "uv": [38, 29], "mirror": true},
						{"origin": [-5, 38, -4], "size": [6, 1, 1], "inflate": 0.5, "pivot": [-5, 38, -3], "rotation": [0, 25, 0], "uv": [38, 29]},
						{"origin": [-1, 38, -4], "size": [6, 1, 1], "inflate": 0.5, "pivot": [5, 38, -3], "rotation": [0, -25, 0], "uv": [38, 29], "mirror": true},
						{"origin": [-4, 36, -4], "size": [5, 1, 1], "inflate": 0.5, "pivot": [-4, 36, -3], "rotation": [0, 25, 0], "uv": [15, 46]},
						{"origin": [-1, 36, -4], "size": [5, 1, 1], "inflate": 0.5, "pivot": [4, 36, -3], "rotation": [0, -25, 0], "uv": [15, 46], "mirror": true},
						{"origin": [-4, 34, -4], "size": [5, 1, 1], "inflate": 0.5, "pivot": [-4, 34, -3], "rotation": [0, 25, 0], "uv": [15, 46]},
						{"origin": [-1, 34, -4], "size": [5, 1, 1], "inflate": 0.5, "pivot": [4, 34, -3], "rotation": [0, -25, 0], "uv": [15, 46], "mirror": true},
						{"origin": [-3, 30, -4], "size": [4, 1, 1], "inflate": 0.5, "pivot": [-3, 30, -3], "rotation": [0, 25, 0], "uv": [50, 48]},
						{"origin": [-3, 32, -4], "size": [4, 1, 1], "inflate": 0.5, "pivot": [-3, 32, -3], "rotation": [0, 25, 0], "uv": [50, 48]},
						{"origin": [-1, 32, -4], "size": [4, 1, 1], "inflate": 0.5, "pivot": [3, 32, -3], "rotation": [0, -25, 0], "uv": [50, 48], "mirror": true},
						{"origin": [-1, 30, -4], "size": [4, 1, 1], "inflate": 0.5, "pivot": [3, 30, -3], "rotation": [0, -25, 0], "uv": [50, 48], "mirror": true},
						{"origin": [-0.5, 40, 4], "size": [1, 1, 5], "inflate": 0.5, "uv": [0, 6]},
						{"origin": [-0.5, 38, 4], "size": [1, 1, 5], "inflate": 0.5, "uv": [0, 6]},
						{"origin": [-0.5, 36, 4], "size": [1, 1, 5], "inflate": 0.5, "uv": [0, 6]},
						{"origin": [-0.5, 34, 4], "size": [1, 1, 3], "inflate": 0.5, "uv": [0, 26]},
						{"origin": [-0.5, 32, 4], "size": [1, 1, 3], "inflate": 0.5, "uv": [0, 26]},
						{"origin": [-0.5, 30, 4], "size": [1, 1, 3], "inflate": 0.5, "uv": [0, 26]}
					]
				},
				{
					"name": "Tail3",
					"parent": "Body2",
					"pivot": [0, 30, 0],
					"rotation": [25, 0, 0],
					"cubes": [
						{"origin": [-2.5, 20, -2.5], "size": [5, 10, 5], "inflate": 0.5, "uv": [44, 64]},
						{"origin": [-2.5, 20, -2.5], "size": [5, 10, 5], "inflate": 0.5, "pivot": [2.5, 20, -0.5], "rotation": [0, 0, 10], "uv": [44, 64]},
						{"origin": [-2.5, 20, -2.5], "size": [5, 10, 5], "inflate": 0.5, "pivot": [-2.5, 20, -0.5], "rotation": [0, 0, -10], "uv": [44, 64], "mirror": true}
					]
				},
				{
					"name": "Tail2",
					"parent": "Tail3",
					"pivot": [0, 20, 0],
					"rotation": [30, 0, 0],
					"cubes": [
						{"origin": [-2, 10, -2], "size": [4, 10, 4], "inflate": 0.5, "uv": [0, 71]}
					]
				},
				{
					"name": "Tail",
					"parent": "Tail2",
					"pivot": [0, 10, 0],
					"rotation": [10, 0, 0],
					"cubes": [
						{"origin": [-1.5, 0, -1.5], "size": [3, 10, 3], "inflate": 0.5, "uv": [16, 74]},
						{"origin": [-2.5, -5, -2.5], "size": [5, 5, 5], "inflate": 0.5, "uv": [64, 36]},
						{"origin": [2, -5.5, 2], "size": [1, 1, 2], "inflate": 0.5, "uv": [32, 36]},
						{"origin": [2, -4, 2], "size": [1, 1, 2], "inflate": 0.5, "uv": [32, 36]},
						{"origin": [2, -5, -3], "size": [1, 1, 2], "inflate": 0.5, "uv": [32, 36]},
						{"origin": [2, -1, 1], "size": [1, 1, 2], "inflate": 0.5, "uv": [32, 36]},
						{"origin": [2, -1, -4], "size": [1, 1, 2], "inflate": 0.5, "uv": [32, 36]},
						{"origin": [-2, -5, 2], "size": [1, 1, 2], "inflate": 0.5, "uv": [32, 36]},
						{"origin": [-2, -5, -4], "size": [1, 1, 2], "inflate": 0.5, "uv": [32, 36]},
						{"origin": [-1, -1, 2], "size": [1, 1, 2], "inflate": 0.5, "uv": [32, 36]},
						{"origin": [-1, -1, -4], "size": [1, 1, 2], "inflate": 0.5, "uv": [32, 36]},
						{"origin": [0, -4, -3], "size": [1, 1, 2], "inflate": 0.5, "uv": [32, 36]},
						{"origin": [0, -2, 2], "size": [1, 1, 2], "inflate": 0.5, "uv": [32, 36]},
						{"origin": [0, -2, -4], "size": [1, 1, 2], "inflate": 0.5, "uv": [32, 36]},
						{"origin": [-3, -2, 1], "size": [1, 1, 2], "inflate": 0.5, "uv": [32, 36]},
						{"origin": [-3, -2, -4], "size": [1, 1, 2], "inflate": 0.5, "uv": [32, 36]},
						{"origin": [-3, -4, 2], "size": [1, 1, 2], "inflate": 0.5, "uv": [32, 36]},
						{"origin": [-3, -4, -3], "size": [1, 1, 2], "inflate": 0.5, "uv": [32, 36]}
					]
				},
				{
					"name": "Neck",
					"parent": "Body",
					"pivot": [-1, 62, 3],
					"cubes": [
						{"origin": [-3, 62, -3], "size": [6, 8, 6], "inflate": 0.5, "pivot": [-1, 62, 3], "rotation": [70, 0, 0], "uv": [50, 50]},
						{"origin": [-3, 56, -3], "size": [6, 6, 6], "inflate": 0.5, "uv": [20, 62]}
					]
				},
				{
					"name": "Head",
					"parent": "Neck",
					"pivot": [0, 61, -6],
					"cubes": [
						{"origin": [-4, 58, -12], "size": [8, 8, 8], "inflate": 0.5, "uv": [32, 32]}
					]
				},
				{
					"name": "Mouth",
					"parent": "Head",
					"pivot": [0.5, 61, -14],
					"cubes": [
						{"origin": [-3.5, 61, -19], "size": [7, 2, 7], "inflate": 0.5, "uv": [56, 27]},
						{"origin": [-2.5, 63, -18], "size": [1, 1, 2], "inflate": 0.5, "uv": [32, 33]},
						{"origin": [1.5, 63, -18], "size": [1, 1, 2], "inflate": 0.5, "uv": [32, 33]}
					]
				},
				{
					"name": "Mouth2",
					"parent": "Head",
					"pivot": [0.5, 60, -12],
					"cubes": [
						{"origin": [-3.5, 59, -19], "size": [7, 2, 7], "inflate": 0.5, "uv": [56, 27]}
					]
				},
				{
					"name": "Wing",
					"parent": "Body",
					"pivot": [-6, 56, 1],
					"rotation": [0, 10, 30],
					"cubes": [
						{"origin": [-21, 55, 0], "size": [15, 1, 1], "inflate": 0.5, "uv": [24, 27]},
						{"origin": [-20, 41, 1], "size": [14, 15, 0], "inflate": 0.5, "uv": [48, 12]},
						{"origin": [-17, 46, 1], "size": [11, 10, 0], "inflate": 0.5, "pivot": [-6, 56, 1], "rotation": [0, 0, -50], "uv": [64, 64]},
						{"origin": [-21, 41, 0], "size": [1, 15, 1], "inflate": 0.5, "uv": [28, 74]}
					]
				},
				{
					"name": "Wing2",
					"parent": "Wing",
					"pivot": [-21, 56, 0],
					"rotation": [0, 0, -15],
					"cubes": [
						{"origin": [-36, 55, 0], "size": [15, 1, 1], "inflate": 0.5, "uv": [24, 27]},
						{"origin": [-37, 42, 0], "size": [1, 14, 1], "inflate": 0.5, "uv": [32, 74]},
						{"origin": [-36, 42, 1], "size": [15, 14, 0], "inflate": 0.5, "uv": [20, 48]}
					]
				},
				{
					"name": "Wing3",
					"parent": "Wing2",
					"pivot": [-36, 55, 0],
					"rotation": [0, 0, -30],
					"cubes": [
						{"origin": [-51, 55, 0], "size": [15, 1, 1], "inflate": 0.5, "uv": [24, 27]},
						{"origin": [-52, 44, 1], "size": [16, 12, 0], "inflate": 0.5, "uv": [36, 0]},
						{"origin": [-61, 50, 1], "size": [10, 6, 0], "inflate": 0.5, "pivot": [-51.46347, 56.37153, 0], "rotation": [0, 0, -55], "uv": [68, 0]},
						{"origin": [-57, 50, 1], "size": [6, 6, 0], "inflate": 0.5, "pivot": [-51.46347, 56.37153, 0], "rotation": [0, 0, 25], "uv": [0, 0]},
						{"origin": [-59, 50, 1], "size": [8, 6, 0], "inflate": 0.5, "pivot": [-51.46347, 56.37153, 0], "rotation": [0, 0, -15], "uv": [68, 6]}
					]
				},
				{
					"name": "Wing4",
					"parent": "Body",
					"pivot": [-6, 56, 1],
					"rotation": [0, -10, 25],
					"cubes": [
						{"origin": [-21, 55, 0], "size": [15, 1, 1], "inflate": 0.5, "uv": [24, 27]},
						{"origin": [-20, 41, 1], "size": [14, 15, 0], "inflate": 0.5, "uv": [48, 12]},
						{"origin": [-17, 46, 1], "size": [11, 10, 0], "inflate": 0.5, "pivot": [-6, 56, 1], "rotation": [0, 0, -50], "uv": [64, 64]},
						{"origin": [-21, 41, 0], "size": [1, 15, 1], "inflate": 0.5, "uv": [28, 74]}
					]
				},
				{
					"name": "Wing5",
					"parent": "Wing4",
					"pivot": [-21, 56, 0],
					"rotation": [0, 0, -20],
					"cubes": [
						{"origin": [-36, 55, 0], "size": [15, 1, 1], "inflate": 0.5, "uv": [24, 27]},
						{"origin": [-37, 42, 0], "size": [1, 14, 1], "inflate": 0.5, "uv": [32, 74]},
						{"origin": [-36, 42, 1], "size": [15, 14, 0], "inflate": 0.5, "uv": [20, 48]}
					]
				},
				{
					"name": "Wing6",
					"parent": "Wing5",
					"pivot": [-36, 55, 0],
					"rotation": [0, 0, -30],
					"cubes": [
						{"origin": [-51, 55, 0], "size": [15, 1, 1], "inflate": 0.5, "uv": [24, 27]},
						{"origin": [-52, 44, 1], "size": [16, 12, 0], "inflate": 0.5, "uv": [36, 0]},
						{"origin": [-61, 50, 1], "size": [10, 6, 0], "inflate": 0.5, "pivot": [-51.46347, 56.37153, 0], "rotation": [0, 0, -55], "uv": [68, 0]},
						{"origin": [-57, 50, 1], "size": [6, 6, 0], "inflate": 0.5, "pivot": [-51.46347, 56.37153, 0], "rotation": [0, 0, 25], "uv": [0, 0]},
						{"origin": [-59, 50, 1], "size": [8, 6, 0], "inflate": 0.5, "pivot": [-51.46347, 56.37153, 0], "rotation": [0, 0, -15], "uv": [68, 6]}
					]
				},
				{
					"name": "Wing7",
					"parent": "Body",
					"pivot": [6, 56, 1],
					"rotation": [0, 10, -25],
					"cubes": [
						{"origin": [6, 55, 0], "size": [15, 1, 1], "inflate": 0.5, "uv": [24, 27], "mirror": true},
						{"origin": [6, 41, 1], "size": [14, 15, 0], "inflate": 0.5, "uv": [48, 12], "mirror": true},
						{"origin": [6, 46, 1], "size": [11, 10, 0], "inflate": 0.5, "pivot": [6, 56, 1], "rotation": [0, 0, 50], "uv": [64, 64], "mirror": true},
						{"origin": [20, 41, 0], "size": [1, 15, 1], "inflate": 0.5, "uv": [28, 74], "mirror": true}
					]
				},
				{
					"name": "Wing8",
					"parent": "Wing7",
					"pivot": [21, 56, 0],
					"rotation": [0, 0, 20],
					"cubes": [
						{"origin": [21, 55, 0], "size": [15, 1, 1], "inflate": 0.5, "uv": [24, 27], "mirror": true},
						{"origin": [36, 42, 0], "size": [1, 14, 1], "inflate": 0.5, "uv": [32, 74], "mirror": true},
						{"origin": [21, 42, 1], "size": [15, 14, 0], "inflate": 0.5, "uv": [20, 48], "mirror": true}
					]
				},
				{
					"name": "Wing9",
					"parent": "Wing8",
					"pivot": [36, 55, 0],
					"rotation": [0, 0, 30],
					"cubes": [
						{"origin": [36, 55, 0], "size": [15, 1, 1], "inflate": 0.5, "uv": [24, 27], "mirror": true},
						{"origin": [36, 44, 1], "size": [16, 12, 0], "inflate": 0.5, "uv": [36, 0], "mirror": true},
						{"origin": [51, 50, 1], "size": [10, 6, 0], "inflate": 0.5, "pivot": [51.46347, 56.37153, 0], "rotation": [0, 0, 55], "uv": [68, 0], "mirror": true},
						{"origin": [51, 50, 1], "size": [6, 6, 0], "inflate": 0.5, "pivot": [51.46347, 56.37153, 0], "rotation": [0, 0, -25], "uv": [0, 0], "mirror": true},
						{"origin": [51, 50, 1], "size": [8, 6, 0], "inflate": 0.5, "pivot": [51.46347, 56.37153, 0], "rotation": [0, 0, 15], "uv": [68, 6], "mirror": true}
					]
				},
				{
					"name": "Wing10",
					"parent": "Body",
					"pivot": [6, 56, 1],
					"rotation": [0, -10, -30],
					"cubes": [
						{"origin": [6, 55, 0], "size": [15, 1, 1], "inflate": 0.5, "uv": [24, 27], "mirror": true},
						{"origin": [6, 41, 1], "size": [14, 15, 0], "inflate": 0.5, "uv": [48, 12], "mirror": true},
						{"origin": [6, 46, 1], "size": [11, 10, 0], "inflate": 0.5, "pivot": [6, 56, 1], "rotation": [0, 0, 50], "uv": [64, 64], "mirror": true},
						{"origin": [20, 41, 0], "size": [1, 15, 1], "inflate": 0.5, "uv": [28, 74], "mirror": true}
					]
				},
				{
					"name": "Wing11",
					"parent": "Wing10",
					"pivot": [21, 56, 0],
					"rotation": [0, 0, 15],
					"cubes": [
						{"origin": [21, 55, 0], "size": [15, 1, 1], "inflate": 0.5, "uv": [24, 27], "mirror": true},
						{"origin": [36, 42, 0], "size": [1, 14, 1], "inflate": 0.5, "uv": [32, 74], "mirror": true},
						{"origin": [21, 42, 1], "size": [15, 14, 0], "inflate": 0.5, "uv": [20, 48], "mirror": true}
					]
				},
				{
					"name": "Wing12",
					"parent": "Wing11",
					"pivot": [36, 55, 0],
					"rotation": [0, 0, 30],
					"cubes": [
						{"origin": [36, 55, 0], "size": [15, 1, 1], "inflate": 0.5, "uv": [24, 27], "mirror": true},
						{"origin": [36, 44, 1], "size": [16, 12, 0], "inflate": 0.5, "uv": [36, 0], "mirror": true},
						{"origin": [51, 50, 1], "size": [10, 6, 0], "inflate": 0.5, "pivot": [51.46347, 56.37153, 0], "rotation": [0, 0, 55], "uv": [68, 0], "mirror": true},
						{"origin": [51, 50, 1], "size": [6, 6, 0], "inflate": 0.5, "pivot": [51.46347, 56.37153, 0], "rotation": [0, 0, -25], "uv": [0, 0], "mirror": true},
						{"origin": [51, 50, 1], "size": [8, 6, 0], "inflate": 0.5, "pivot": [51.46347, 56.37153, 0], "rotation": [0, 0, 15], "uv": [68, 6], "mirror": true}
					]
				},
				{
					"name": "Hand",
					"parent": "Body",
					"pivot": [-6.5, 43, 0.5],
					"rotation": [0, 0, 15],
					"cubes": [
						{"origin": [-7.5, 24, -2.5], "size": [5, 20, 5], "inflate": 0.5, "uv": [0, 46]},
						{"origin": [-11.43185, 42.48236, -0.5], "size": [6, 1, 1], "inflate": 0.5, "uv": [38, 29]},
						{"origin": [-10.91421, 40.55051, -0.5], "size": [6, 1, 1], "inflate": 0.5, "uv": [38, 29]},
						{"origin": [-10.39658, 38.61866, -0.5], "size": [6, 1, 1], "inflate": 0.5, "uv": [38, 29]},
						{"origin": [-9.87894, 36.68681, -0.5], "size": [6, 1, 1], "inflate": 0.5, "uv": [38, 29]},
						{"origin": [-9.3613, 34.75496, -0.5], "size": [6, 1, 1], "inflate": 0.5, "uv": [38, 29]},
						{"origin": [-8.84366, 32.8231, -0.5], "size": [6, 1, 1], "inflate": 0.5, "uv": [38, 29]},
						{"origin": [-8.32602, 30.89125, -0.5], "size": [6, 1, 1], "inflate": 0.5, "uv": [38, 29]}
					]
				},
				{
					"name": "Hand2",
					"parent": "Hand",
					"pivot": [-6.5, 23, 0.5],
					"rotation": [0, 0, -5],
					"cubes": [
						{"origin": [-7.5, 4, -2.5], "size": [5, 20, 5], "inflate": 0.5, "pivot": [-6.67365, 23.98481, 2.5], "rotation": [-60, 0, 0], "uv": [0, 46]},
						{"origin": [-12.8473, 24.96962, -0.5], "size": [6, 1, 1], "inflate": 0.5, "uv": [38, 29]},
						{"origin": [-11.67365, 23.98481, -2.5], "size": [5, 1, 1], "inflate": 0.5, "uv": [15, 46]},
						{"origin": [-10.5, 23, -4.5], "size": [4, 1, 1], "inflate": 0.5, "uv": [50, 48]},
						{"origin": [-9.32635, 22.01519, -6.5], "size": [3, 1, 1], "inflate": 0.5, "uv": [0, 30]},
						{"origin": [-9.1527, 21.03038, -8.5], "size": [3, 1, 1], "inflate": 0.5, "uv": [0, 30]},
						{"origin": [-8.97906, 20.04558, -10.5], "size": [3, 1, 1], "inflate": 0.5, "uv": [0, 30]},
						{"origin": [-8.80541, 19.06077, -12.5], "size": [3, 1, 1], "inflate": 0.5, "uv": [0, 30]}
					]
				},
				{
					"name": "Head2",
					"parent": "Hand2",
					"pivot": [-5.2156, 15.96575, -16],
					"cubes": [
						{"origin": [-9.2156, 12.96575, -22], "size": [8, 8, 8], "inflate": 0.5, "uv": [32, 32]}
					]
				},
				{
					"name": "Mouth3",
					"parent": "Head2",
					"pivot": [-4.7156, 15.96575, -24],
					"cubes": [
						{"origin": [-8.7156, 15.96575, -29], "size": [7, 2, 7], "inflate": 0.5, "uv": [56, 27]},
						{"origin": [-7.7156, 17.96575, -28], "size": [1, 1, 2], "inflate": 0.5, "uv": [32, 33]},
						{"origin": [-3.7156, 17.96575, -28], "size": [1, 1, 2], "inflate": 0.5, "uv": [32, 33]}
					]
				},
				{
					"name": "Mouth4",
					"parent": "Head2",
					"pivot": [-4.7156, 14.96575, -22],
					"cubes": [
						{"origin": [-8.7156, 13.96575, -29], "size": [7, 2, 7], "inflate": 0.5, "uv": [56, 27]}
					]
				},
				{
					"name": "Hand3",
					"parent": "Body",
					"pivot": [6.5, 43, 0.5],
					"rotation": [0, 0, -15],
					"cubes": [
						{"origin": [2.5, 24, -2.5], "size": [5, 20, 5], "inflate": 0.5, "uv": [0, 46], "mirror": true},
						{"origin": [5.43185, 42.48236, -0.5], "size": [6, 1, 1], "inflate": 0.5, "uv": [38, 29], "mirror": true},
						{"origin": [4.91421, 40.55051, -0.5], "size": [6, 1, 1], "inflate": 0.5, "uv": [38, 29], "mirror": true},
						{"origin": [4.39658, 38.61866, -0.5], "size": [6, 1, 1], "inflate": 0.5, "uv": [38, 29], "mirror": true},
						{"origin": [3.87894, 36.68681, -0.5], "size": [6, 1, 1], "inflate": 0.5, "uv": [38, 29], "mirror": true},
						{"origin": [3.3613, 34.75496, -0.5], "size": [6, 1, 1], "inflate": 0.5, "uv": [38, 29], "mirror": true},
						{"origin": [2.84366, 32.8231, -0.5], "size": [6, 1, 1], "inflate": 0.5, "uv": [38, 29], "mirror": true},
						{"origin": [2.32602, 30.89125, -0.5], "size": [6, 1, 1], "inflate": 0.5, "uv": [38, 29], "mirror": true}
					]
				},
				{
					"name": "Hand4",
					"parent": "Hand3",
					"pivot": [6.5, 23, 0.5],
					"rotation": [0, 0, 5],
					"cubes": [
						{"origin": [2.5, 4, -2.5], "size": [5, 20, 5], "inflate": 0.5, "pivot": [6.67365, 23.98481, 2.5], "rotation": [-60, 0, 0], "uv": [0, 46], "mirror": true},
						{"origin": [6.8473, 24.96962, -0.5], "size": [6, 1, 1], "inflate": 0.5, "uv": [38, 29], "mirror": true},
						{"origin": [6.67365, 23.98481, -2.5], "size": [5, 1, 1], "inflate": 0.5, "uv": [15, 46], "mirror": true},
						{"origin": [6.5, 23, -4.5], "size": [4, 1, 1], "inflate": 0.5, "uv": [50, 48], "mirror": true},
						{"origin": [6.32635, 22.01519, -6.5], "size": [3, 1, 1], "inflate": 0.5, "uv": [0, 30], "mirror": true},
						{"origin": [6.1527, 21.03038, -8.5], "size": [3, 1, 1], "inflate": 0.5, "uv": [0, 30], "mirror": true},
						{"origin": [5.97906, 20.04558, -10.5], "size": [3, 1, 1], "inflate": 0.5, "uv": [0, 30], "mirror": true},
						{"origin": [5.80541, 19.06077, -12.5], "size": [3, 1, 1], "inflate": 0.5, "uv": [0, 30], "mirror": true}
					]
				},
				{
					"name": "Head3",
					"parent": "Hand4",
					"pivot": [5.2156, 15.96575, -16],
					"cubes": [
						{"origin": [1.2156, 12.96575, -22], "size": [8, 8, 8], "inflate": 0.5, "uv": [32, 32], "mirror": true}
					]
				},
				{
					"name": "Mouth5",
					"parent": "Head3",
					"pivot": [4.7156, 15.96575, -24],
					"cubes": [
						{"origin": [1.7156, 15.96575, -29], "size": [7, 2, 7], "inflate": 0.5, "uv": [56, 27], "mirror": true},
						{"origin": [6.7156, 17.96575, -28], "size": [1, 1, 2], "inflate": 0.5, "uv": [32, 33], "mirror": true},
						{"origin": [2.7156, 17.96575, -28], "size": [1, 1, 2], "inflate": 0.5, "uv": [32, 33], "mirror": true}
					]
				},
				{
					"name": "Mouth6",
					"parent": "Head3",
					"pivot": [4.7156, 14.96575, -22],
					"cubes": [
						{"origin": [1.7156, 13.96575, -29], "size": [7, 2, 7], "inflate": 0.5, "uv": [56, 27], "mirror": true}
					]
				}
			]
		}
	]
}