{
	"format_version": "1.16.100",
	"minecraft:item": {
		"description": {
			"identifier": "dm2:nether_sword",
			"category": "equipment"
		},
		"components": {
			"minecraft:max_stack_size": 1,
			"minecraft:enchantable": {
				"value": 9,
				"slot": "sword"
			},
   "minecraft:weapon":{},
   "minecraft:durability": {
        "max_durability": 3122
      },
			"minecraft:allow_off_hand": false,
			"minecraft:hand_equipped": true,
			"minecraft:creative_category": {
				"parent": "itemGroup.name.sword"
			},
			"minecraft:can_destroy_in_creative": false,
			"minecraft:icon": {
				"texture": "nether_sword"
			},
						 "minecraft:repairable": {
      "repair_items": [
          {
              "items":[
                  "dm2:aether_sword"
              ],
              "repair_amount": 3122
          }
      ]
  },
			      "minecraft:digger": {
        "use_efficiency": true,
        "destroy_speeds": [
          {
            "block": "minecraft:web",
            "speed": 15
          },
          {
            "block": "minecraft:bamboo",
            "speed": 10
          }
        ]
      },
			"minecraft:render_offsets": "tools",
			"minecraft:display_name": {},
			"minecraft:damage": 9
	}
}
}