{
  "format_version": "1.10.0",
  "minecraft:client_entity": {
    "description": {
      "identifier": "boss:cursed_dragon",
      "materials": { "default": "spider", "armor": "titan_armor" }, 
      "textures": {
        "default": "textures/entity/curseddragon",
        "armor": "textures/entity/dragon_armor"
      },
      "geometry": {
        "default": "geometry.Witherdragon",
        "armor": "geometry.Dragon_armor"
      },
      "animations": {
        "setup": "animation.pig.sp.v1.0",
        "walk": "animation.Witherdragon.idle",
        "move": "animation.Witherdragon.idle",
        "post": "animation.Witherdragon.post",
        "move2": "animation.Witherdragon.idle2",
        "attack": "animation.Witherdragon.attack",
        "look_at_target": "animation.common.look_at_target",
        "roar": "animation.Witherdragon.roar",
        "baby_transform": "animation.pig.bansform"
      },
      "particle_effects": {
        "spell": "mob:ender",
        "move": "mob:enderm"
      },
      "scripts": {
        "pre_animation": [
          "variable.shake = query.shake_time - query.frame_alpha;",
          "variable.shake_power = variable.shake > 0.0 ? -Math.sin(variable.shake * 200.0) * variable.shake : 0.0;"
        ],
        "animate": [
          "move",
          "move2",
          "post",
          "setup",
          { "walk": "query.modified_move_speed" },
          { "attack": "query.is_delayed_attacking" },
          { "roar": "query.is_roaring" },
          "look_at_target",
          { "baby_transform": "query.is_baby" }
        ]
      }, 
      "render_controllers": [ "controller.render.dragon", "controller.render.dragon.armor" ],
    "spawn_egg": {
        "texture": "egg_mutantenderman",
        "texture_index": 5
      }
    }
  }
}

