{
  "format_version": "1.10.0",
  "minecraft:client_entity": {
    "description": {
      "identifier": "boss:dragoncrystalexplode",
      "materials": { "default": "zombie" }, 
      "textures": {
        "default": "textures/entity/endercrystal"
      },
      "geometry": {
        "default": "geometry.dragoncrystal"
      },
      "animations": {
        "move": "animation.dragoncrystal.crystal"
      },
      "scripts": {
        "animate": [
          "move"
        ]
      }, 
      "render_controllers": [ "controller.render.enderman" ],
    "spawn_egg": {
        "texture": "dragon_egg",
        "texture_index": 5
      }
    }
  }
}

