{
  "format_version": "1.10.0",
  "minecraft:client_entity": {
    "description": {
      "identifier": "boss:dragon_clone",
      "materials": {
        "armor": "titan_armor"
      },
      "textures": {
        "default": "textures/entity/cursed"
      },
      "geometry": {
        "default": "geometry.Dragon_armor"
      },
      "animations": {
        "setup": "animation.pig.sp.v1.0",
        "walk": "animation.Witherdragon.idle",
        "move": "animation.Witherdragon.idle",
        "post": "animation.Witherdragon.post",
        "move2": "animation.Witherdragon.idle2",
        "attack": "animation.Witherdragon.attack",
        "look_at_target": "animation.common.look_at_target",
        "roar": "animation.Witherdragon.roar",
        "baby_transform": "animation.pig.bansform"
      },
      "scripts": {
        "animate": [
          "move",
          "move2",
          "post",
          "setup",
          { "walk": "query.modified_move_speed" },
          { "attack": "query.is_delayed_attacking" },
          { "roar": "query.is_roaring" },
          "look_at_target",
          { "baby_transform": "query.is_baby" }
        ]
      }, 
      "render_controllers": [ "controller.render.clone1" ],
    "spawn_egg": {
        "texture": "",
        "texture_index": 0
      }
    }
  }
}

