{
  "entity_sounds": {
    "entities": {
      "rhex:wither_dragon": {
        "volume": 5.0,
        "pitch": [
          1.8,
          2.2
        ],
        "events": {
          "ambient": "mob.enderdragon.growl",
          "hurt": "mob.enderdragon.hit",
          "death": "mob.wither.death",
          "death.min.volume": {
            "sound": "mob.wither.death",
            "volume": 0.5
          },
          "death.mid.volume": {
            "sound": "mob.wither.death",
            "volume": 0.75
          },
          "spawn": {
            "sound": "mob.wither.spawn",
            "volume": 1.0,
            "pitch": 1.0
          },
          "shoot": {
            "sound": "mob.wither.shoot",
            "volume": 3.0,
            "pitch": 1.0
          },
          "break.block": {
            "sound": "mob.wither.break_block",
            "volume": 1.0,
            "pitch": 1.0
          }
        }
      }
    }
  }
}