{
  "format_version": "1.10.0",
  "render_controllers": {
    "controller.render.saddle": {
      "geometry": "Geometry.saddle", 
      "part_visibility": [
       { "saddle": "query.is_saddled" },
       { "saddle2": "query.is_saddled" },
       { "saddle3": "query.is_saddled" },
       { "saddle4": "query.is_saddled" },
       { "saddle5": "query.is_saddled" },
       { "saddle6": "query.is_saddled" },
       { "saddle7": "query.is_saddled" },
       { "saddle8": "query.is_saddled" },
       { "saddle9": "query.is_saddled" },
       { "saddle10": "query.is_saddled" }
        ],
      "materials": [ { "*": "Material.default" } ],
      "textures": [ "Texture.saddle" ]
    }
  }
}