{ 
  "bgm.aether.1": {
    "category": "ambient",
   "min_distance": 200.0,
    "sounds": [
      {
        "name": "sounds/bgm/aether/aether3"
      }
    ]
  },
    "bgm.aether.2": {
    "category": "ambient",
   "min_distance": 200.0,
    "sounds": [
      {
        "name": "sounds/bgm/aether/aether1"
      }
    ]
  },
    "bgm.aether.3": {
    "category": "ambient",
   "min_distance": 200.0,
    "sounds": [
      {
        "name": "sounds/bgm/aether/aether2"
      }
    ]
  },
    "bgm.aether.4": {
    "category": "ambient",
   "min_distance": 200.0,
    "sounds": [
      {
        "name": "sounds/bgm/aether/aether4"
      }
    ]
  },
      "bgm.labyrinth": {
    "category": "ambient",
   "min_distance": 200.0,
    "sounds": [
      {
        "name": "sounds/bgm/aether/labyrinth"
      }
    ]
  },
      "dm2.dragon.firebreath": {
    "category": "nuetral",
   "min_distance": 50.0,
    "sounds": [
      {
        "name": "sounds/breath/firebreath",
        "volume": 5
      }
    ]
  },
        "dm2.minotaur.boss_music": {
    "category": "ambient",
   "min_distance": 40.0,
    "sounds": [
      {
        "name": "sounds/minotaur/boss_music"
      }
    ]
  },
          "dm2.glide": {
    "category": "ambient",
   "min_distance": 10.0,
    "sounds": [
      {
        "name": "sounds/dragon/glide"
      }
    ]
  },
            "dm2.crack": {
    "category": "ambient",
   "min_distance": 10.0,
    "sounds": [
      {
        "name": "sounds/dragon/hatching1"
      },
     {
        "name": "sounds/dragon/hatching2"
      }
    ]
  },
  "dm2.magma_dripper.roar": {
    "category": "hostile",
   "min_distance": 50.0,
    "sounds": [
     {
        "name": "sounds/magma_dripper/roar"
      }
    ]
  },
  "dm2.magma_dripper.growl": {
    "category": "hostile",
   "min_distance": 30.0,
    "sounds": [
     {
        "name": "sounds/magma_dripper/growl"
      }
    ]
  }
}