{
  "format_version": "1.8.0",
  "render_controllers": {
     "controller.render.clone1": {
     "geometry": "Geometry.default",
      "materials": [ { "*": "Material.armor" } ],
      "textures": [ "Texture.default" ],
      "light_color_multiplier": 100,
      "ignore_lighting" : true
    },

      "controller.render.titan_drowned_trient": {
      "geometry": "Geometry.b",
      "materials": [ { "*": "Material.armor" } ],
      "textures": [ "Texture.b" ],
       "light_color_multiplier": 0.7,
      "ignore_lighting" : true
    },
    "controller.render.h2v_titan_drowned_vbug": {
      "arrays": {
        "materials": {
          "Array.materials": [ "Material.default", "Material.default2" ]
        }
      },
          "overlay_color": {
          "r": 0.8,
          "g": 0,
          "b": 0,
          "a": "query.skin_id==1?0.4:0"
      },
     "geometry": "Geometry.default",
      "materials": [ { "*": "Array.materials[query.is_invisible]" } ],
      "textures": [ "Texture.default" ]
    },
      "controller.render.h2v_titan_drowned_vbug2": {
      "geometry": "Geometry.armor",
      "part_visibility": [
        { "*": "query.is_powered" }
      ],
      "materials": [ { "*": "Material.armor" } ],
      "textures": [ "Texture.armor" ],
       "overlay_color": {
          "r": 2,
          "g": 1,
          "b": 1,
          "a": "query.skin_id==1?0.5:0"
      },
            "uv_anim": {
          "offset": [ "(query.is_powered) ? (Math.floor(query.life_time * 20.0) + query.frame_alpha) * 0.01 : 0.0", 
             "(query.is_powered) ? (Math.floor(query.life_time * 20.0) + query.frame_alpha) * 0.01 : 0.0" ],
          "scale": [ 1.0, 1.0 ]
      },

      "light_color_multiplier": 0.7,
      "ignore_lighting" : true
    },

      "controller.render.h2v_titan_drowned": {
      "geometry": "Geometry.armor",
      "part_visibility": [
        { "*": "query.is_powered" }
      ],
      "materials": [ { "*": "Material.armor" } ],
      "textures": [ "Texture.armor" ],
      "overlay_color": {
          "r": 1,
          "g": 1,
          "b": 1,
          "a": 1
      },
      "light_color_multiplier": 0.32,
      "ignore_lighting" : true
    },
       "controller.render.h2v_entity_base": {
     "geometry": "Geometry.default",
      "materials": [ { "*": "Material.default" } ],
      "textures": [ "Texture.default" ]
    },
    "controller.render.h2v_entity": {
      "arrays": {
        "materials": {
          "Array.materials": [ "Material.default", "Material.default2" ]
        }
      },
     "geometry": "Geometry.default",
      "materials": [ { "*": "Array.materials[query.is_invisible]" } ],
      "textures": [ "Texture.default" ]
    }


  }
}
