{
  "format_version": "1.10.0",
  "particle_effect": {
    "description": {
      "identifier": "dm2:endbreath",
      "basic_render_parameters": {
        "material": "particles_alpha",
        "texture": "textures/items/dragon_fireball"
      }
    },
    "components": {
      "minecraft:particle_motion_collision": {
        "expire_on_contact": true,
        "collision_radius": 0.1
      },
      "minecraft:emitter_rate_instant": {
        "num_particles": 5
      },
      "minecraft:emitter_lifetime_once": {
        "active_time": 0
      },
      "minecraft:particle_lifetime_expression": {
        "max_lifetime": "1"
      }, 
      "minecraft:particle_appearance_billboard": {
        "size":[ "v.size = 1.5 - (10 * v.particle_age); return v.size;", "v.size"],
        "facing_camera_mode": "lookat_xyz",
        "uv": {
          "texture_width": 16,
          "texture_height": 16,
          "uv": [ 0, 0 ],
          "uv_size": [ 32 , 32 ]
        }
      }
    },
    "minecraft:particle_appearance_tinting": {
      "color": [ "variable.particle_random_1*0.5", "variable.particle_random_1*0.5", "variable.particle_random_1*0.5", 1.0 ]
    },
    "minecraft:particle_appearance_lighting": {}
  }
}
