{
  "format_version": "1.8.0",
  "minecraft:entity": {
	"description": {
      "identifier": "dm2:endbreath",
      "is_spawnable": false,
      "is_summonable": true,
      "is_experimental": false,
      "runtime_identifier": "minecraft:snowball",
      "scripts": {
        "animate": [ "endbreath" ]
      },
      "animations": {
        "endbreath": "controller.animation.endbreath"
      }
    },
  "component_groups": {
      "despawn": {
  "minecraft:despawn": {}
   }
  },

  "components": {
      "minecraft:collision_box": {
        "width": 0.15,
        "height": 0.15
      },
      "minecraft:timer": {
          "looping": false,
          "time": 6.0,
          "time_down_event": {
            "event": "despawn"
          }
        },
   "minecraft:is_sheared":{}, 
   "minecraft:projectile": {
    "on_hit": {
                "spawn_aoe_cloud": {
            "radius": 2.0,
            "radius_on_use": 0,
            "potion": 23,
            "particle": "dragonbreath",
            "duration": 60,
            "color": [ 220, 0, 239 ],
            "affect_owner": false,
            "reapplication_delay": 20
          },
        "impact_damage": {
  "damage": 5,
  "knockback": true,
    "semirandomdiffdamage": false,
  "destroyonhit": true
          },
          "particle_on_hit": {
            "particle_type": "dm2:endbreath",
            "num_particles": 6,
            "on_entity_hit": true,
            "on_other_hit": true
          }, 
     "definition_event": {
      "affect_projectile": true,
      "event_trigger": {
            "event": "despawn",
            "target": "self"
      }
     },
       "destroyonhit": true
    },
    "power": 3,
    "gravity": 0.15,
    "inertia": 1,
    "liquid_inertia": 1,
    "uncertainty_base": 0,
    "uncertainty_multiplier": 0,
    "anchor": 1,
    "offset": [ 0, -0.5, 0 ],
    "reflect_on_hurt": true,
    "catch_fire": false
   },
   "minecraft:physics": {
   },
   "minecraft:pushable": {
    "is_pushable": true,
    "is_pushable_by_piston": true
   }
  },
  "events": {

   "despawn": {
    "add": {
     "component_groups": [
      "despawn"
     ]
    }
   }

  }
} 
  }