{
  "format_version": "1.12.0",
  "minecraft:entity": {
    "description": {
      "identifier": "dm2:lightning_ball",
      "is_spawnable": false,
      "is_summonable": true,
      "is_experimental": false,
      "runtime_identifier":"minecraft:snowball"
    },
    "components": {
      "minecraft:collision_box": {
        "width": 0.25,
        "height": 0.25
      },
            "minecraft:type_family": {
        "family": [ "lightning"]
      },
      "minecraft:projectile": {
        "on_hit": {
          "impact_damage": {
            "damage": 1,
            "knockback": true,
            "destroy_on_hit": true
          },
          "spawn_chance": {
            "first_spawn_chance": 1,
            "second_spawn_chance": 1,
            "first_spawn_count": 1,
            "second_spawn_count": 1,
            "spawn_definition": "minecraft:lightning_bolt",
            "spawn_baby": false
          },
          "remove_on_hit": {},
          "particle_on_hit": {
            "particle_type": "lava",
            "num_particles": 1,
            "on_entity_hit": true,
            "on_other_hit": true
          }
        },
        "power": 5,
        "gravity": 0,
        "angle_offset": 0.0,
       "offset": [ 0, -0.5, 0]
      },
      "minecraft:physics": {
      },
      "minecraft:pushable": {
        "is_pushable": true,
        "is_pushable_by_piston": true
      }
    }
  }
}
