{
  "format_version": "1.8.0",
  "minecraft:entity": {
	"description": {
      "identifier": "dm2:magma_flame",
      "is_spawnable": false,
      "is_summonable": true,
      "is_experimental": false,
      "runtime_identifier": "minecraft:snowball",
      "scripts": {
        "animate": [ "firebreath" ]
      },
      "animations": {
        "firebreath": "controller.animation.magma_flame"
      }
    },
  "component_groups": {
   "minecraft:exploding": {
    "minecraft:explode": {
     "fuse_length": 0,
     "fuse_lit": true,
     "power": 1,
     "causes_fire": true,
     "fire_affected_by_griefing": true,
     "destroy_affected_by_griefing": true
    }
   },
      "despawn": {
  "minecraft:despawn": {}
   }
  },

  "components": {
      "minecraft:collision_box": {
        "width": 1.5,
        "height": 1.5
      },
      "minecraft:timer": {
          "looping": false,
          "time": 6.0,
          "time_down_event": {
            "event": "despawn"
          }
        },
   "minecraft:is_sheared":{}, 
   "minecraft:projectile": {
    "on_hit": {
        "impact_damage": {
  "damage": 40,
  "knockback": true,
    "semirandomdiffdamage": false,
  "destroyonhit": false
          },
          "particle_on_hit": {
            "particle_type": "dm2:magma_flame",
            "num_particles": 6,
            "on_entity_hit": true,
            "on_other_hit": true
          }, 
     "definition_event": {
      "affect_projectile": true,
      "event_trigger": {
            "event": "minecraft:explode",
            "target": "self"
      }
     }
    },
    "power": 5,
    "gravity": 0.15,
    "inertia": 1,
    "liquid_inertia": 1,
    "uncertainty_base": 0,
    "uncertainty_multiplier": 0,
    "anchor": 1,
    "offset": [ 0, -0.1, 0 ],
    "reflect_on_hurt": true,
    "catch_fire": true
   },
			"minecraft:spawn_entity": [
              {
                "min_wait_time": 0,
                "max_wait_time": 0,
                "single_use": true,
                "spawn_entity": "none:none",
                "num_to_spawn": 1
              }
            ], 
   "minecraft:physics": {
   },
   "minecraft:pushable": {
    "is_pushable": true,
    "is_pushable_by_piston": true
   }
  },
  "events": {
   "minecraft:explode": {
    "add": {
     "component_groups": [
      "minecraft:exploding"
     ]
    }
   },
   "despawn": {
    "add": {
     "component_groups": [
      "despawn"
     ]
    }
   }

  }
} 
  }