{
  "format_version": "1.8.0",
  "minecraft:entity": {
	"description": {
      "identifier": "dm2:netherbreath",
      "is_spawnable": false,
      "is_summonable": true,
      "is_experimental": false,
      "runtime_identifier": "minecraft:snowball",
      "scripts": {
        "animate": [ "firebreath" ]
      },
      "animations": {
        "firebreath": "controller.animation.netherbreath"
      }
    },
  "component_groups": {
      "despawn": {
  "minecraft:despawn": {}
   }
  },

  "components": {
      "minecraft:collision_box": {
        "width": 1,
        "height": 1
      },
      "minecraft:timer": {
          "looping": false,
          "time": 6.0,
          "time_down_event": {
            "event": "despawn"
          }
        },
   "minecraft:is_sheared":{}, 
   "minecraft:projectile": {
    "on_hit": {
      "impact_damage": {
        "damage": 10,
        "knockback": true,
        "catch_fire": true,
        "semi_random_diff_damage": false
      },
      "catch_fire": {
        "fire_affected_by_griefing": true
      },
      "remove_on_hit": { }
    },
    "power": 5,
    "gravity": 0.15,
    "inertia": 1,
    "liquid_inertia": 1,
    "uncertainty_base": 0,
    "uncertainty_multiplier": 0,
    "offset": [ 0, -5, 0 ],
    "reflect_on_hurt": true,
    "catch_fire": false
   },
			"minecraft:spawn_entity": [
              {
                "min_wait_time": 0,
                "max_wait_time": 0,
                "single_use": true,
                "spawn_entity": "none:none",
                "num_to_spawn": 1
              }
            ], 
   "minecraft:physics": {
   },
   "minecraft:pushable": {
    "is_pushable": true,
    "is_pushable_by_piston": true
   }
  },
  "events": {
   "minecraft:explode": {
    "add": {
     "component_groups": [
      "minecraft:exploding"
     ]
    }
   },
   "despawn": {
    "add": {
     "component_groups": [
      "despawn"
     ]
    }
   }

  }
} 
  }