{
	"format_version": "1.8.0",
	"animations": {
		"animation.dragonboss.fly": {
			"loop": true,
			"animation_length": 3.64,
			"bones": {
				"body": {
					"position": {
						"0.0": [0, 1, 0],
						"0.92": [0, 0, 0],
						"1.8": [0, 1, 0],
						"2.72": [0, 0, 0],
						"3.64": [0, 1, 0]
					}
				},
				"thighRight2": {
					"rotation": [-77.5, 0, 0]
				},
				"thighLeft2": {
					"rotation": [-77.5, 0, 0]
				},
				"thighRight": {
					"rotation": [-47.5, 0, 0]
				},
				"calfRight": {
					"rotation": [-25, 0, 0]
				},
				"ankleRight": {
					"rotation": [-37.5, 0, 0]
				},
				"footRight": {
					"rotation": [-32.5, 0, 0]
				},
				"thighLeft": {
					"rotation": [-47.5, 0, 0]
				},
				"calfLeft": {
					"rotation": [-25, 0, 0]
				},
				"ankleLeft": {
					"rotation": [-37.5, 0, 0]
				},
				"footLeft": {
					"rotation": [-32.5, 0, 0]
				},
				"tail": {
					"rotation": ["-6 + Math.sin(query.anim_time*100) * 3", 0, 0]
				},
				"tail2": {
					"rotation": [-2.5, 0, 0]
				},
				"tail3": {
					"rotation": [-2.5, 0, 0]
				},
				"tail4": {
					"rotation": [-5, 0, 0]
				},
				"tail5": {
					"rotation": [-5, 0, 0]
				},
				"tail6": {
					"rotation": [5, 0, 0]
				},
				"tail7": {
					"rotation": [2.5, 0, 0]
				},
				"tail8": {
					"rotation": [2.5, 0, 0]
				},
				"tail9": {
					"rotation": [10, 0, 0]
				},
				"tail10": {
					"rotation": [7.5, 0, 0]
				},
				"neck": {
					"rotation": ["-5 + Math.sin(query.anim_time*100) * 3", 0, 0]
				},
				"neck2": {
					"rotation": [-10, 0, 0]
				},
				"neck3": {
					"rotation": [-7.5, 0, 0]
				},
				"neck4": {
					"rotation": [-12.5, 0, 0]
				},
				"neck7": {
					"rotation": [10, 0, 0]
				},
				"wing": {
					"rotation": [-55, 0, "45 + Math.cos(query.anim_time*200) * 50"]
				},
				"wing2": {
					"rotation": [117.5, "-Math.sin(query.anim_time*200) * 50", 0]
				},
				"wing3": {
					"rotation": [-137.5, 0, 0]
				},
				"wingfinger": {
					"rotation": [35, 0, 0]
				},
				"wingfinger2": {
					"rotation": [45, 0, 0]
				},
				"wingfinger3": {
					"rotation": [32.5, 0, 0]
				},
				"wing4": {
					"rotation": [-55, 0, "-45 - Math.cos(query.anim_time*200) * 50"]
				},
				"wing5": {
					"rotation": [117.5, "Math.sin(query.anim_time*200) * 50", 0]
				},
				"wing6": {
					"rotation": [-137.5, 0, 0]
				},
				"wingfinger4": {
					"rotation": [35, 0, 0]
				},
				"wingfinger5": {
					"rotation": [45, 0, 0]
				},
				"wingfinger6": {
					"rotation": [32.5, 0, 0]
				}
			}
		},
		"animation.dragonboss.sit": {
			"loop": true,
			"animation_length": 3.64,
			"bones": {
				"tail": {
					"rotation": ["-6 - Math.sin(query.anim_time*100) * 5", 0, 0]
				},
				"tail2": {
					"rotation": ["-2.5 - Math.sin(query.anim_time*100) * 5", 0, 0]
				},
				"tail3": {
					"rotation": ["-2.5 - Math.sin(query.anim_time*100) * 5", 0, 0]
				},
				"tail4": {
					"rotation": ["-5 - Math.sin(query.anim_time*100) * 5", 0, 0]
				},
				"tail5": {
					"rotation": [-5, 0, 0]
				},
				"tail6": {
					"rotation": [5, 0, 0]
				},
				"tail7": {
					"rotation": ["2.5 - Math.sin(query.anim_time*100) * 5", 0, 0]
				},
				"tail8": {
					"rotation": ["2.5 - Math.sin(query.anim_time*100) * 5", 0, 0]
				},
				"tail9": {
					"rotation": ["10 - Math.sin(query.anim_time*100) * 5", 0, 0]
				},
				"tail10": {
					"rotation": ["7.5 - Math.sin(query.anim_time*100) * 5", 0, 0]
				},
				"neck": {
					"rotation": ["-5 + Math.sin(query.anim_time*100) * 6", 0, 0]
				},
				"neck2": {
					"rotation": ["-10 + Math.sin(query.anim_time*100) * 6", 0, 0]
				},
				"neck3": {
					"rotation": ["-7.5 + Math.sin(query.anim_time*100) * 6", 0, 0]
				},
				"neck4": {
					"rotation": ["-12.5 + Math.sin(query.anim_time*100) * 6", 0, 0]
				},
				"neck7": {
					"rotation": [10, 0, 0]
				},
				"head": {
					"rotation": [17.5, 0, 0]
				},
				"neck6": {
					"rotation": ["Math.sin(query.anim_time*100) * 6", 0, 0]
				},
				"jaw": {
					"rotation": {
						"0.0": [0, 0, 0],
						"2.72": [-42.5, 0, 0],
						"3.64": [0, 0, 0]
					}
				}
			}
		}
	}
}