{
	"format_version": "1.8.0",
	"animations": {
		"animation.dragonbase.move": {
			"loop": true,
			"animation_length": 1.04,
			"bones": {
				"thighRight2": {
					"rotation": {
						"0.0": [50, 0, 0],
						"0.24": [45, 0, 0],
						"0.52": [-2.5, 0, 0],
						"0.8": [12.5, 0, 0],
						"1.04": [50, 0, 0]
					}
				},
				"calfRight2": {
					"rotation": {
						"0.0": [-17.5, 0, 0],
						"0.52": [7.5, 0, 0],
						"0.8": [0, 0, 0],
						"1.04": [-17.5, 0, 0]
					}
				},
				"ankleRight2": {
					"rotation": {
						"0.0": [-7.5, 0, 0],
						"0.24": [-15, 0, 0],
						"0.52": [-32.5, 0, 0],
						"0.8": [-7.5, 0, 0],
						"1.04": [-7.5, 0, 0]
					}
				},
				"footRight2": {
					"rotation": {
						"0.0": [0, 0, 0],
						"0.24": [0, 0, 0],
						"0.52": [22.5, 0, 0],
						"0.8": [7.5, 0, 0],
						"1.04": [0, 0, 0]
					}
				},
				"thighLeft2": {
					"rotation": {
						"0.0": [-15, 0, 0],
						"0.24": [5, 0, 0],
						"0.52": [45, 0, 0],
						"1.04": [-15, 0, 0]
					}
				},
				"calfLeft2": {
					"rotation": {
						"0.0": [15, 0, 0],
						"0.24": [2.5, 0, 0],
						"0.52": [-15, 0, 0],
						"1.04": [15, 0, 0]
					}
				},
				"ankleLeft2": {
					"rotation": {
						"0.0": [-10, 0, 0],
						"0.24": [0, 0, 0],
						"0.52": [2.5, -2.5, 0],
						"1.04": [-10, 0, 0]
					}
				},
				"footLeft2": {
					"rotation": {
						"0.0": [2.5, 0, 0],
						"0.24": [0, 0, 0],
						"1.04": [2.5, 0, 0]
					}
				},
				"thighRight": {
					"rotation": {
						"0.0": [-15, 0, 0],
						"0.24": [5, 0, 0],
						"0.52": [45, 0, 0],
						"1.04": [-15, 0, 0]
					}
				},
				"calfRight": {
					"rotation": {
						"0.0": [15, 0, 0],
						"0.24": [2.5, 0, 0],
						"0.52": [-15, 0, 0],
						"1.04": [15, 0, 0]
					}
				},
				"ankleRight": {
					"rotation": {
						"0.0": [-10, 0, 0],
						"0.24": [0, 0, 0],
						"0.52": [2.5, -2.5, 0],
						"1.04": [-10, 0, 0]
					}
				},
				"footRight": {
					"rotation": {
						"0.0": [2.5, 0, 0],
						"0.24": [0, 0, 0],
						"1.04": [2.5, 0, 0]
					}
				},
				"thighLeft": {
					"rotation": {
						"0.0": [50, 0, 0],
						"0.24": [45, 0, 0],
						"0.52": [-2.5, 0, 0],
						"0.8": [12.5, 0, 0],
						"1.04": [50, 0, 0]
					}
				},
				"calfLeft": {
					"rotation": {
						"0.0": [-17.5, 0, 0],
						"0.52": [7.5, 0, 0],
						"0.8": [0, 0, 0],
						"1.04": [-17.5, 0, 0]
					}
				},
				"ankleLeft": {
					"rotation": {
						"0.0": [-7.5, 0, 0],
						"0.24": [-15, 0, 0],
						"0.52": [-32.5, 0, 0],
						"0.8": [-7.5, 0, 0],
						"1.04": [-7.5, 0, 0]
					}
				},
				"footLeft": {
					"rotation": {
						"0.0": [0, 0, 0],
						"0.24": [0, 0, 0],
						"0.52": [22.5, 0, 0],
						"0.8": [7.5, 0, 0],
						"1.04": [0, 0, 0]
					}
				},
				"neck": {
					"rotation": {
						"0.0": [-3, 0, 0],
						"0.52": [0, 0, 0],
						"1.04": [-3, 0, 0]
					}
				},
				"neck2": {
					"rotation": {
						"0.0": [-3, 0, 0],
						"0.52": [0, 0, 0],
						"1.04": [-3, 0, 0]
					}
				},
				"neck3": {
					"rotation": {
						"0.0": [-3, 0, 0],
						"0.52": [0, 0, 0],
						"1.04": [-3, 0, 0]
					}
				},
				"neck4": {
					"rotation": {
						"0.0": [-3, 0, 0],
						"0.52": [0, 0, 0],
						"1.04": [-3, 0, 0]
					}
				},
				"neck5": {
					"rotation": {
						"0.0": [-3, 0, 0],
						"0.52": [0, 0, 0],
						"1.04": [-3, 0, 0]
					}
				},
				"neck6": {
					"rotation": {
						"0.0": [-3, 0, 0],
						"0.52": [0, 0, 0],
						"1.04": [-3, 0, 0]
					}
				},
				"neck7": {
					"rotation": {
						"0.0": [-3, 0, 0],
						"0.52": [0, 0, 0],
						"1.04": [-3, 0, 0]
					}
				},
				"head": {
					"rotation": {
						"0.0": [20, 0, 0],
						"0.52": [0, 0, 0],
						"1.04": [20, 0, 0]
					}
				},
				"wing": {
					"rotation": {
						"0.0": [0, 0, 0],
						"0.52": [0, 0, 10],
						"1.04": [0, 0, 0]
					}
				},
				"wing4": {
					"rotation": {
						"0.0": [0, 0, 0],
						"0.52": [0, 0, -10],
						"1.04": [0, 0, 0]
					}
				}
			}
		},
		"animation.dragonbase.fly": {
			"loop": true,
			"animation_length": 3.63333,
			"bones": {
				"thighRight2": {
					"rotation": [85, 20, 0]
				},
				"calfRight2": {
					"rotation": [-30, 0, 0]
				},
				"ankleRight2": {
					"rotation": [45, 0, 0]
				},
				"footRight2": {
					"rotation": [45, 0, 0]
				},
				"thighLeft2": {
					"rotation": [85, -20, 0]
				},
				"calfLeft2": {
					"rotation": [-30, 0, 0]
				},
				"ankleLeft2": {
					"rotation": [45, 0, 0]
				},
				"footLeft2": {
					"rotation": [45, 0, 0]
				},
				"thighRight": {
					"rotation": [30, 0, 0]
				},
				"calfRight": {
					"rotation": [50, 0, 0]
				},
				"ankleRight": {
					"rotation": [40, 0, 0]
				},
				"footRight": {
					"rotation": [35, 0, 0]
				},
				"thighLeft": {
					"rotation": [30, 0, 0]
				},
				"calfLeft": {
					"rotation": [50, 0, 0]
				},
				"ankleLeft": {
					"rotation": [40, 0, 0]
				},
				"footLeft": {
					"rotation": [35, 0, 0]
				},
				"tail": {
					"rotation": ["4 + Math.sin(query.anim_time*100) * 2", 0, 0]
				},
				"tail2": {
					"rotation": ["5 + Math.sin(query.anim_time*100) * 2", 0, 0]
				},
				"tail3": {
					"rotation": ["6 + Math.sin(query.anim_time*100) * 2", 0, 0]
				},
				"tail4": {
					"rotation": ["4 + Math.sin(query.anim_time*100) * 2", 0, 0],
					"scale": 1
				},
				"tail5": {
					"rotation": ["5 + Math.sin(query.anim_time*100) * 2", 0, 0]
				},
				"tail6": {
					"rotation": ["-4 + Math.sin(query.anim_time*100) * 2", 0, 0]
				},
				"tail7": {
					"rotation": ["-5 + Math.sin(query.anim_time*100) * 2", 0, 0],
					"scale": 1
				},
				"tail8": {
					"rotation": ["-5 + Math.sin(query.anim_time*100) * 2", 0, 0]
				},
				"tail9": {
					"rotation": ["-4 + Math.sin(query.anim_time*100) * 5", 0, 0]
				},
				"tail10": {
					"rotation": ["-5 + Math.sin(query.anim_time*100) * 2", 0, 0]
				},
				"tail11": {
					"rotation": ["-5 + Math.sin(query.anim_time*100) * 2", 0, 0]
				},
				"tail12": {
					"rotation": ["-5 + Math.sin(query.anim_time*100) * 2", 2.5, 0]
				},
				"neck": {
					"rotation": ["5 - Math.sin(query.anim_time*100) * 3", 0, 0]
				},
				"neck2": {
					"rotation": ["9 - Math.sin(query.anim_time*100) * 3", 0, 0]
				},
				"neck3": {
					"rotation": [9, 0, 0]
				},
				"neck4": {
					"rotation": [11, 0, 0]
				},
				"neck5": {
					"rotation": [6, 0, 0]
				},
				"neck6": {
					"rotation": [-3, 0, 0]
				},
				"neck7": {
					"rotation": [-16, 0, 0]
				},
				"wing": {
					"rotation": [55, 0, "45 + Math.cos(query.anim_time*200) * 50"]
				},
				"wing2": {
					"rotation": [-120, "Math.sin(query.anim_time*200) * 50", 0]
				},
				"wing3": {
					"rotation": [140, 0, 0]
				},
				"wingfinger": {
					"rotation": [-35, 0, 0]
				},
				"wingfinger2": {
					"rotation": [-45, 0, 0]
				},
				"wingfinger3": {
					"rotation": [-35, 0, 0]
				},
				"wing4": {
					"rotation": [55, 0, "-45 + -Math.cos(query.anim_time*200) * 50"]
				},
				"wing5": {
					"rotation": [-120, "-Math.sin(query.anim_time*200) * 50", 0]
				},
				"wing6": {
					"rotation": [140, 0, 0]
				},
				"wingfinger4": {
					"rotation": [-35, 0, 0]
				},
				"wingfinger5": {
					"rotation": [-45, 0, 0]
				},
				"wingfinger6": {
					"rotation": {
						"0.0": [-35, 0, 0],
						"0.2333": [-35, 0, 0]
					}
				},
				"head": {
					"rotation": [-21, 0, 0]
				},
				"body": {
					"position": {
						"0.0": [0, 1, 0],
						"0.9": [0, 0, 0],
						"1.8": [0, 1, 0],
						"2.7": [0, 0, 0],
						"3.6333": [0, 1, 0]
					}
				}
			},
			"sound_effects": {
				"0.0": {
					"effect": "flyeffect"
				},
				"1.8333": {
					"effect": "flyeffect"
				}
			}
		},
		"animation.dragonbase.sit": {
			"loop": true,
			"animation_length": 1.56,
			"bones": {
				"body": {
					"position": [0, -6, 0]
				},
				"thighRight2": {
					"rotation": [-20, 0, 0]
				},
				"calfRight2": {
					"rotation": [30, 0, 0]
				},
				"ankleRight2": {
					"rotation": [-25, 0, 0]
				},
				"footRight2": {
					"rotation": [15, 0, 0]
				},
				"thighLeft2": {
					"rotation": [-20, 0, 0]
				},
				"calfLeft2": {
					"rotation": [30, 0, 0]
				},
				"ankleLeft2": {
					"rotation": [-25, 0, 0]
				},
				"footLeft2": {
					"rotation": [15, 0, 0]
				},
				"thighRight": {
					"rotation": [-15, 0, 0]
				},
				"calfRight": {
					"rotation": [-15, 0, 0]
				},
				"ankleRight": {
					"rotation": [0, 0, 0]
				},
				"footRight": {
					"rotation": [30, 0, 0]
				},
				"thighLeft": {
					"rotation": [-15, 0, 0]
				},
				"calfLeft": {
					"rotation": [-15, 0, 0]
				},
				"ankleLeft": {
					"rotation": [0, 0, 0]
				},
				"footLeft": {
					"rotation": [30, 0, 0]
				},
				"tail": {
					"rotation": [-10, -20, 0]
				},
				"tail2": {
					"rotation": [0, -40, 0]
				},
				"tail3": {
					"rotation": [0, -30, -15]
				},
				"tail4": {
					"rotation": [15, -45, -15]
				},
				"tail5": {
					"rotation": [0, -20, -10]
				},
				"tail6": {
					"rotation": [0, -5, -5]
				},
				"tail7": {
					"rotation": [0, -10, 0]
				},
				"tail8": {
					"rotation": [0, -5, 0]
				},
				"tail9": {
					"rotation": [-10, 25, 0]
				},
				"tail10": {
					"rotation": [-10, 20, 0]
				},
				"tail11": {
					"rotation": [5, 27.5, 0]
				},
				"tail12": {
					"rotation": [-10, 50, 2.5]
				},
				"neck": {
					"rotation": {
						"0.0": [0, 0, 0],
						"0.84": [5, 0, 0],
						"1.56": [0, 0, 0]
					}
				},
				"neck2": {
					"rotation": {
						"0.0": [0, 0, 0],
						"0.84": [5, 0, 0],
						"1.56": [0, 0, 0]
					}
				},
				"neck3": {
					"rotation": {
						"0.0": [0, 0, 0],
						"0.84": [0, 0, 0],
						"1.56": [0, 0, 0]
					}
				},
				"neck4": {
					"rotation": {
						"0.0": [0, 0, 0],
						"0.84": [5, 0, 0],
						"1.56": [0, 0, 0]
					}
				},
				"neck5": {
					"rotation": {
						"0.0": [0, 0, 0],
						"0.84": [3, 0, 0],
						"1.56": [0, 0, 0]
					}
				},
				"neck6": {
					"rotation": {
						"0.0": [0, 0, 0],
						"0.84": [-1, 0, 0],
						"1.56": [0, 0, 0]
					}
				},
				"neck7": {
					"rotation": {
						"0.0": [0, 0, 0],
						"1.56": [0, 0, 0]
					}
				},
				"head": {
					"rotation": {
						"0.0": [0, 0, 0],
						"0.84": [-17, 0, 0],
						"1.56": [0, 0, 0]
					}
				},
				"wing": {
					"rotation": {
						"0.0": [0, 0, 0],
						"0.84": [0, 0, 10],
						"1.56": [0, 0, 0]
					}
				},
				"wing4": {
					"rotation": {
						"0.0": [0, 0, 0],
						"0.84": [0, 0, -10],
						"1.56": [0, 0, 0]
					}
				}
			}
		},
		"animation.dragonbase.base_pose": {
			"loop": true,
			"bones": {
				"body": {
					"rotation": ["-query.target_x_rotation", 0, 0]
				}
			}
		},
		"animation.dragonbase.setup": {
			"loop": true,
			"animation_length": 4.699,
			"bones": {
				"tail": {
					"rotation": [0, "variable.tail", 0]
				},
				"tail2": {
					"rotation": [0, "variable.tail2", 0]
				},
				"tail3": {
					"rotation": [0, "variable.tail3", 0]
				},
				"tail4": {
					"rotation": [0, "variable.tail4", 0]
				},
				"tail5": {
					"rotation": [0, "variable.tail5", 0]
				},
				"tail6": {
					"rotation": [0, "variable.tail6", 0]
				},
				"neck": {
					"rotation": [0, "variable.neck", 0]
				},
				"neck2": {
					"rotation": [0, "variable.neck2", 0]
				},
				"neck3": {
					"rotation": [0, "variable.neck3", 0]
				},
				"neck4": {
					"rotation": [0, "variable.neck4", 0]
				},
				"neck5": {
					"rotation": [0, "variable.neck5", 0]
				},
				"neck6": {
					"rotation": [0, "variable.neck6", 0]
				},
				"head": {
					"rotation": [0, "variable.head", 0]
				}
			}
		},
		"animation.dragonbase.breath": {
			"loop": true,
			"animation_length": 0.24,
			"bones": {
				"jaw": {
					"rotation": [42.5, 0, 0]
				}
			},
			"sound_effects": {
				"0.08": {
					"effect": "breath"
				}
			},
			"particle_effects": {
				"0.0": {
					"effect": "breath",
					"locator": "breath1"
				},
				"0.08": {
					"effect": "breath2",
					"locator": "breath2"
				},
				"0.16": {
					"effect": "breath3",
					"locator": "breath3"
				}
			}
		},
		"animation.dragonbase.growl": {
			"loop": true,
			"animation_length": 15,
			"bones": {
				"jaw": {
					"rotation": {
						"0.0": [0, 0, 0],
						"0.52": [47.5, 0, 0],
						"2.6": [47.5, 0, 0],
						"3.12": [0, 0, 0]
					}
				}
			},
			"sound_effects": {
				"0.52": {
					"effect": "growl"
				}
			}
		},
		"animation.dragonbase.fly_open": {
			"loop": true,
			"animation_length": 1.64,
			"bones": {
				"thighRight2": {
					"rotation": [85, 20, 0]
				},
				"calfRight2": {
					"rotation": [-30, 0, 0]
				},
				"ankleRight2": {
					"rotation": [45, 0, 0]
				},
				"footRight2": {
					"rotation": [45, 0, 0]
				},
				"thighLeft2": {
					"rotation": [85, -20, 0]
				},
				"calfLeft2": {
					"rotation": [-30, 0, 0]
				},
				"ankleLeft2": {
					"rotation": [45, 0, 0]
				},
				"footLeft2": {
					"rotation": [45, 0, 0]
				},
				"thighRight": {
					"rotation": [30, 0, 0]
				},
				"calfRight": {
					"rotation": [50, 0, 0]
				},
				"ankleRight": {
					"rotation": [40, 0, 0]
				},
				"footRight": {
					"rotation": [35, 0, 0]
				},
				"thighLeft": {
					"rotation": [30, 0, 0]
				},
				"calfLeft": {
					"rotation": [50, 0, 0]
				},
				"ankleLeft": {
					"rotation": [40, 0, 0]
				},
				"footLeft": {
					"rotation": [35, 0, 0]
				},
				"tail": {
					"rotation": [4, 0, 0]
				},
				"tail2": {
					"rotation": [5.5, 0, 0]
				},
				"tail3": {
					"rotation": [5, 0, 0]
				},
				"tail4": {
					"rotation": [5.5, 0, 0]
				},
				"tail5": {
					"rotation": [4.5, 0, 0]
				},
				"tail6": {
					"rotation": [-5, 0, 0]
				},
				"tail7": {
					"rotation": [-5, 0, -2]
				},
				"tail8": {
					"rotation": [-6, 0, 0]
				},
				"tail9": {
					"rotation": [-11, 0, 0]
				},
				"tail10": {
					"rotation": [-3, 0, 0]
				},
				"tail11": {
					"rotation": [-4.5, -2.5, 0]
				},
				"tail12": {
					"rotation": [-10, 0, 0]
				},
				"neck": {
					"rotation": ["4 + Math.sin(query.anim_time*100) * 3", 0, 0]
				},
				"neck2": {
					"rotation": [12.5, 0, 0]
				},
				"neck3": {
					"rotation": [10.5, 0, 0]
				},
				"neck4": {
					"rotation": [9.5, 0, 1]
				},
				"neck5": {
					"rotation": [4, 0, 1]
				},
				"neck6": {
					"rotation": [-4.5, 0, 0]
				},
				"neck7": {
					"rotation": [-14.5, 0, 0]
				},
				"jaw": {
					"rotation": {
						"0.0": [30, 0, 0],
						"0.9167": [0, 0, 0],
						"1.6333": [30, 0, 0]
					}
				},
				"wing": {
					"rotation": {
						"0.0": [55, 0, 30],
						"0.9167": [55, 0, 33],
						"1.6333": [55, 0, 30]
					}
				},
				"wing2": {
					"rotation": [-120, 5, 0]
				},
				"wing3": {
					"rotation": [140, -5, 0]
				},
				"wingfinger": {
					"rotation": [-35, 0, 0]
				},
				"wingfinger2": {
					"rotation": [-45, 0, 0]
				},
				"wingfinger3": {
					"rotation": [-35, 0, 0]
				},
				"wing4": {
					"rotation": {
						"0.0": [55, 0, -30],
						"0.9167": [55, 0, -32],
						"1.6333": [55, 0, -30]
					}
				},
				"wing5": {
					"rotation": [-120, -5, 0]
				},
				"wing6": {
					"rotation": [140, 5, 0]
				},
				"wingfinger4": {
					"rotation": [-35, 0, 0]
				},
				"wingfinger5": {
					"rotation": [-45, 0, 0]
				},
				"wingfinger6": {
					"rotation": {
						"0.0": [-35, 0, 0],
						"0.2333": [-35, 0, 0]
					}
				},
				"head": {
					"rotation": [-20, 0, 0]
				}
			},
			"sound_effects": {
				"0.9167": {
					"effect": "glideeffect"
				}
			}
		},
		"animation.dragonbase.fly_rest": {
			"loop": true,
			"animation_length": 1.6667,
			"bones": {
				"thighRight2": {
					"rotation": [85, 20, 0]
				},
				"calfRight2": {
					"rotation": [-30, 0, 0]
				},
				"ankleRight2": {
					"rotation": [45, 0, 0]
				},
				"footRight2": {
					"rotation": [45, 0, 0]
				},
				"thighLeft2": {
					"rotation": [85, -20, 0]
				},
				"calfLeft2": {
					"rotation": [-30, 0, 0]
				},
				"ankleLeft2": {
					"rotation": [45, 0, 0]
				},
				"footLeft2": {
					"rotation": [45, 0, 0]
				},
				"thighRight": {
					"rotation": [30, 0, 0]
				},
				"calfRight": {
					"rotation": [50, 0, 0]
				},
				"ankleRight": {
					"rotation": [40, 0, 0]
				},
				"footRight": {
					"rotation": [35, 0, 0]
				},
				"thighLeft": {
					"rotation": [30, 0, 0]
				},
				"calfLeft": {
					"rotation": [50, 0, 0]
				},
				"ankleLeft": {
					"rotation": [40, 0, 0]
				},
				"footLeft": {
					"rotation": [35, 0, 0]
				},
				"tail": {
					"rotation": {
						"0.0": [0, 0, 0],
						"0.8333": [2, 0, 0],
						"1.6333": [0, 0, 0]
					}
				},
				"tail2": {
					"rotation": {
						"0.0": [11, 0, 0],
						"0.8333": [13, 0, 0],
						"1.6333": [11, 0, 0]
					}
				},
				"tail3": {
					"rotation": {
						"0.0": [14, 0, 0],
						"0.8333": [18, 0, 0],
						"1.6333": [14, 0, 0]
					}
				},
				"tail4": {
					"rotation": {
						"0.0": [12, 0, 0],
						"0.8333": [15, 0, 0],
						"1.6333": [12, 0, 0]
					}
				},
				"tail5": {
					"rotation": {
						"0.0": [12, 0, 0],
						"0.8333": [16, 0, 0],
						"1.6333": [12, 0, 0]
					}
				},
				"tail6": {
					"rotation": {
						"0.0": [0, 0, 0],
						"0.8333": [4, 0, 0],
						"1.6333": [0, 0, 0]
					}
				},
				"tail7": {
					"rotation": {
						"0.0": [0, 0, 0],
						"0.8333": [5, 0, 0],
						"1.6333": [0, 0, 0]
					}
				},
				"tail8": {
					"rotation": {
						"0.0": [0, 0, 0],
						"1.6333": [0, 0, 0]
					}
				},
				"tail9": {
					"rotation": {
						"0.0": [0, 0, 0],
						"1.6333": [0, 0, 0]
					}
				},
				"tail10": {
					"rotation": {
						"0.0": [0, 0, 0],
						"1.6333": [0, 0, 0]
					}
				},
				"tail11": {
					"rotation": {
						"0.0": [0, 0, 0],
						"1.6333": [0, 0, 0]
					}
				},
				"tail12": {
					"rotation": {
						"0.0": [0, 0, 0],
						"1.6333": [0, 0, 0]
					}
				},
				"neck": {
					"rotation": {
						"0.0": [1, 0, 0],
						"0.9667": [5, 0, 0],
						"1.6333": [1, 0, 0]
					}
				},
				"neck2": {
					"rotation": {
						"0.0": [14, 0, 0],
						"0.9667": [18, 0, 0],
						"1.6333": [14, 0, 0]
					}
				},
				"neck3": {
					"rotation": {
						"0.0": [19, 0, 0],
						"0.9667": [26, 0, 0],
						"1.6333": [19, 0, 0]
					}
				},
				"neck4": {
					"rotation": {
						"0.0": [16, 0, 0],
						"0.9667": [31, 0, 0],
						"1.6333": [16, 0, 0]
					}
				},
				"neck5": {
					"rotation": {
						"0.0": [12, 0, 0],
						"0.9667": [11, 0, 0],
						"1.6333": [12, 0, 0]
					}
				},
				"neck6": {
					"rotation": {
						"0.0": [4, 0, 0],
						"0.9667": [-4, 0, 0],
						"1.6333": [4, 0, 0]
					}
				},
				"neck7": {
					"rotation": [-13, 0, 0]
				},
				"head": {
					"rotation": {
						"0.0": [1, 0, 0],
						"0.8333": [-15, 0, 0],
						"1.6333": [1, 0, 0]
					}
				},
				"wing": {
					"rotation": [55, 0, "45 + Math.cos(query.anim_time*200) * 50"]
				},
				"wing2": {
					"rotation": [-120, "Math.sin(query.anim_time*200) * 50", 0]
				},
				"wing3": {
					"rotation": {
						"0.0": [140, 0, 0],
						"1.0333": [140, -5, 0],
						"1.3667": [140, -10, 0],
						"1.6333": [140, 0, 0]
					}
				},
				"wingfinger": {
					"rotation": [-35, 0, 0]
				},
				"wingfinger2": {
					"rotation": [-45, 0, 0]
				},
				"wingfinger3": {
					"rotation": [-35, 0, 0]
				},
				"wing4": {
					"rotation": [55, 0, "-45 + -Math.cos(query.anim_time*200) * 50"]
				},
				"wing5": {
					"rotation": [-120, "-Math.sin(query.anim_time*200) * 50", 0]
				},
				"wing6": {
					"rotation": [140, 0, 0]
				},
				"wingfinger4": {
					"rotation": [-35, 0, 0]
				},
				"wingfinger5": {
					"rotation": [-45, 0, 0]
				},
				"wingfinger6": {
					"rotation": {
						"0.0": [-35, 0, 0],
						"0.2333": [-35, 0, 0]
					}
				},
				"body": {
					"rotation": [-45, 0, 0]
				},
				"jaw": {
					"rotation": {
						"0.0333": [30, 0, 0],
						"0.95": [0, 0, 0],
						"1.6667": [30, 0, 0]
					}
				}
			},
			"sound_effects": {
				"0.7667": {
					"effect": "flyeffect"
				}
			}
		},
		"animation.dragonbase.scale": {
			"loop": true,
			"bones": {
				"body": {
					"position": [0, 9, 0],
					"scale": 1.5
				}
			}
		},
		"animation.dragonbase.rot": {
			"loop": true,
			"bones": {
				"body": {
					"rotation": ["query.head_x_rotation(0)", 0, "-Math.sin(query.yaw_speed)*50"],
					"position": [0, "Math.sin(query.head_x_rotation(0))*(query.head_x_rotation(0) < 0 ? 5 : -5)", 0]
				}
			}
		},
		"animation.dragonbase.sleep": {
			"loop": true,
			"animation_length": 1.56,
			"bones": {
				"body": {
					"position": [0, -8, 0]
				},
				"thighRight2": {
					"rotation": [-35, 0, 0]
				},
				"calfRight2": {
					"rotation": [40, 0, 0]
				},
				"ankleRight2": {
					"rotation": [-30, 0, 0]
				},
				"footRight2": {
					"rotation": [25, 0, 0]
				},
				"thighLeft2": {
					"rotation": [-35, 0, 0]
				},
				"calfLeft2": {
					"rotation": [40, 0, 0]
				},
				"ankleLeft2": {
					"rotation": [-30, 0, 0]
				},
				"footLeft2": {
					"rotation": [25, 0, 0]
				},
				"thighRight": {
					"rotation": [10, 0, 0]
				},
				"calfRight": {
					"rotation": [-25, 0, 0]
				},
				"ankleRight": {
					"rotation": [-30, 0, 0]
				},
				"footRight": {
					"rotation": [45, 0, 0]
				},
				"thighLeft": {
					"rotation": [10, 0, 0]
				},
				"calfLeft": {
					"rotation": [-25, 0, 0]
				},
				"ankleLeft": {
					"rotation": [-30, 0, 0]
				},
				"footLeft": {
					"rotation": [45, 0, 0]
				},
				"tail": {
					"rotation": [-10, -20, 0],
					"position": [0, 0, 0]
				},
				"tail2": {
					"rotation": [0, -40, 0]
				},
				"tail3": {
					"rotation": [0, -30, -15]
				},
				"tail4": {
					"rotation": [15, -45, -15]
				},
				"tail5": {
					"rotation": [0, -20, -10]
				},
				"tail6": {
					"rotation": [5, -5, -5]
				},
				"tail7": {
					"rotation": [0, -10, 0]
				},
				"tail8": {
					"rotation": [0, -5, 0]
				},
				"tail9": {
					"rotation": [-10, -10, 0]
				},
				"tail10": {
					"rotation": [-10, -20, 0]
				},
				"tail11": {
					"rotation": [-5, -30, 0]
				},
				"tail12": {
					"rotation": [-10, -35, 0]
				},
				"neck": {
					"rotation": [22.5, 17.5, 0],
					"position": {
						"0.0": [0, -2.5, 0],
						"0.92": [0, -3, 0],
						"1.56": [0, -2.5, 0]
					}
				},
				"neck2": {
					"rotation": [17, 20, -5]
				},
				"neck3": {
					"rotation": [9, 15, -9]
				},
				"neck4": {
					"rotation": [18, 19, -8]
				},
				"neck5": {
					"rotation": [-5, 13, -3]
				},
				"neck6": {
					"rotation": [-17.5, 14, -8]
				},
				"neck7": {
					"rotation": [-22.5, 0, 0]
				},
				"head": {
					"rotation": [-25, 0, 0]
				},
				"wing": {
					"rotation": [0, 0, 110]
				},
				"wing4": {
					"rotation": [0, 0, -77.5]
				},
				"body2": {
					"position": {
						"0.0": [0, 0, 0],
						"0.72": [0, -0.4, 0],
						"1.56": [0, 0, 0]
					}
				}
			}
		},
		"animation.dragonbase.look_at_target": {
			"loop": true,
			"animation_length": 1.11,
			"bones": {
				"head": {
					"rotation": ["query.target_x_rotation", "query.target_y_rotation", 0]
				},
				"neck": {
					"rotation": [0, "query.target_y_rotation * 0.25", 0]
				},
				"neck2": {
					"rotation": [0, "query.target_y_rotation * 0.15", 0]
				},
				"neck3": {
					"rotation": [0, "query.target_y_rotation * 0.15", 0]
				},
				"neck4": {
					"rotation": [0, "query.target_y_rotation * 0.15", 0]
				},
				"neck5": {
					"rotation": [0, "query.target_y_rotation * 0.15", 0]
				},
				"neck6": {
					"rotation": [0, "query.target_y_rotation * 0.15", 0]
				},
				"neck7": {
					"rotation": [0, "query.target_y_rotation * 0.15", 0]
				}
			}
		},
		"animation.dragonbase.eye_close": {
			"loop": true,
			"animation_length": 0.5,
			"bones": {
				"eye_lid": {
					"position": [0, 0, -0.5]
				}
			}
		},
		"animation.dragonbase.idle": {
			"loop": true,
			"bones": {
				"tail": {
					"rotation": ["Math.sin(query.anim_time*100) * 3", 0, 0]
				},
				"tail6": {
					"rotation": ["Math.cos(query.anim_time*100) * -2", 0, 0]
				},
				"neck": {
					"rotation": ["Math.sin(query.anim_time*100) * 3", 0, 0]
				},
				"neck4": {
					"rotation": ["Math.sin(query.anim_time*100) * 3", 0, 0]
				},
				"head": {
					"rotation": ["3 + Math.cos(query.anim_time*100) * -3", 0, 0]
				},
				"wing2": {
					"rotation": ["Math.cos(query.anim_time*100) * -2", 0, 0]
				},
				"wing3": {
					"rotation": ["Math.sin(query.anim_time*100) * 2", 0, 0]
				},
				"wing5": {
					"rotation": ["Math.cos(query.anim_time*100) * -2", 0, 0]
				},
				"wing6": {
					"rotation": ["Math.sin(query.anim_time*100) * 2", 0, 0]
				}
			}
		},
		"animation.dragonbase.breath2": {
			"loop": true,
			"animation_length": 0.16,
			"particle_effects": {
				"0.0": {
					"effect": "breath1",
					"locator": "breath1"
				},
				"0.04": {
					"effect": "breath2",
					"locator": "breath2"
				},
				"0.08": {
					"effect": "breath3",
					"locator": "breath3"
				},
				"0.12": {
					"effect": "breath2",
					"locator": "breath1"
				}
			}
		}
	}
}