{
	"format_version": "1.8.0",
	"animations": {
		"animation.flying_cow_wings.open": {
			"loop": true,
			"animation_length": 1.04,
			"bones": {
				"wing": {
					"rotation": {
						"0.0": [0, 0, 0],
						"0.52": [0, 117.5, 0],
						"1.04": [0, 0, 0]
					}
				},
				"wing_edge": {
					"rotation": [0, 0, -157.5]
				},
				"wing2": {
					"rotation": {
						"0.0": [0, 0, 0],
						"0.52": [0, -117.5, 0],
						"1.04": [0, 0, 0]
					}
				},
				"wing_edge2": {
					"rotation": [0, 0, 157.5]
				}
			}
		}
	}
}