{
	"format_version": "1.8.0",
	"animations": {
		"animation.kdragon.move": {
			"loop": true,
			"animation_length": 0.64,
			"bones": { 
				"spine6": {
					"rotation": {
						"0.0": [0, 0, 0],
						"0.3167": [5, 0, 0],
						"0.6333": [0, 0, 0]
					}
				},
				"head": {
					"rotation": {
						"0.0": [0, 0, 0],
						"0.3167": [5, 0, 0],
						"0.6333": [0, 0, 0]
					}
				},
				"wing2": {
					"rotation": {
						"0.0": [0, 35, 0],
						"0.3167": [0, -35, 0],
						"0.6333": [0, 35, 0]
					}
				},
				"rear_leg2": {
					"rotation": {
						"0.0": [35, 0, 0],
						"0.3167": [-35, 0, 0],
						"0.6333": [35, 0, 0]
					}
				},
				"rear_leg3": {
					"rotation": {
						"0.0": [-35, 0, 0],
						"0.3167": [35, 0, 0],
						"0.6333": [-35, 0, 0]
					}
				},
				"tail": {
					"rotation": {
						"0.0": [0, 0, 0],
						"0.3167": [-5, 0, 0],
						"0.6333": [0, 0, 0]
					}
				},
				"wing": {
					"rotation": {
						"0.0": [0, 35, 0],
						"0.3167": [0, -35, 0],
						"0.6333": [0, 35, 0]
					}
				}
			}, 
		    "particle_effects":{
		        "0": { 
		            "effect": "particle", 
		            "locator": "effect1" 
		        }, 
		        "0.01": { 
		            "effect": "particle",
		            "locator": "effect2" 
		        }, 
		        "0.02": {
		            "effect": "particle",
		            "locator": "effect3"
		        },
		        "0.03": {
		            "effect": "particle",
		            "locator": "effect4"
		        }, 
		        "0.04": {
		            "effect": "particle",
		            "locator": "effect5"
		        },
		        "0.05": {
		            "effect": "particle",
		            "locator": "effect6" 
		        }, 
		        "0.32": {
		            "effect": "particle",
		            "locator": "effect1"
		        },
		        "0.33": {
		            "effect": "particle",
		            "locator": "effect2"
		        },
		        "0.34": {
		            "effect": "particle",
		            "locator": "effect3"
		        },
		        "0.35": {
		            "effect": "particle",
		            "locator": "effect4"
		        }, 
		        "0.36": {
		            "effect": "particle",
		            "locator": "effect5"
		        },
		        "0.37": {
		            "effect": "particle",
		            "locator": "effect6"
		        }, 
		        "0.64": {
		            "effect": "particle",
		            "locator": "effect1"
		        }, 
		        "0.63": {
		            "effect": "particle",
		            "locator": "effect2"
		        },
		        "0.62": {
		            "effect": "particle",
		            "locator": "effect3"
		        }, 
		        "0.61": {
		            "effect": "particle",
		            "locator": "effect4"
		        }, 
		        "0.60": {
		            "effect": "particle",
		            "locator": "effect5"
		        },
		        "0.59": {
		            "effect": "particle",
		            "locator": "effect6"
		        }
		    } 
		},
		"animation.kdragon.fly": {
			"loop": true,
			"animation_length": 0.64,
			"bones": {
				"spine6": {
					"rotation": {
						"0.0": [5, 0, 0],
						"0.3167": [-5, 0, 0],
						"0.6333": [5, 0, 0]
					}
				},
				"spine5": {
					"rotation": {
						"0.0": [5, 0, 0],
						"0.3167": [-5, 0, 0],
						"0.6333": [5, 0, 0]
					}
				},
				"spine4": {
					"rotation": {
						"0.0": [5, 0, 0],
						"0.3167": [-5, 0, 0],
						"0.6333": [5, 0, 0]
					}
				},
				"spine3": {
					"rotation": {
						"0.0": [5, 0, 0],
						"0.3167": [-5, 0, 0],
						"0.6333": [5, 0, 0]
					}
				},
				"wing2": {
					"rotation": {
						"0.0": [0, 0, -75],
						"0.3167": [0, 0, 0],
						"0.6333": [0, 0, -75]
					}
				},
				"wing_tip2": {
					"rotation": {
						"0.0": [0, 0, 65],
						"0.3167": [0, 0, 110],
						"0.6333": [0, 0, 65]
					}
				},
				"rear_leg2": {
					"rotation": {
						"0.0": [35, 0, 0],
						"0.6333": [35, 0, 0]
					}
				},
				"rear_leg_tip_sub_5": {
					"rotation": {
						"0.0": [40, 0, 0],
						"0.6333": [40, 0, 0]
					}
				},
				"rear_leg3": {
					"rotation": {
						"0.0": [35, 0, 0],
						"0.6333": [35, 0, 0]
					}
				},
				"rear_leg_tip_sub_8": {
					"rotation": {
						"0.0": [40, 0, 0],
						"0.6333": [40, 0, 0]
					}
				},
				"tail": {
					"rotation": {
						"0.0": [0, 0, 0],
						"0.3167": [5, 0, 0]
					}
				},
				"tail2": {
					"rotation": {
						"0.0": [0, 0, 0],
						"0.3167": [5, 0, 0]
					}
				},
				"tail3": {
					"rotation": {
						"0.0": [0, 0, 0],
						"0.3167": [5, 0, 0]
					}
				},
				"tail4": {
					"rotation": {
						"0.0": [0, 0, 0],
						"0.3167": [5, 0, 0]
					}
				},
				"tail5": {
					"rotation": {
						"0.0": [0, 0, 0],
						"0.3167": [5, 0, 0],
						"0.6333": [0, 0, 0]
					}
				},
				"tail6": {
					"rotation": {
						"0.0": [0, 0, 0],
						"0.3167": [5, 0, 0],
						"0.6333": [0, 0, 0]
					}
				},
				"tail7": {
					"rotation": {
						"0.0": [0, 0, 0],
						"0.3167": [5, 0, 0],
						"0.6333": [0, 0, 0]
					}
				},
				"tail8": {
					"rotation": {
						"0.0": [-10, 0, 0],
						"0.3167": [5, 0, 0],
						"0.6333": [-10, 0, 0]
					}
				},
				"tail9": {
					"rotation": {
						"0.0": [-10, 0, 0],
						"0.3167": [5, 0, 0],
						"0.6333": [-10, 0, 0]
					}
				},
				"tail10": {
					"rotation": {
						"0.0": [-15, 0, 0],
						"0.3167": [5, 0, 0],
						"0.6333": [-15, 0, 0]
					}
				},
				"tail11": {
					"rotation": {
						"0.0": [-20, 0, 0],
						"0.3167": [5, 0, 0],
						"0.6333": [-20, 0, 0]
					}
				},
				"wing": {
					"rotation": {
						"0.0": [0, 0, 75],
						"0.3167": [0, 0, 0],
						"0.6333": [0, 0, 75]
					}
				},
				"wing_tip3": {
					"rotation": {
						"0.0": [0, 0, -65],
						"0.3167": [0, 0, -110],
						"0.6333": [0, 0, -65]
					}
				}
			},
			"sound_effects": {
				"0.3167": {
					"effect": "flyeffect"
				}
			}, 
		    "particle_effects":{
		        "0": { 
		            "effect": "particle",
		            "locator": "effect1" 
		        }, 
		        "0.01": { 
		            "effect": "particle",
		            "locator": "effect2" 
		        }, 
		        "0.02": {
		            "effect": "particle",
		            "locator": "effect3"
		        },
		        "0.03": {
		            "effect": "particle",
		            "locator": "effect4"
		        }, 
		        "0.04": {
		            "effect": "particle",
		            "locator": "effect5"
		        },
		        "0.05": {
		            "effect": "particle",
		            "locator": "effect6" 
		        }, 
		        "0.32": {
		            "effect": "particle",
		            "locator": "effect1"
		        },
		        "0.33": {
		            "effect": "particle",
		            "locator": "effect2"
		        },
		        "0.34": {
		            "effect": "particle",
		            "locator": "effect3"
		        },
		        "0.35": {
		            "effect": "particle",
		            "locator": "effect4"
		        }, 
		        "0.36": {
		            "effect": "particle",
		            "locator": "effect5"
		        },
		        "0.37": {
		            "effect": "particle",
		            "locator": "effect6"
		        }, 
		        "0.64": {
		            "effect": "particle",
		            "locator": "effect1"
		        }, 
		        "0.63": {
		            "effect": "particle",
		            "locator": "effect2"
		        },
		        "0.62": {
		            "effect": "particle",
		            "locator": "effect3"
		        }, 
		        "0.61": {
		            "effect": "particle",
		            "locator": "effect4"
		        }, 
		        "0.60": {
		            "effect": "particle",
		            "locator": "effect5"
		        },
		        "0.59": {
		            "effect": "particle",
		            "locator": "effect6"
		        }
		    } 
		},
		"animation.kdragon.sit": {
			"animation_length": 0.64,
			"bones": {
				"body": {
					"position": [0, -28, 0]
				},
				"spine6": {
					"rotation": [15, -5, 0]
				},
				"spine5": {
					"rotation": [0, -5, 0]
				},
				"spine4": {
					"rotation": [0, -5, 0]
				},
				"spine3": {
					"rotation": [-5, -5, 0]
				},
				"spine2": {
					"rotation": [0, -5, 0]
				},
				"spine": {
					"rotation": [0, -5, 0]
				},
				"wing2": {
					"rotation": [0, -45, -20]
				},
				"wing_tip2": {
					"rotation": [0, 0, 75]
				},
				"rear_leg2": {
					"rotation": [25, 0, 0]
				},
				"rear_leg_tip_sub_5": {
					"rotation": [60, 0, 0]
				},
				"rear_foot2": {
					"rotation": [45, 0, 0]
				},
				"rear_leg3": {
					"rotation": [25, 0, 0]
				},
				"rear_leg_tip_sub_8": {
					"rotation": [60, 0, 0]
				},
				"rear_foot3": {
					"rotation": [45, 0, 0]
				},
				"tail": {
					"rotation": [0, 5, 0]
				},
				"tail2": {
					"rotation": [0, 5, 0]
				},
				"tail3": {
					"rotation": [0, 5, 0]
				},
				"tail4": {
					"rotation": [0, 5, 0]
				},
				"tail5": {
					"rotation": [0, 5, 0]
				},
				"tail6": {
					"rotation": [0, 5, 0]
				},
				"tail7": {
					"rotation": [0, 5, 0]
				},
				"tail8": {
					"rotation": [0, 5, 0]
				},
				"tail9": {
					"rotation": [0, 5, 0]
				},
				"wing": {
					"rotation": [0, 45, 20]
				},
				"wing_tip3": {
					"rotation": [0, 0, -75]
				}
			}, 
		    "particle_effects":{
		        "0": { 
		            "effect": "particle",
		            "locator": "effect1" 
		        }, 
		        "0.01": { 
		            "effect": "particle",
		            "locator": "effect2" 
		        }, 
		        "0.02": {
		            "effect": "particle",
		            "locator": "effect3"
		        },
		        "0.03": {
		            "effect": "particle",
		            "locator": "effect4"
		        }, 
		        "0.04": {
		            "effect": "particle",
		            "locator": "effect5"
		        },
		        "0.05": {
		            "effect": "particle",
		            "locator": "effect6" 
		        }, 
		        "0.32": {
		            "effect": "particle",
		            "locator": "effect1"
		        },
		        "0.33": {
		            "effect": "particle",
		            "locator": "effect2"
		        },
		        "0.34": {
		            "effect": "particle",
		            "locator": "effect3"
		        },
		        "0.35": {
		            "effect": "particle",
		            "locator": "effect4"
		        }, 
		        "0.36": {
		            "effect": "particle",
		            "locator": "effect5"
		        },
		        "0.37": {
		            "effect": "particle",
		            "locator": "effect6"
		        }, 
		        "0.64": {
		            "effect": "particle",
		            "locator": "effect1"
		        }, 
		        "0.63": {
		            "effect": "particle",
		            "locator": "effect2"
		        },
		        "0.62": {
		            "effect": "particle",
		            "locator": "effect3"
		        }, 
		        "0.61": {
		            "effect": "particle",
		            "locator": "effect4"
		        }, 
		        "0.60": {
		            "effect": "particle",
		            "locator": "effect5"
		        },
		        "0.59": {
		            "effect": "particle",
		            "locator": "effect6"
		        }
		    } 
		},
		"animation.kdragon.wing_stay": {
			"animation_length": 0.04,
			"bones": {
				"wing2": {
					"rotation": [0, 0, -45]
				},
				"wing_tip2": {
					"rotation": [0, 0, 90]
				},
				"rear_leg2": {
					"rotation": [30, 0, 0]
				},
				"rear_leg_tip_sub_5": {
					"rotation": [45, 0, 0]
				},
				"rear_leg3": {
					"rotation": [30, 0, 0]
				},
				"rear_leg_tip_sub_8": {
					"rotation": [45, 0, 0]
				},
				"tail": {
					"rotation": [10, 0, 0]
				},
				"wing": {
					"rotation": [0, 0, 45]
				},
				"wing_tip3": {
					"rotation": [0, 0, -90]
				}
			}, 
			"sound_effects": {
				"0.3167": {
					"effect": "glideeffect"
				}
			}, 
		    "particle_effects":{
		        "0": { 
		            "effect": "particle",
		            "locator": "effect1" 
		        }, 
		        "0.01": { 
		            "effect": "particle",
		            "locator": "effect2" 
		        }, 
		        "0.02": {
		            "effect": "particle",
		            "locator": "effect3"
		        },
		        "0.03": {
		            "effect": "particle",
		            "locator": "effect4"
		        }, 
		        "0.04": {
		            "effect": "particle",
		            "locator": "effect5"
		        },
		        "0.05": {
		            "effect": "particle",
		            "locator": "effect6" 
		        }, 
		        "0.32": {
		            "effect": "particle",
		            "locator": "effect1"
		        },
		        "0.33": {
		            "effect": "particle",
		            "locator": "effect2"
		        },
		        "0.34": {
		            "effect": "particle",
		            "locator": "effect3"
		        },
		        "0.35": {
		            "effect": "particle",
		            "locator": "effect4"
		        }, 
		        "0.36": {
		            "effect": "particle",
		            "locator": "effect5"
		        },
		        "0.37": {
		            "effect": "particle",
		            "locator": "effect6"
		        }, 
		        "0.64": {
		            "effect": "particle",
		            "locator": "effect1"
		        }, 
		        "0.63": {
		            "effect": "particle",
		            "locator": "effect2"
		        },
		        "0.62": {
		            "effect": "particle",
		            "locator": "effect3"
		        }, 
		        "0.61": {
		            "effect": "particle",
		            "locator": "effect4"
		        }, 
		        "0.60": {
		            "effect": "particle",
		            "locator": "effect5"
		        },
		        "0.59": {
		            "effect": "particle",
		            "locator": "effect6"
		        }
		    } 
		},
		"animation.kdragon.open_wings": {
			"loop": true,
			"animation_length": 0.6333,
			"bones": {
				"body": {
					"rotation": [-35, 0, 0]
				},
				"spine6": {
					"rotation": [10, 0, 0]
				},
				"spine5": {
					"rotation": [10, 0, 0]
				},
				"spine4": {
					"rotation": [10, 0, 0]
				},
				"spine3": {
					"rotation": [10, 0, 0]
				},
				"wing2": {
					"rotation": {
						"0.0": [0, 0, -75],
						"0.3167": [0, 0, 0],
						"0.6333": [0, 0, -75]
					}
				},
				"wing_tip2": {
					"rotation": {
						"0.0": [0, 0, 65],
						"0.3167": [0, 0, 110],
						"0.6333": [0, 0, 65]
					}
				},
				"wing": {
					"rotation": {
						"0.0": [0, 0, 75],
						"0.3167": [0, 0, 0],
						"0.6333": [0, 0, 75]
					}
				},
				"wing_tip3": {
					"rotation": {
						"0.0": [0, 0, -65],
						"0.3167": [0, 0, -110],
						"0.6333": [0, 0, -65]
					}
				},
				"rear_leg2": {
					"rotation": [20, 0, 0]
				},
				"rear_leg_tip_sub_5": {
					"rotation": [30, 0, 0]
				},
				"rear_foot2": {
					"rotation": [50, 0, 0]
				},
				"rear_leg3": {
					"rotation": [20, 0, 0]
				},
				"rear_leg_tip_sub_8": {
					"rotation": [30, 0, 0]
				},
				"rear_foot3": {
					"rotation": [50, 0, 0]
				}
			}, 
			"sound_effects": {
				"0.3167": {
					"effect": "flyeffect"
				}
			}, 
		    "particle_effects":{
		        "0": { 
		            "effect": "particle",
		            "locator": "effect1" 
		        }, 
		        "0.01": { 
		            "effect": "particle",
		            "locator": "effect2" 
		        }, 
		        "0.02": {
		            "effect": "particle",
		            "locator": "effect3"
		        },
		        "0.03": {
		            "effect": "particle",
		            "locator": "effect4"
		        }, 
		        "0.04": {
		            "effect": "particle",
		            "locator": "effect5"
		        },
		        "0.05": {
		            "effect": "particle",
		            "locator": "effect6" 
		        }, 
		        "0.32": {
		            "effect": "particle",
		            "locator": "effect1"
		        },
		        "0.33": {
		            "effect": "particle",
		            "locator": "effect2"
		        },
		        "0.34": {
		            "effect": "particle",
		            "locator": "effect3"
		        },
		        "0.35": {
		            "effect": "particle",
		            "locator": "effect4"
		        }, 
		        "0.36": {
		            "effect": "particle",
		            "locator": "effect5"
		        },
		        "0.37": {
		            "effect": "particle",
		            "locator": "effect6"
		        }, 
		        "0.64": {
		            "effect": "particle",
		            "locator": "effect1"
		        }, 
		        "0.63": {
		            "effect": "particle",
		            "locator": "effect2"
		        },
		        "0.62": {
		            "effect": "particle",
		            "locator": "effect3"
		        }, 
		        "0.61": {
		            "effect": "particle",
		            "locator": "effect4"
		        }, 
		        "0.60": {
		            "effect": "particle",
		            "locator": "effect5"
		        },
		        "0.59": {
		            "effect": "particle",
		            "locator": "effect6"
		        }
		    } 
		}
	}
}