{
	"format_version": "1.8.0",
	"animations": {
		"animation.lightning_bird.move": {
			"loop": true,
			"animation_length": 2.417,
			"bones": {
				"tail": {
					"rotation": ["-5.0 * Math.cos(297.9380535 * query.anim_time) - 5.0", 0, 0]
				},
				"tailtip": {
					"rotation": ["-5.0 * Math.cos(297.9380535 * query.anim_time) - 5.0", 0, 0]
				},
				"wing0": {
					"rotation": [0, 0, "16.0 * Math.cos(148.9690267 * query.anim_time)"]
				},
				"wing1": {
					"rotation": [0, 0, "-16.0 * Math.cos(148.9690267 * query.anim_time)"]
				},
				"wingtip0": {
					"rotation": [0, 0, "16.0 * Math.cos(148.9690267 * query.anim_time)"]
				},
				"wingtip1": {
					"rotation": [0, 0, "-32.0 * Math.cos(150* query.anim_time)"]
				},
				"neck": {
					"rotation": {
						"0.0": [10, 0, 0],
						"1.2": [0, 0, 0],
						"2.4": [10, 0, 0]
					}
				},
				"head": {
					"rotation": {
						"0.0": [10, 0, 0],
						"1.2": [0, 0, 0],
						"2.4": [10, 0, 0]
					}
				}
			},
			"sound_effects": {
				"1.4": {
					"effect": "flap"
				}
			}
		},
		"animation.lightning_bird.atttack": {
			"loop": true,
			"animation_length": 1.04,
			"bones": {
				"body": {
					"rotation": {
						"0.0": [0, 0, 0],
						"0.52": [-55, 0, 0]
					}
				},
				"wing1": {
					"rotation": {
						"0.0": [0, 0, 37],
						"0.52": [0, 0, -24]
					}
				},
				"neck": {
					"rotation": {
						"0.0": [0, 0, 0],
						"0.52": [13, 0, 0]
					}
				},
				"tail": {
					"rotation": {
						"0.0": [0, 0, 0],
						"0.52": [-36.5, 0, 0]
					}
				},
				"tailtip": {
					"rotation": {
						"0.0": [0, 0, 0],
						"0.52": [-31, 0, 0]
					}
				},
				"wing0": {
					"rotation": {
						"0.0": [0, 0, -37],
						"0.52": [0, 0, 24]
					}
				},
				"head": {
					"rotation": {
						"0.0": [0, 0, 0],
						"0.52": [47, 0, 0]
					}
				},
				"wingtip0": {
					"rotation": {
						"0.0": [0, 0, -24],
						"0.52": [0, 0, 24]
					}
				},
				"wingtip1": {
					"rotation": {
						"0.0": [0, 0, 24],
						"0.52": [0, 0, -24]
					}
				}
			}
		}
	}
}