{
	"format_version": "1.8.0",
	"animations": {
		"animation.magma_dripper.pose": {
			"loop": true,
			"bones": {
				"body": {
					"rotation": [-77.5, 0, 0],
					"position": [10, 65.5, 43],
					"scale": 2
				},
				"Breastplate": {
					"rotation": [5, 12.5, 0]
				},
				"neck3": {
					"rotation": [12.5, 0, 0]
				},
				"neck2": {
					"rotation": [50, 20, 0]
				},
				"neck": {
					"rotation": [30, 15, -5]
				},
				"Head": {
					"rotation": [-15, 0, 0]
				},
				"jaw": {
					"rotation": [27.5, 0, 0]
				},
				"Frontalleg": {
					"rotation": [-7.5, 0, 25]
				},
				"Frontal_leg2": {
					"rotation": [12.5, 0, -12.5]
				},
				"Foot": {
					"rotation": [67.5, 0, 0]
				},
				"Frontalleg2": {
					"rotation": [12.5, 0, 25]
				},
				"Frontal_leg3": {
					"rotation": [27.5, 0, 7.5]
				},
				"Foot2": {
					"rotation": [0, -72.5, 60]
				},
				"Trunk": {
					"rotation": [0, -12.5, 0]
				},
				"Trunk2": {
					"rotation": [-2.5, 0, 0]
				},
				"Backleg": {
					"rotation": [0, 0, 5]
				},
				"Foot3": {
					"rotation": [-10, 0, 0]
				},
				"Backleg4": {
					"rotation": [-12.5, 0, 0]
				},
				"Backleg6": {
					"rotation": [0, 7.5, 0]
				},
				"Foot4": {
					"rotation": [12.5, -87.5, 110]
				},
				"tail": {
					"rotation": [-7.5, -12.5, 0]
				},
				"tail2": {
					"rotation": [-20, -42.5, 7.5]
				},
				"tail3": {
					"rotation": [-37.5, 0, 0]
				},
				"tail4": {
					"rotation": [-75, 0, 0]
				},
				"tail5": {
					"rotation": [-57.5, 0, 0]
				},
				"tail6": {
					"rotation": [-30, 0, 0]
				},
				"Wing": {
					"rotation": [0, 0, -40]
				},
				"Wing7": {
					"rotation": [0, 0, 32.5]
				}
			}
		}
	}
}