{
	"format_version": "1.8.0",
	"animations": {
		"animation.magma_dripper.pose": {
			"loop": true,
			"bones": {
				"body": {
					"rotation": [-35, 0, 0],
					"position": [0, 17.5, 0]
				},
				"neck3": {
					"rotation": [0, -7.5, -10]
				},
				"neck2": {
					"rotation": [40, -12.5, 0]
				},
				"neck": {
					"rotation": [52.5, -10, 10]
				},
				"Head": {
					"rotation": [-50, 0, 0]
				},
				"jaw": {
					"rotation": [30, 0, 0]
				},
				"Frontal_leg2": {
					"rotation": [85, 0, 0]
				},
				"Foot": {
					"rotation": [10, 0, 0]
				},
				"Frontal_leg3": {
					"rotation": [47.5, 0, 0]
				},
				"Foot2": {
					"rotation": [97.5, 0, 0],
					"position": [0, 0, -0.5]
				},
				"Backleg": {
					"rotation": [10, 0, 0]
				},
				"Backleg3": {
					"rotation": [45, 0, 0]
				},
				"Foot3": {
					"rotation": [62.5, 0, 0],
					"position": [0, 0, -1]
				},
				"Backleg4": {
					"rotation": [12.5, 0, 0]
				},
				"Backleg6": {
					"rotation": [45, 0, 0]
				},
				"Foot4": {
					"rotation": [62.5, 0, 0],
					"position": [0, 0, -1]
				},
				"Tale": {
					"rotation": [0, 12.5, 0]
				},
				"Tale2": {
					"rotation": [0, 17.5, 0]
				},
				"Tale3": {
					"rotation": [0, 35, 0]
				},
				"Tale4": {
					"rotation": [0, 22.5, 0]
				},
				"Tale5": {
					"rotation": [0, 20, 0]
				},
				"Tale6": {
					"rotation": [0, 22.5, 0]
				},
				"Wing": {
					"rotation": [0, 0, -20]
				},
				"Wing6": {
					"rotation": [0, 0, -15]
				},
				"Wing2": {
					"rotation": [0, 0, -7.5]
				},
				"Wing3": {
					"rotation": [0, 0, -15]
				},
				"Wing7": {
					"rotation": [0, 0, 25]
				},
				"Wing8": {
					"rotation": [0, 0, 15]
				},
				"Wing9": {
					"rotation": [0, 0, 20]
				},
				"Wing10": {
					"rotation": [0, 0, 10]
				}
			}
		},
		"animation.magma_dripper.idle": {
			"loop": true,
			"bones": {
				"neck3": {
					"rotation": ["math.cos(query.anim_time*100-30)*2", 0, 0]
				},
				"neck2": {
					"rotation": ["math.sin(query.anim_time*100-30)*2.5", 0, 0]
				},
				"neck": {
					"rotation": ["math.sin(query.anim_time*100-30)*3", 0, 0]
				},
				"Head": {
					"rotation": ["math.sin(query.anim_time*100-30)*2-2", 0, 0]
				},
				"tail": {
					"rotation": ["math.cos(query.anim_time*100)*2", 0, 0]
				},
				"tail2": {
					"rotation": ["math.sin(query.anim_time*100)*2", 0, 0]
				},
				"tail3": {
					"rotation": ["math.sin(query.anim_time*100)*2", 0, 0]
				},
				"tail4": {
					"rotation": ["math.sin(query.anim_time*100)*2", 0, 0]
				},
				"tail5": {
					"rotation": ["math.sin(query.anim_time*100)*2", 0, 0]
				},
				"tail6": {
					"rotation": ["math.sin(query.anim_time*100)*2", 0, 0]
				},
				"Wing": {
					"rotation": [0, "-math.cos(query.anim_time*100)*3", 0]
				},
				"Wing2": {
					"rotation": [0, "-math.sin(query.anim_time*100)*3", 0]
				},
				"Wing3": {
					"rotation": [0, "-math.sin(query.anim_time*100)*4", 0]
				},
				"Wing4": {
					"rotation": [0, "-math.sin(query.anim_time*100)*-2", 0]
				},
				"Wing7": {
					"rotation": [0, "math.cos(query.anim_time*100)*3", 0]
				},
				"Wing8": {
					"rotation": [0, "math.sin(query.anim_time*100)*3", 0]
				},
				"Wing9": {
					"rotation": [0, "math.sin(query.anim_time*100)*4", 0]
				},
				"Wing10": {
					"rotation": [0, "math.sin(query.anim_time*100)*-2", 0]
				}
			}
		},
		"animation.magma_dripper.move": {
			"loop": true,
			"animation_length": 1.32,
			"bones": {
				"Breastplate": {
					"position": {
						"0.0": [0, 0, 0],
						"0.68": [0, -1, 0],
						"1.32": [0, 0, 0]
					}
				},
				"neck3": {
					"rotation": {
						"0.0": [10, 0, 0],
						"0.68": [-5, 0, 0],
						"1.32": [10, 0, 0]
					}
				},
				"neck2": {
					"rotation": {
						"0.0": [-7.5, 0, 0],
						"0.68": [-5, 0, 0],
						"1.32": [-7.5, 0, 0]
					}
				},
				"neck": {
					"rotation": {
						"0.0": [-10, 0, 0],
						"0.68": [15, 0, 0],
						"1.32": [-10, 0, 0]
					}
				},
				"Head": {
					"rotation": {
						"0.0": [2.5, 0, 0],
						"0.68": [-17.5, 0, 0],
						"1.32": [2.5, 0, 0]
					},
					"position": {
						"0.0": [0, 0, 0],
						"0.68": [0, 0, -1],
						"1.32": [0, 0, 0]
					}
				},
				"Frontalleg": {
					"rotation": {
						"0.0": [30, 0, 0],
						"0.24": [65, 0, 0],
						"0.52": [-5, 0, 0],
						"0.8": [-47.5, 0, 0],
						"1.12": [2.5, 0, 0],
						"1.32": [30, 0, 0]
					},
					"position": {
						"0.0": [-0.5, -4, 0],
						"1.32": [0, -4, 0]
					}
				},
				"Frontal_leg2": {
					"rotation": {
						"0.0": [-10, 0, 0],
						"0.24": [-50, 0, 0],
						"0.52": [-62.5, 0, 0],
						"0.8": [2.5, 0, 0],
						"1.12": [-22.5, 0, 0],
						"1.32": [-10, 0, 0]
					},
					"position": {
						"0.0": [0, 0, 0],
						"0.52": [0, 0, -5.5],
						"0.8": [0, 0, 0],
						"1.32": [0, 0, 0]
					}
				},
				"Foot": {
					"rotation": {
						"0.0": [-17.5, 0, 0],
						"0.24": [75, 0, 0],
						"0.52": [107.5, 0, 0],
						"0.8": [47.5, 0, 0],
						"1.12": [22.5, 0, 0],
						"1.32": [-17.5, 0, 0]
					}
				},
				"Frontalleg2": {
					"rotation": {
						"0.0": [-55, 0, 0],
						"0.24": [0, 0, 0],
						"0.52": [12.5, 0, 0],
						"0.8": [45, 0, 0],
						"1.08": [-37.5, -22.5, 0],
						"1.32": [-55, 0, 0]
					}
				},
				"Frontal_leg3": {
					"rotation": {
						"0.0": [32.5, 0, 0],
						"0.24": [-5, 0, 0],
						"0.52": [20, 0, 0],
						"0.8": [-15, 0, 0],
						"1.08": [-25, 0, 0],
						"1.32": [32.5, 0, 0]
					}
				},
				"Foot2": {
					"rotation": {
						"0.0": [22.5, 0, 0],
						"0.24": [10, 0, 0],
						"0.52": [-30, 0, 0],
						"0.8": [67.5, 0, 0],
						"1.08": [107.5, 0, 0],
						"1.32": [22.5, 0, 0]
					}
				},
				"Backleg": {
					"rotation": {
						"0.0": [-50, 0, 0],
						"0.24": [17.5, 0, 0],
						"0.52": [20, 0, 0],
						"0.8": [-27.5, 0, 0],
						"1.04": [-52.5, 0, 0],
						"1.32": [-50, 0, 0]
					},
					"position": {
						"0.0": [0, -1, 0],
						"0.24": [0, -2.5, 0],
						"0.52": [0, 0, 0],
						"1.32": [0, -1, 0]
					}
				},
				"Backleg2": {
					"rotation": {
						"0.0": [-15, 0, 0],
						"0.24": [-12.5, 0, 0],
						"0.52": [35, 0, 0],
						"0.8": [55, 0, 0],
						"1.04": [0, 0, 0],
						"1.32": [-15, 0, 0]
					},
					"position": {
						"0.0": [0, 0, -0.5],
						"0.24": [0, 0, -0.5],
						"0.52": [0, 1.5, 1.5],
						"1.04": [0, -1, -0.5],
						"1.32": [0, 0, -0.5]
					}
				},
				"Backleg3": {
					"rotation": {
						"0.0": [17.5, 0, 0],
						"0.24": [-40, 0, 0],
						"0.52": [-67.5, -2.5, 0],
						"0.8": [-85, -2.5, 0],
						"1.04": [-45, -2.5, 0],
						"1.32": [17.5, 0, 0]
					},
					"position": {
						"0.0": [0, 0, 0],
						"0.24": [0, 0, 0],
						"0.52": [0, 0, -1],
						"1.32": [0, 0, 0]
					}
				},
				"Foot3": {
					"rotation": {
						"0.0": [45, 0, 0],
						"0.24": [35, 0, 0],
						"0.52": [100, 0, 0],
						"0.8": [140, 0, 0],
						"1.04": [202.5, 0, 0],
						"1.32": [45, 0, 0]
					}
				},
				"Backleg4": {
					"rotation": {
						"0.0": [15, 0, 0],
						"0.24": [-27.5, 0, 0],
						"0.52": [-47.5, 0, 0],
						"0.8": [-15, 0, 0],
						"1.04": [-12.5, 0, 0],
						"1.32": [15, 0, 0]
					},
					"position": {
						"0.0": [0, -2, 0],
						"0.24": [0, -1.5, 0],
						"0.8": [0, -1.5, 0],
						"1.04": [0, 1.5, 0],
						"1.32": [0, -2, 0]
					}
				},
				"Backleg5": {
					"rotation": {
						"0.0": [-5, 0, 0],
						"0.24": [90, 0, 0],
						"0.52": [22.5, 0, 0],
						"0.8": [17.5, 0, 0],
						"1.04": [50, 0, 0],
						"1.32": [-5, 0, 0]
					},
					"position": {
						"0.0": [0, 0, 0],
						"0.24": [0, 1, 1.5],
						"0.52": [0, 0.5, 1],
						"0.8": [0, 0.5, 0],
						"1.32": [0, 0, 0]
					}
				},
				"Backleg6": {
					"rotation": {
						"0.0": [-10, 0, 0],
						"0.24": [-65, 0, 0],
						"0.52": [-22.5, 0, 0],
						"0.8": [-37.5, 0, 0],
						"1.04": [-92.5, 0, 0],
						"1.32": [-10, 0, 0]
					}
				},
				"Foot4": {
					"rotation": {
						"0.0": [0, 0, 0],
						"0.24": [90, 0, 0],
						"0.52": [47.5, 0, 0],
						"0.8": [35, 0, 0],
						"1.04": [145, 0, 0],
						"1.32": [0, 0, 0]
					}
				},
				"Tale": {
					"rotation": {
						"0.0": [0, 2.5, 0],
						"0.68": [0, -2.5, 0],
						"1.32": [0, 2.5, 0]
					}
				},
				"Tale2": {
					"rotation": {
						"0.0": [0, 2.5, 0],
						"0.68": [0, -2.5, 0],
						"1.32": [0, 2.5, 0]
					}
				},
				"Tale3": {
					"rotation": {
						"0.0": [0, 2.5, 0],
						"0.68": [0, -2.5, 0],
						"1.32": [0, 2.5, 0]
					}
				},
				"Tale4": {
					"rotation": {
						"0.0": [0, 2.5, 0],
						"0.68": [0, -2.5, 0],
						"1.32": [0, 2.5, 0]
					}
				},
				"Tale5": {
					"rotation": {
						"0.0": [0, 2.5, 0],
						"0.68": [0, -2.5, 0],
						"1.32": [0, 2.5, 0]
					}
				},
				"Tale6": {
					"rotation": {
						"0.0": [0, 2.5, 0],
						"0.68": [0, -2.5, 0],
						"1.32": [0, 2.5, 0]
					}
				},
				"Wing": {
					"position": {
						"0.0": [0, 0, 0],
						"0.68": [0, -2, 0],
						"1.32": [0, 0, 0]
					}
				},
				"Wing7": {
					"position": {
						"0.0": [0, 0, 0],
						"0.68": [0, -2, 0],
						"1.32": [0, 0, 0]
					}
				}
			}
		},
		"animation.magma_dripper.open_wings": {
			"loop": true,
			"animation_length": 5.4,
			"bones": {
				"Breastplate": {
					"rotation": ["2.5 + Math.cos(query.anim_time*200) * 3", 0, 0]
				},
				"neck3": {
					"rotation": ["-2.5 - Math.sin(query.anim_time*200) * 5", 0, 0]
				},
				"neck2": {
					"rotation": [17.5, 0, 0]
				},
				"neck": {
					"rotation": [5, 0, 0]
				},
				"Head": {
					"rotation": [-12.5, 0, 0]
				},
				"Frontalleg": {
					"rotation": [42.5, 0, 0]
				},
				"Frontal_leg2": {
					"rotation": [-12.5, 0, 0]
				},
				"Foot": {
					"rotation": [72.5, 0, 0]
				},
				"Finger": {
					"rotation": [27.5, 0, 0]
				},
				"Finger4": {
					"rotation": [27.5, 0, 0]
				},
				"Finger2": {
					"rotation": [27.5, 0, 0]
				},
				"Finger3": {
					"rotation": [27.5, 0, 0]
				},
				"Frontalleg2": {
					"rotation": [42.5, 0, 0]
				},
				"Frontal_leg3": {
					"rotation": [-12.5, 0, 0]
				},
				"Foot2": {
					"rotation": [72.5, 0, 0]
				},
				"Finger5": {
					"rotation": [27.5, 0, 0]
				},
				"Finger6": {
					"rotation": [27.5, 0, 0]
				},
				"Finger7": {
					"rotation": [27.5, 0, 0]
				},
				"Finger8": {
					"rotation": [27.5, 0, 0]
				},
				"Backleg": {
					"rotation": [-25, 0, 0]
				},
				"Backleg2": {
					"rotation": [50, 0, 0]
				},
				"Backleg3": {
					"rotation": [-12.5, 0, 0]
				},
				"Foot3": {
					"rotation": [37.5, 0, 0]
				},
				"Finger9": {
					"rotation": [27.5, 0, 0]
				},
				"Finger10": {
					"rotation": [27.5, 0, 0]
				},
				"Finger11": {
					"rotation": [27.5, 0, 0]
				},
				"Finger12": {
					"rotation": [27.5, 0, 0]
				},
				"Backleg4": {
					"rotation": [-25, 0, 0]
				},
				"Backleg5": {
					"rotation": [50, 0, 0]
				},
				"Backleg6": {
					"rotation": [-12.5, 0, 0]
				},
				"Foot4": {
					"rotation": [37.5, 0, 0]
				},
				"Tale": {
					"rotation": ["10 - Math.cos(query.anim_time*200) * 5", 0, 0]
				},
				"Tale2": {
					"rotation": ["7.5 - Math.sin(query.anim_time*200) * 5", 0, 0]
				},
				"Tale3": {
					"rotation": ["-10 - Math.sin(query.anim_time*200) * 5", 0, 0]
				},
				"Tale4": {
					"rotation": ["-10 - Math.sin(query.anim_time*200) * 5", 0, 0]
				},
				"Tale5": {
					"rotation": ["-10 - Math.sin(query.anim_time*200) * 5", 0, 0]
				},
				"Tale6": {
					"rotation": ["2.5 - Math.sin(query.anim_time*200) * 5", 0, 0]
				},
				"Wing": {
					"rotation": {
						"0.0": [0, -42.5, -45],
						"0.84": [0, -42.5, -55],
						"1.56": [0, -42.5, -45],
						"2.6": [0, -42.5, "-55 + Math.cos(query.anim_time*200) * 50"],
						"4.08": [0, -42.5, -45],
						"4.68": [0, -42.5, -55],
						"5.4": [0, -42.5, -45]
					}
				},
				"Wing2": {
					"rotation": [0, -45, -7.5]
				},
				"Wing3": {
					"rotation": {
						"0.0": [0, 142.5, -12.5],
						"0.84": [0, 142.5, -12.5],
						"1.56": [0, 142.5, -12.5],
						"2.6": [0, 142.5, "Math.sin(query.anim_time*200) * 50 "],
						"4.08": [0, 142.5, -12.5]
					}
				},
				"Wing4": {
					"rotation": {
						"0.0": [0, -65, 0],
						"0.84": [0, -65, 0],
						"1.56": [0, -65, 0],
						"4.08": [0, -65, 0]
					}
				},
				"Wing7": {
					"rotation": {
						"0.0": [0, 42.5, 42.5],
						"0.84": [0, 42.5, 55],
						"1.56": [0, 42.5, 42.5],
						"2.6": [0, 42.5, "55 - Math.cos(query.anim_time*200) * 50"],
						"4.08": [0, 42.5, 42.5],
						"4.68": [0, 42.5, 55],
						"5.4": [0, 42.5, 42.5]
					}
				},
				"Wing8": {
					"rotation": {
						"0.0": [0, 45, 7.5],
						"0.84": [0, 45, 7.5],
						"1.56": [0, 45, 7.5],
						"4.08": [0, 45, 7.5]
					}
				},
				"Wing9": {
					"rotation": {
						"0.0": [0, -142.5, 12.5],
						"0.84": [0, -142.5, 12.5],
						"1.56": [0, -142.5, 12.5],
						"2.6": [0, -142.5, "-Math.sin(query.anim_time*200) * 50"],
						"4.08": [0, -142.5, 12.5]
					}
				},
				"Wing10": {
					"rotation": [0, 65, 0]
				},
				"Trunk2": {
					"rotation": ["Math.cos(query.anim_time*200) * 5", 0, 0]
				}
			},
			"sound_effects": {
				"0.0": {
					"effect": "glideeffect"
				},
				"2.68": {
					"effect": "flyeffect"
				},
				"3.76": {
					"effect": "glideeffect"
				}
			}
		},
		"animation.magma_dripper.fly": {
			"loop": true,
			"animation_length": 1.8,
			"bones": {
				"Breastplate": {
					"rotation": ["2.5 + Math.cos(query.anim_time*200) * 3", 0, 0]
				},
				"neck3": {
					"rotation": ["-2.5 - Math.sin(query.anim_time*200) * 5", 0, 0]
				},
				"neck2": {
					"rotation": [17.5, 0, 0]
				},
				"neck": {
					"rotation": [5, 0, 0]
				},
				"Head": {
					"rotation": [-12.5, 0, 0]
				},
				"Frontalleg": {
					"rotation": [42.5, 0, 0]
				},
				"Frontal_leg2": {
					"rotation": [-12.5, 0, 0]
				},
				"Foot": {
					"rotation": [72.5, 0, 0]
				},
				"Finger": {
					"rotation": [27.5, 0, 0]
				},
				"Finger4": {
					"rotation": [27.5, 0, 0]
				},
				"Finger2": {
					"rotation": [27.5, 0, 0]
				},
				"Finger3": {
					"rotation": [27.5, 0, 0]
				},
				"Frontalleg2": {
					"rotation": [42.5, 0, 0]
				},
				"Frontal_leg3": {
					"rotation": [-12.5, 0, 0]
				},
				"Foot2": {
					"rotation": [72.5, 0, 0]
				},
				"Finger5": {
					"rotation": [27.5, 0, 0]
				},
				"Finger6": {
					"rotation": [27.5, 0, 0]
				},
				"Finger7": {
					"rotation": [27.5, 0, 0]
				},
				"Finger8": {
					"rotation": [27.5, 0, 0]
				},
				"Backleg": {
					"rotation": [-25, 0, 0]
				},
				"Backleg2": {
					"rotation": [50, 0, 0]
				},
				"Backleg3": {
					"rotation": [-12.5, 0, 0]
				},
				"Foot3": {
					"rotation": [37.5, 0, 0]
				},
				"Finger9": {
					"rotation": [27.5, 0, 0]
				},
				"Finger10": {
					"rotation": [27.5, 0, 0]
				},
				"Finger11": {
					"rotation": [27.5, 0, 0]
				},
				"Finger12": {
					"rotation": [27.5, 0, 0]
				},
				"Backleg4": {
					"rotation": [-25, 0, 0]
				},
				"Backleg5": {
					"rotation": [50, 0, 0]
				},
				"Backleg6": {
					"rotation": [-12.5, 0, 0]
				},
				"Foot4": {
					"rotation": [37.5, 0, 0]
				},
				"Tale": {
					"rotation": ["10 - Math.cos(query.anim_time*200) * 5", 0, 0]
				},
				"Tale2": {
					"rotation": ["7.5 - Math.sin(query.anim_time*200) * 5", 0, 0]
				},
				"Tale3": {
					"rotation": ["-10 - Math.sin(query.anim_time*200) * 5", 0, 0]
				},
				"Tale4": {
					"rotation": ["-10 - Math.sin(query.anim_time*200) * 5", 0, 0]
				},
				"Tale5": {
					"rotation": ["-10 - Math.sin(query.anim_time*200) * 5", 0, 0]
				},
				"Tale6": {
					"rotation": ["2.5 - Math.sin(query.anim_time*200) * 5", 0, 0]
				},
				"Wing": {
					"rotation": [0, -42.5, "-55 + Math.cos(query.anim_time*200) * 50"]
				},
				"Wing2": {
					"rotation": [0, -45, 0]
				},
				"Wing3": {
					"rotation": [0, 142.5, "Math.sin(query.anim_time*200) * 50 "]
				},
				"Wing4": {
					"rotation": [0, -65, 0]
				},
				"Wing7": {
					"rotation": [0, 42.5, "55 - Math.cos(query.anim_time*200) * 50"]
				},
				"Wing8": {
					"rotation": [0, 45, 0]
				},
				"Wing9": {
					"rotation": [0, -142.5, "-Math.sin(query.anim_time*200) * 50"]
				},
				"Wing10": {
					"rotation": [0, 65, 0]
				},
				"Trunk2": {
					"rotation": ["Math.cos(query.anim_time*200) * 5", 0, 0]
				}
			},
			"sound_effects": {
				"0.92": {
					"effect": "flyeffect"
				}
			}
		},
		"animation.magma_dripper.fly2": {
			"loop": true,
			"animation_length": 1.8,
			"bones": {
				"Breastplate": {
					"rotation": ["2.5 + Math.cos(query.anim_time*200) * 3", 0, 0]
				},
				"neck3": {
					"rotation": ["-5- Math.sin(query.anim_time*200) * 5", 0, 0]
				},
				"neck2": {
					"rotation": [40, 0, 0]
				},
				"neck": {
					"rotation": [45, 0, 0]
				},
				"Head": {
					"rotation": [-25, 0, 0]
				},
				"Frontalleg": {
					"rotation": [42.5, 0, 0]
				},
				"Frontal_leg2": {
					"rotation": [27.5, 0, 0]
				},
				"Foot": {
					"rotation": [72.5, 0, 0]
				},
				"Finger": {
					"rotation": [27.5, 0, 0]
				},
				"Finger4": {
					"rotation": [27.5, 0, 0]
				},
				"Finger2": {
					"rotation": [27.5, 0, 0]
				},
				"Finger3": {
					"rotation": [27.5, 0, 0]
				},
				"Frontalleg2": {
					"rotation": [42.5, 0, 0]
				},
				"Frontal_leg3": {
					"rotation": [27.5, 0, 0]
				},
				"Foot2": {
					"rotation": [72.5, 0, 0]
				},
				"Finger5": {
					"rotation": [27.5, 0, 0]
				},
				"Finger6": {
					"rotation": [27.5, 0, 0]
				},
				"Finger7": {
					"rotation": [27.5, 0, 0]
				},
				"Finger8": {
					"rotation": [27.5, 0, 0]
				},
				"Backleg": {
					"rotation": [15, 0, 0]
				},
				"Backleg2": {
					"rotation": [50, 0, 0]
				},
				"Backleg3": {
					"rotation": [-12.5, 0, 0]
				},
				"Foot3": {
					"rotation": [37.5, 0, 0]
				},
				"Finger9": {
					"rotation": [27.5, 0, 0]
				},
				"Finger10": {
					"rotation": [27.5, 0, 0]
				},
				"Finger11": {
					"rotation": [27.5, 0, 0]
				},
				"Finger12": {
					"rotation": [27.5, 0, 0]
				},
				"Backleg4": {
					"rotation": [15, 0, 0]
				},
				"Backleg5": {
					"rotation": [50, 0, 0]
				},
				"Backleg6": {
					"rotation": [-12.5, 0, 0]
				},
				"Foot4": {
					"rotation": [37.5, 0, 0]
				},
				"Tale": {
					"rotation": ["10 - Math.cos(query.anim_time*200) * 5", 0, 0]
				},
				"Tale2": {
					"rotation": ["7.5 - Math.sin(query.anim_time*200) * 5", 0, 0]
				},
				"Tale3": {
					"rotation": ["-10 - Math.sin(query.anim_time*200) * 5", 0, 0]
				},
				"Tale4": {
					"rotation": ["-10 - Math.sin(query.anim_time*200) * 5", 0, 0]
				},
				"Tale5": {
					"rotation": ["-10 - Math.sin(query.anim_time*200) * 5", 0, 0]
				},
				"Tale6": {
					"rotation": ["2.5 - Math.sin(query.anim_time*200) * 5", 0, 0]
				},
				"Wing": {
					"rotation": [0, -42.5, "-55 + Math.cos(query.anim_time*200) * 50"]
				},
				"Wing2": {
					"rotation": [0, -45, 0]
				},
				"Wing3": {
					"rotation": [0, 142.5, "Math.sin(query.anim_time*200) * 50 "]
				},
				"Wing4": {
					"rotation": [0, -65, 0]
				},
				"Wing7": {
					"rotation": [0, 42.5, "55 - Math.cos(query.anim_time*200) * 50"]
				},
				"Wing8": {
					"rotation": [0, 45, 0]
				},
				"Wing9": {
					"rotation": [0, -142.5, "-Math.sin(query.anim_time*200) * 50"]
				},
				"Wing10": {
					"rotation": [0, 65, 0]
				},
				"Trunk2": {
					"rotation": ["Math.cos(query.anim_time*200) * 5", 0, 0]
				},
				"body": {
					"rotation": [-45, 0, 0]
				},
				"jaw": {
					"rotation": ["32.5 + Math.sin(query.anim_time*200) * 8", 0, 0]
				},
				"tail3": {
					"rotation": [-22.5, 0, 0]
				},
				"tail4": {
					"rotation": [-20, 0, 0]
				},
				"tail5": {
					"rotation": [-15, 0, 0]
				},
				"tail6": {
					"rotation": [5, 0, 0]
				}
			},
			"sound_effects": {
				"0.92": {
					"effect": "flyeffect"
				}
			}
		},
		"animation.magma_dripper.growl": {
			"loop": true,
			"animation_length": 15,
			"bones": {
				"jaw": {
					"rotation": {
						"0.0": [0, 0, 0],
						"0.52": [32.5, 0, 0],
						"2.6": [32.5, 0, 0],
						"3.12": [0, 0, 0]
					}
				}
			},
			"sound_effects": {
				"0.36": {
					"effect": "growl"
				}
			}
		},
		"animation.magma_dripper.sit": {
			"loop": true,
			"animation_length": 3.6,
			"bones": {
				"Foot": {
					"rotation": [0, 20, 0]
				},
				"Frontalleg2": {
					"rotation": [55, 0, 0]
				},
				"Frontal_leg3": {
					"rotation": [-55, 0, 0]
				},
				"Foot2": {
					"rotation": [5, 0, 0]
				},
				"body": {
					"position": [0, -10.5, 0]
				},
				"neck3": {
					"rotation": ["-25 - Math.cos(query.anim_time*100) * 5", 0, 0]
				},
				"neck2": {
					"rotation": ["-20 - Math.sin(query.anim_time*100) * 5", 0, 0]
				},
				"neck": {
					"rotation": [37.5, 0, 0]
				},
				"Frontalleg": {
					"rotation": [55, 0, 0]
				},
				"Frontal_leg2": {
					"rotation": [-55, 0, 0]
				},
				"Trunk2": {
					"rotation": [0, 12.5, 0]
				},
				"Backleg": {
					"rotation": [-92.5, 0, 0]
				},
				"Backleg2": {
					"rotation": [60, 0, 0]
				},
				"Backleg3": {
					"rotation": [-52.5, 0, 0]
				},
				"Foot3": {
					"rotation": [82.5, 0, 0]
				},
				"Backleg4": {
					"rotation": [-85, -30, 0]
				},
				"Backleg5": {
					"rotation": [60, 0, 0]
				},
				"Backleg6": {
					"rotation": [-52.5, 0, 0]
				},
				"Foot4": {
					"rotation": [82.5, 0, 0]
				},
				"Finger16": {
					"rotation": [0, 0, 0]
				},
				"Tale": {
					"rotation": [0, 35, 0],
					"position": [0, "Math.cos(query.anim_time*100) * 1", 0]
				},
				"Tale2": {
					"rotation": [10, 40, 0]
				},
				"Tale3": {
					"rotation": [0, 37.5, 0]
				},
				"Tale4": {
					"rotation": [-7.5, 47.5, 0]
				},
				"Tale5": {
					"rotation": [-5, 27.5, 0]
				},
				"Tale6": {
					"rotation": [10, 25, 0]
				},
				"Wing": {
					"rotation": [0, 0, "-Math.cos(query.anim_time*100) * 5"]
				},
				"Wing7": {
					"rotation": [0, 0, "Math.cos(query.anim_time*100) * 5"]
				}
			}
		},
		"animation.magma_dripper.attack": {
			"loop": true,
			"animation_length": 1.56,
			"bones": {
				"neck3": {
					"rotation": {
						"0.0": [0, 0, 0],
						"0.52": [-40, 0, 0],
						"0.8": [-7.5, 0, 0],
						"1.04": ["-7.5 - Math.sin(query.anim_time*200) * 5", "-Math.sin(query.anim_time*500) * 40", 0],
						"1.56": [0, 0, 0]
					}
				},
				"neck2": {
					"rotation": {
						"0.0": [0, 0, 0],
						"0.52": [10, 0, 0],
						"0.8": [20, 0, 0],
						"1.04": [20, "-Math.sin(query.anim_time*500) * 40", 0],
						"1.56": [0, 0, 0]
					}
				},
				"neck": {
					"rotation": {
						"0.0": [0, 0, 0],
						"0.52": [60, 0, 0],
						"0.8": [17.5, 0, 0],
						"1.04": [17.5, 0, 0],
						"1.56": [0, 0, 0]
					}
				},
				"Head": {
					"rotation": {
						"0.0": [0, 0, 0],
						"0.52": [-20, 0, 0],
						"0.8": [-42.5, 0, 0],
						"1.04": [-42.5, 0, 0],
						"1.56": [0, 0, 0]
					}
				},
				"jaw": {
					"rotation": {
						"0.0": [0, 0, 0],
						"0.52": [42.5, 0, 0],
						"0.8": [15, 0, 0],
						"1.04": [15, 0, 0],
						"1.56": [0, 0, 0]
					}
				}
			}
		},
		"animation.magma_dripper.attack2": {
			"loop": true,
			"animation_length": 2.08,
			"bones": {
				"body": {
					"rotation": {
						"0.0": [0, 0, 0],
						"0.52": [-22.5, 0, 0],
						"2.08": [0, 0, 0]
					},
					"position": {
						"0.0": [0, 0, 0],
						"0.52": [0, 5, 0],
						"2.08": [0, 0, 0]
					}
				},
				"Breastplate": {
					"rotation": {
						"0.0": [0, 0, 0],
						"0.52": [7.5, 0, 0],
						"1.04": [7.5, 0, -12.5],
						"1.56": [7.5, 0, 5],
						"2.08": [0, 0, 0]
					}
				},
				"neck3": {
					"rotation": {
						"0.0": [0, 0, 0],
						"0.52": [-10, 0, 0],
						"1.04": [-10, -7.5, 0],
						"1.56": [-10, 15, 0],
						"2.08": [0, 0, 0]
					}
				},
				"neck2": {
					"rotation": {
						"0.0": [0, 0, 0],
						"0.52": [42.5, 0, 0],
						"1.04": [42.5, 10, 0],
						"1.56": [42.5, -25, 0],
						"2.08": [0, 0, 0]
					}
				},
				"neck": {
					"rotation": {
						"0.0": [0, 0, 0],
						"0.52": [40, 0, 0],
						"1.04": [40, 20, 0],
						"1.56": [40, -15, 0],
						"2.08": [0, 0, 0]
					}
				},
				"Head": {
					"rotation": {
						"0.0": [0, 0, 0],
						"0.52": [-30, 0, 0],
						"1.56": [-30, 0, 22.5],
						"2.08": [0, 0, 0]
					}
				},
				"jaw": {
					"rotation": [0, 0, 0]
				},
				"Frontalleg": {
					"rotation": {
						"0.0": [0, 0, 0],
						"0.56": [0, 0, 32.5],
						"0.84": [-22.5, 37.5, 42.5],
						"1.04": [-22.5, -7.5, 27.5],
						"2.08": [0, 0, 0]
					}
				},
				"Frontal_leg2": {
					"rotation": {
						"0.0": [0, 0, 0],
						"0.56": [0, 0, -80],
						"1.04": [27.5, 0, -80],
						"2.08": [0, 0, 0]
					},
					"position": {
						"0.0": [0, 0, 0],
						"0.56": [0.5, 0, 0]
					}
				},
				"Foot": {
					"rotation": {
						"0.0": [0, 0, 0],
						"0.56": [77.5, 0, 0],
						"1.04": [110, 0, 0],
						"2.08": [0, 0, 0]
					}
				},
				"Frontalleg2": {
					"rotation": {
						"0.0": [0, 0, 0],
						"0.56": [0, 0, -32.5],
						"1.36": [-25, -30, -45],
						"1.56": [-2.5, -2.5, -10],
						"2.08": [0, 0, 0]
					}
				},
				"Frontal_leg3": {
					"rotation": {
						"0.0": [0, 0, 0],
						"0.56": [0, 0, 80],
						"1.56": [12.5, 0, 80],
						"2.08": [0, 0, 0]
					},
					"position": {
						"0.0": [0, 0, 0],
						"0.56": [0.5, 0, 0],
						"2.08": [0, 0, 0]
					}
				},
				"Foot2": {
					"rotation": {
						"0.0": [0, 0, 0],
						"0.56": [77.5, 0, 0],
						"2.08": [0, 0, 0]
					}
				},
				"Finger7": {
					"rotation": [0, 0, 0]
				},
				"Trunk": {
					"rotation": [0, 0, 0]
				},
				"Backleg": {
					"rotation": {
						"0.0": [0, 0, 0],
						"0.52": [20, 0, 0],
						"2.08": [0, 0, 0]
					}
				},
				"Backleg2": {
					"rotation": [0, 0, 0]
				},
				"Backleg4": {
					"rotation": {
						"0.0": [0, 0, 0],
						"0.52": [20, 0, 0],
						"2.08": [0, 0, 0]
					}
				},
				"Tale": {
					"rotation": {
						"0.0": [0, 0, 0],
						"0.52": [10, 0, 0],
						"1.0": [10, -10, 0],
						"1.56": [10, 12.5, 0],
						"2.08": [0, 0, 0]
					}
				},
				"Tale2": {
					"rotation": {
						"0.0": [0, 0, 0],
						"0.52": [12.5, 0, 0],
						"1.0": [12.5, -10, 0],
						"1.56": [12.5, 12.5, 0],
						"2.08": [0, 0, 0]
					}
				},
				"Tale3": {
					"rotation": {
						"0.0": [0, 0, 0],
						"1.0": [0, -10, 0],
						"1.56": [0, 10, 0],
						"2.08": [0, 0, 0]
					}
				},
				"Tale4": {
					"rotation": {
						"0.0": [0, 0, 0],
						"0.52": [2.5, 0, 0],
						"1.0": [2.5, -15, 0],
						"1.56": [2.5, 15, 0],
						"2.08": [0, 0, 0]
					}
				},
				"Tale5": {
					"rotation": {
						"0.0": [0, 0, 0],
						"0.52": [5, 0, 0],
						"1.0": [5, -15, 0],
						"1.56": [5, 20, 0],
						"2.08": [0, 0, 0]
					}
				},
				"Tale6": {
					"rotation": {
						"0.0": [0, 0, 0],
						"0.52": [20, 0, 0],
						"1.0": [20, -15, 0],
						"1.56": [20, 27.5, 0],
						"2.08": [0, 0, 0]
					}
				},
				"Wing": {
					"rotation": {
						"0.0": [0, 0, 0],
						"0.52": [0, 0, 0],
						"1.04": [0, 0, 25],
						"1.56": [0, 0, -5],
						"2.08": [0, 0, 0]
					}
				},
				"Wing7": {
					"rotation": {
						"0.0": [0, 0, 0],
						"0.52": [0, 0, 0],
						"1.04": [0, 0, 12.5],
						"1.56": [0, 0, -25],
						"2.08": [0, 0, 0]
					}
				},
				"Wing11": {
					"rotation": [0, 0, 0]
				}
			}
		},
		"animation.magma_dripper.power": {
			"loop": true,
			"animation_length": 5.72,
			"bones": {
				"Breastplate": {
					"rotation": {
						"0.0": [0, 0, 0],
						"0.52": [15, 0, 0],
						"1.04": [-17.5, 0, 0],
						"4.68": [-17.5, 0, 0],
						"5.72": [0, 0, 0]
					}
				},
				"neck3": {
					"rotation": {
						"0.0": [0, 0, 0],
						"0.52": [-17.5, 0, 0],
						"1.04": [-37.5, 0, 0],
						"4.68": [-37.5, 0, 0],
						"5.72": [0, 0, 0]
					}
				},
				"neck2": {
					"rotation": {
						"0.0": [0, 0, 0],
						"0.52": [50, 0, 0],
						"1.04": [7.5, 0, 0],
						"4.68": [7.5, 0, 0],
						"5.72": [0, 0, 0]
					}
				},
				"neck": {
					"rotation": {
						"0.0": [0, 0, 0],
						"0.52": [37.5, 0, 0],
						"1.04": [10, 0, 0],
						"4.68": [10, 0, 0],
						"5.72": [0, 0, 0]
					}
				},
				"Head": {
					"rotation": {
						"0.0": [0, 0, 0],
						"0.52": [0, 0, 0],
						"1.04": [-45, 0, "Math.sin(query.anim_time*300) * 10"],
						"4.68": [-45, 0, "Math.sin(query.anim_time*300) * 10"],
						"5.72": [0, 0, 0]
					}
				},
				"jaw": {
					"rotation": {
						"0.0": [0, 0, 0],
						"0.52": [0, 0, 0],
						"1.04": [55, 0, 0],
						"4.68": [55, 0, 0],
						"5.72": [0, 0, 0]
					}
				},
				"Frontalleg": {
					"rotation": {
						"0.0": [0, 0, 0],
						"0.52": [-20, 0, 0],
						"1.04": [5, 0, 0],
						"4.68": [5, 0, 0],
						"5.72": [0, 0, 0]
					}
				},
				"Frontal_leg2": {
					"rotation": {
						"0.0": [0, 0, 0],
						"0.52": [-7.5, 0, 0],
						"1.04": [15, 0, 0],
						"4.68": [15, 0, 0],
						"5.72": [0, 0, 0]
					}
				},
				"Foot": {
					"rotation": {
						"0.0": [0, 0, 0],
						"0.52": [12.5, 0, 0],
						"1.04": [2.5, 0, 0],
						"4.68": [2.5, 0, 0],
						"5.72": [0, 0, 0]
					}
				},
				"Frontalleg2": {
					"rotation": {
						"0.0": [0, 0, 0],
						"0.52": [-20, 0, 0],
						"1.04": [5, 0, 0],
						"4.68": [5, 0, 0],
						"5.72": [0, 0, 0]
					}
				},
				"Frontal_leg3": {
					"rotation": {
						"0.0": [0, 0, 0],
						"0.52": [-7.5, 0, 0],
						"1.04": [15, 0, 0],
						"4.68": [15, 0, 0],
						"5.72": [0, 0, 0]
					}
				},
				"Foot2": {
					"rotation": {
						"0.0": [0, 0, 0],
						"0.52": [12.5, 0, 0],
						"1.04": [2.5, 0, 0],
						"4.68": [2.5, 0, 0],
						"5.72": [0, 0, 0]
					}
				},
				"Tale": {
					"rotation": {
						"0.0": [0, 0, 0],
						"0.52": [0, 0, 0],
						"1.04": [0, "Math.cos(query.anim_time*200) * 12.5", 0],
						"4.68": [0, "Math.cos(query.anim_time*200) * 12.5", 0]
					},
					"position": [0, 0, 0]
				},
				"Tale2": {
					"rotation": {
						"0.0": [0, 0, 0],
						"0.52": [0, 0, 0],
						"1.04": [0, "Math.sin(query.anim_time*200) * 12.5", 0],
						"4.68": [0, "Math.sin(query.anim_time*200) * 12.5", 0]
					},
					"position": [0, 0, 0]
				},
				"Tale3": {
					"rotation": {
						"0.0": [0, 0, 0],
						"0.52": [0, 0, 0],
						"1.04": [0, "Math.sin(query.anim_time*200) * 12.5", 0],
						"4.68": [0, "Math.sin(query.anim_time*200) * 12.5", 0]
					},
					"position": [0, 0, 0]
				},
				"Tale4": {
					"rotation": {
						"0.0": [0, 0, 0],
						"0.52": [0, 0, 0],
						"1.04": [0, "Math.sin(query.anim_time*200) * 12.5", 0],
						"4.68": [0, "Math.sin(query.anim_time*200) * 12.5", 0]
					},
					"position": [0, 0, 0]
				},
				"Tale5": {
					"rotation": {
						"0.0": [0, 0, 0],
						"0.52": [0, 0, 0],
						"1.04": [0, "Math.sin(query.anim_time*200) * 12.5", 0],
						"4.68": [0, "Math.sin(query.anim_time*200) * 12.5", 0]
					},
					"position": [0, 0, 0]
				},
				"Tale6": {
					"rotation": {
						"0.0": [0, 0, 0],
						"0.52": [0, 0, 0],
						"1.04": [0, "Math.sin(query.anim_time*200) * 12.5", 0],
						"4.68": [0, "Math.sin(query.anim_time*200) * 12.5", 0]
					},
					"position": [0, 0, 0]
				},
				"bone3": {
					"position": {
						"0.0": [0, 0, 0],
						"0.52": [0, 0, 0],
						"1.04": [0.5, "27.5+Math.sin(query.anim_time*100) * 10 ", 0],
						"4.68": [0.5, "27.5+Math.sin(query.anim_time*100) * 10 ", 0],
						"5.72": [0, 0, 0]
					}
				},
				"bone": {
					"position": {
						"0.0": [0, 0, 0],
						"0.52": [0, 0, 0],
						"1.04": [-12.5, "17.5+Math.sin(query.anim_time*90) * 10 ", 0],
						"4.68": [-12.5, "17.5+Math.sin(query.anim_time*90) * 10 ", 0],
						"5.72": [0, 0, 0]
					}
				},
				"bone2": {
					"rotation": [0, 0, 0],
					"position": {
						"0.0": [0, 0, 0],
						"0.52": [0, 0, 0],
						"1.04": [0, "34+Math.cos(query.anim_time*100) * 10 ", 0],
						"4.68": [0, "34+Math.cos(query.anim_time*100) * 10 ", 0],
						"5.72": [0, 0, 0]
					}
				}
			}
		},
		"animation.magma_dripper.breath": {
			"loop": true,
			"animation_length": 0.5,
			"bones": {
				"jaw": {
					"rotation": [45, 0, 0]
				}
			}
		},
		"animation.magma_dripper.summon": {
			"loop": true,
			"animation_length": 3.92,
			"bones": {
				"body": {
					"rotation": {
						"0.0": [0, 0, 0],
						"0.72": [0, 0, 0],
						"3.16": [0, 0, 0],
						"3.92": [0, 0, 0]
					},
					"position": {
						"0.0": [0, 0, 0],
						"0.72": [0, 0, 0],
						"1.52": [0, 35.5, 0],
						"3.16": [0, 35.5, 0],
						"3.92": [0, 0, 0]
					}
				},
				"neck3": {
					"rotation": {
						"0.52": [0, 0, 0],
						"1.04": ["-32.5+Math.cos(query.anim_time*200) * 5", "Math.cos(query.anim_time*200) * 20", 0],
						"2.96": ["-32.5+Math.cos(query.anim_time*200) * 5", "Math.cos(query.anim_time*200) * 20", 0],
						"3.92": [0, 0, 0]
					}
				},
				"neck2": {
					"rotation": {
						"0.52": [0, 0, 0],
						"1.04": ["10+Math.sin(query.anim_time*200) * 5", 0, 0],
						"2.96": ["10+Math.sin(query.anim_time*200) * 5", 0, 0],
						"3.92": [0, 0, 0]
					}
				},
				"neck": {
					"rotation": [0, 0, 0]
				},
				"Head": {
					"rotation": {
						"0.52": [0, 0, 0],
						"1.04": [-32.5, 0, "Math.sin(query.anim_time*300) * 10"],
						"2.96": [-32.5, 0, "Math.sin(query.anim_time*300) * 10"],
						"3.92": [0, 0, 0]
					}
				},
				"jaw": {
					"rotation": {
						"0.52": [0, 0, 0],
						"1.04": [47.5, 0, 0],
						"2.96": [47.5, 0, 0],
						"3.92": [0, 0, 0]
					}
				},
				"Frontal_leg2": {
					"rotation": {
						"0.52": [0, 0, 0],
						"1.04": [42.5, 0, 0],
						"2.96": [42.5, 0, 0],
						"3.92": [0, 0, 0]
					}
				},
				"Foot": {
					"rotation": {
						"0.52": [0, 0, 0],
						"1.04": [45, 0, 0],
						"2.96": [45, 0, 0],
						"3.92": [0, 0, 0]
					}
				},
				"Frontalleg2": {
					"rotation": [0, 0, 0]
				},
				"Frontal_leg3": {
					"rotation": {
						"0.52": [0, 0, 0],
						"1.04": [42.5, 0, 0],
						"2.96": [42.5, 0, 0],
						"3.92": [0, 0, 0]
					}
				},
				"Foot2": {
					"rotation": {
						"0.52": [0, 0, 0],
						"1.04": [45, 0, 0],
						"2.96": [45, 0, 0],
						"3.92": [0, 0, 0]
					}
				},
				"Trunk2": {
					"rotation": {
						"0.72": [0, 0, 0],
						"1.08": ["-7.5+Math.cos(query.anim_time*200) * 5", 0, 0],
						"3.0": ["-7.5+Math.cos(query.anim_time*200) * 5", 0, 0],
						"3.16": [0, 0, 0],
						"3.92": [0, 0, 0]
					}
				},
				"Backleg": {
					"rotation": [0, 0, 0]
				},
				"Backleg2": {
					"rotation": {
						"0.52": [0, 0, 0],
						"1.04": [-5, 0, 0],
						"2.96": [-5, 0, 0],
						"3.92": [0, 0, 0]
					}
				},
				"Backleg3": {
					"rotation": {
						"0.52": [0, 0, 0],
						"1.04": [47.5, 0, 0],
						"2.96": [47.5, 0, 0],
						"3.92": [0, 0, 0]
					}
				},
				"Foot3": {
					"rotation": {
						"0.52": [0, 0, 0],
						"1.04": [60, 0, 0],
						"2.96": [60, 0, 0],
						"3.92": [0, 0, 0]
					}
				},
				"Backleg4": {
					"rotation": {
						"0.0": [0, 0, 0],
						"3.92": [0, 0, 0]
					}
				},
				"Backleg5": {
					"rotation": {
						"0.52": [0, 0, 0],
						"1.04": [-5, 0, 0],
						"2.96": [-5, 0, 0],
						"3.92": [0, 0, 0]
					}
				},
				"Backleg6": {
					"rotation": {
						"0.52": [0, 0, 0],
						"1.04": [47.5, 0, 0],
						"2.96": [47.5, 0, 0],
						"3.92": [0, 0, 0]
					}
				},
				"Foot4": {
					"rotation": {
						"0.52": [0, 0, 0],
						"1.04": [60, 0, 0],
						"2.96": [60, 0, 0],
						"3.92": [0, 0, 0]
					}
				},
				"Tale": {
					"rotation": {
						"0.72": [0, 0, 0],
						"1.08": ["-7.5+Math.sin(query.anim_time*200) * 5", 0, 0],
						"3.0": ["-7.5+Math.sin(query.anim_time*200) * 5", 0, 0],
						"3.16": [0, 0, 0],
						"3.92": [0, 0, 0]
					}
				},
				"Tale2": {
					"rotation": {
						"0.72": [0, 0, 0],
						"1.08": ["-2.5+Math.sin(query.anim_time*200) * 5", 0, 0],
						"3.0": ["-2.5+Math.sin(query.anim_time*200) * 5", 0, 0],
						"3.16": [0, 0, 0],
						"3.92": [0, 0, 0]
					}
				},
				"Tale3": {
					"rotation": {
						"0.72": [0, 0, 0],
						"1.08": ["-22.5+Math.sin(query.anim_time*200) * 5", 0, 0],
						"3.0": ["-22.5+Math.sin(query.anim_time*200) * 5", 0, 0],
						"3.16": [0, 0, 0],
						"3.92": [0, 0, 0]
					}
				},
				"Tale4": {
					"rotation": {
						"0.72": [0, 0, 0],
						"1.08": ["-15+Math.sin(query.anim_time*200) * 5", 0, 0],
						"3.0": ["-15+Math.sin(query.anim_time*200) * 5", 0, 0],
						"3.16": [0, 0, 0],
						"3.92": [0, 0, 0]
					}
				},
				"Tale5": {
					"rotation": {
						"0.72": [0, 0, 0],
						"1.08": [-17.5, 0, 0]
					}
				},
				"Tale6": {
					"rotation": {
						"0.72": [0, 0, 0],
						"1.08": [5, 0, 0],
						"3.0": [5, 0, 0],
						"3.16": [0, 0, 0],
						"3.92": [0, 0, 0]
					}
				},
				"Wing": {
					"rotation": {
						"0.0": [0, 0, 0],
						"0.52": [0, -40, "-42.5+Math.cos(query.anim_time*200) * 50"],
						"2.96": [0, -40, "-42.5+Math.cos(query.anim_time*200) * 50"],
						"3.92": [0, 0, 0]
					}
				},
				"Wing2": {
					"rotation": {
						"0.0": [0, 0, 0],
						"0.52": [0, -45, 0],
						"2.96": [0, -45, 0],
						"3.92": [0, 0, 0]
					}
				},
				"Wing3": {
					"rotation": {
						"0.0": [0, 0, 0],
						"0.52": [0, 142.5, "Math.sin(query.anim_time*200) * 50"],
						"2.96": [0, 142.5, "Math.sin(query.anim_time*200) * 50"],
						"3.92": [0, 0, 0]
					}
				},
				"Wing4": {
					"rotation": {
						"0.0": [0, 0, 0],
						"0.52": [0, -65, 0],
						"2.96": [0, -65, 0],
						"3.92": [0, 0, 0]
					}
				},
				"Wing7": {
					"rotation": {
						"0.0": [0, 0, 0],
						"0.52": [0, 40, "42.5-Math.cos(query.anim_time*200) * 50"],
						"2.96": [0, 40, "42.5-Math.cos(query.anim_time*200) * 50"],
						"3.92": [0, 0, 0]
					}
				},
				"Wing8": {
					"rotation": {
						"0.0": [0, 0, 0],
						"0.52": [0, 45, 0],
						"2.96": [0, 45, 0],
						"3.92": [0, 0, 0]
					}
				},
				"Wing9": {
					"rotation": {
						"0.0": [0, 0, 0],
						"0.52": [0, -142.5, "-Math.sin(query.anim_time*200) * 50"],
						"2.96": [0, -142.5, "-Math.sin(query.anim_time*200) * 50"],
						"3.92": [0, 0, 0]
					}
				},
				"Wing10": {
					"rotation": {
						"0.0": [0, 0, 0],
						"0.52": [0, 65, 0],
						"2.96": [0, 65, 0],
						"3.92": [0, 0, 0]
					}
				}
			},
			"sound_effects": {
				"0.44": {
					"effect": "roar"
				}
			}
		},
		"animation.magma_dripper.roar": {
			"loop": true,
			"animation_length": 5.2,
			"bones": {
				"Breastplate": {
					"rotation": {
						"0.0": [0, 0, 0],
						"1.04": [-12.5, 0, 0],
						"1.8": [-2.5, 0, 0],
						"4.16": [-2.5, 0, 0],
						"4.84": [0, 0, 0]
					}
				},
				"neck3": {
					"rotation": {
						"0.0": [0, 0, 0],
						"1.04": [-70, 0, 0],
						"1.56": [15, 0, 0],
						"4.16": [15, 0, 0],
						"5.2": [0, 0, 0]
					},
					"position": [0, 0, 1]
				},
				"neck2": {
					"rotation": {
						"0.0": [0, 0, 0],
						"1.04": [37.5, 0, 0],
						"1.8": [15, 0, 0],
						"4.16": [15, 0, 0],
						"5.2": [0, 0, 0]
					}
				},
				"neck": {
					"rotation": {
						"0.0": [0, 0, 0],
						"1.04": [42.5, 0, 0],
						"1.96": [-2.5, 0, 0]
					},
					"position": {
						"0.0": [0, 0, 0],
						"1.04": [0, 0, -1.5],
						"1.96": [0, 0, 0.5]
					}
				},
				"Head": {
					"rotation": {
						"0.0": [0, 0, 0],
						"1.04": [-17.5, 0, 0],
						"1.52": [-87.5, 0, 0],
						"1.96": [-55, 0, 0],
						"2.28": [-55, 0, "Math.sin(query.anim_time*1000) * 5"],
						"4.16": [-55, 0, "Math.sin(query.anim_time*1000) * 5"],
						"5.2": [0, 0, 0]
					},
					"position": {
						"1.04": [0, 0, 0],
						"1.52": [0, -3.5, 1],
						"1.96": [0, 0, 0]
					}
				},
				"jaw": {
					"rotation": {
						"0.0": [0, 0, 0],
						"1.96": [37.5, 0, 0],
						"4.16": [37.5, 0, 0],
						"5.2": [0, 0, 0]
					}
				},
				"Frontalleg": {
					"rotation": {
						"0.0": [0, 0, 0],
						"1.04": [0, 0, 0],
						"1.8": [-47.5, 22.5, 0],
						"4.16": [-47.5, 22.5, 0],
						"4.44": [-3.75, 11.25, 0],
						"4.84": [0, 0, 0],
						"5.2": [0, 0, 0]
					}
				},
				"Frontal_leg2": {
					"rotation": {
						"0.0": [0, 0, 0],
						"1.04": [12.5, 0, 0],
						"1.8": [35, 0, 0],
						"4.16": [35, 0, 0],
						"4.44": [-42.5, 0, 0],
						"4.84": [0, 0, 0],
						"5.2": [0, 0, 0]
					}
				},
				"Foot": {
					"rotation": {
						"0.0": [0, 0, 0],
						"1.04": [0, 0, 0],
						"1.8": [25, 0, 0],
						"4.16": [25, 0, 0],
						"4.44": [90, 0, 0],
						"4.84": [0, 0, 0]
					}
				},
				"Frontalleg2": {
					"rotation": {
						"0.0": [0, 0, 0],
						"1.04": [0, 0, 0],
						"1.8": [-47.5, -22.5, 0],
						"4.16": [-47.5, -22.5, 0],
						"4.84": [28.56, -7.79, 0],
						"5.2": [0, 0, 0]
					}
				},
				"Frontal_leg3": {
					"rotation": {
						"0.0": [0, 0, 0],
						"1.04": [12.5, 0, 0],
						"1.8": [35, 0, 0],
						"4.16": [35, 0, 0],
						"4.84": [-40.38, 0, 0],
						"5.2": [0, 0, 0]
					}
				},
				"Foot2": {
					"rotation": {
						"0.0": [0, 0, 0],
						"1.04": [0, 0, 0],
						"1.8": [25, 0, 0],
						"4.16": [25, 0, 0],
						"4.84": [93.65, 0, 0],
						"5.2": [0, 0, 0]
					}
				},
				"Tale": {
					"rotation": {
						"0.0": [0, 0, 0],
						"1.04": [0, -20, 0],
						"1.8": [0, 7.5, 0],
						"2.6": [22.5, "-Math.cos(query.anim_time*200) * 5", 0],
						"4.16": [22.5, "-Math.cos(query.anim_time*200) * 5", 0],
						"5.2": [0, 0, 0]
					}
				},
				"Tale2": {
					"rotation": {
						"0.0": [0, 0, 0],
						"1.04": [0, -22.5, 0],
						"1.8": [0, 10, 0],
						"2.6": [0, "-Math.sin(query.anim_time*200) * 5", 0],
						"4.16": [0, "-Math.sin(query.anim_time*200) * 5", 0],
						"5.2": [0, 0, 0]
					}
				},
				"Tale3": {
					"rotation": {
						"0.0": [0, 0, 0],
						"1.04": [0, -20, 0],
						"1.8": [0, 2.5, 0],
						"2.6": [0, "-Math.sin(query.anim_time*200) * 5", 0],
						"4.16": [0, "-Math.sin(query.anim_time*200) * 5", 0],
						"5.2": [0, 0, 0]
					}
				},
				"Tale4": {
					"rotation": {
						"0.0": [0, 0, 0],
						"1.04": [0, -20, 0],
						"1.8": [0, 7.5, 0],
						"2.6": [0, "-Math.sin(query.anim_time*200) * 5", 0],
						"4.16": [0, "-Math.sin(query.anim_time*200) * 5", 0],
						"5.2": [0, 0, 0]
					}
				},
				"Tale5": {
					"rotation": {
						"0.0": [0, 0, 0],
						"1.04": [0, -17.5, 0],
						"1.8": [0, -5, 0],
						"2.6": [0, "-Math.sin(query.anim_time*200) * 5", 0],
						"4.16": [0, "-Math.sin(query.anim_time*200) * 5", 0],
						"5.2": [0, 0, 0]
					}
				},
				"Tale6": {
					"rotation": {
						"0.0": [0, 0, 0],
						"1.04": [0, -22.5, 0],
						"1.8": [0, 7.5, 0],
						"2.6": [0, "-Math.sin(query.anim_time*200) * 5", 0],
						"4.16": [0, "-Math.sin(query.anim_time*200) * 5", 0],
						"5.2": [0, 0, 0]
					}
				}
			},
			"sound_effects": {
				"0.0": {
					"effect": "roar"
				}
			}
		}
	}
}