{
	"format_version": "1.8.0",
	"animations": {
		"animation.minotaur.move": {
			"loop": true,
			"anim_time_update": "query.anim_time + query.delta_time * 0.5",
			"animation_length": 3.6,
			"bones": {
				"neck": {
					"rotation": {
						"0.0": [10, 0, 0],
						"1.92": [0, 0, 0],
						"3.6": [10, 0, 0]
					}
				},
				"head": {
					"rotation": {
						"0.0": [-7.5, 0, 0],
						"1.92": [0, 0, 0],
						"3.6": [-7.5, 0, 0]
					}
				},
				"nose_ring": {
					"rotation": [12.5, 0, 0]
				},
				"leftarm": {
					"rotation": {
						"0.0": [22.5, 0, 0],
						"1.92": [-22.5, 0, 0],
						"3.6": [22.5, 0, 0]
					}
				},
				"rightarm": {
					"rotation": {
						"0.0": [-22.5, 0, 0],
						"1.92": [22.5, 0, 0],
						"3.6": [-22.5, 0, 0]
					}
				},
				"leftleg": {
					"rotation": {
						"0.0": [22.5, 0, 0],
						"1.92": [-22.5, 0, 0],
						"3.6": [22.5, 0, 0]
					}
				},
				"rightleg": {
					"rotation": {
						"0.0": [-22.5, 0, 0],
						"1.92": [22.5, 0, 0],
						"3.6": [-22.5, 0, 0]
					}
				},
				"tail": {
					"rotation": ["Math.sin(query.anim_time*100) * 3", "Math.sin(query.anim_time*100) * 20", "Math.sin(query.anim_time*100) * 20"]
				},
				"tail2": {
					"rotation": ["Math.sin(query.anim_time*100) * 3", "Math.sin(query.anim_time*100) * 20", "Math.sin(query.anim_time*100) * 20"]
				},
				"tail3": {
					"rotation": ["Math.sin(query.anim_time*100) * 20", "Math.sin(query.anim_time*100) * 20", "Math.sin(query.anim_time*100) * 20"]
				},
				"tail4": {
					"rotation": ["Math.sin(query.anim_time*100) * 20", "Math.sin(query.anim_time*100) * 20", "Math.sin(query.anim_time*100) * 20"]
				}
			}
		},
		"animation.minotaur.attack": {
			"loop": true,
			"animation_length": 1.56,
			"bones": {
				"body2": {
					"position": {
						"0.0": [0, 0, 0],
						"0.52": [0, -2, -11.5]
					}
				},
				"body": {
					"rotation": {
						"0.0": [0, 0, 0],
						"0.52": [-30, 0, 0],
						"1.04": [22.5, 0, 0]
					}
				},
				"neck": {
					"rotation": {
						"0.0": [0, 0, 0],
						"0.52": [10, 0, 0],
						"1.04": [2.5, 0, 0]
					}
				},
				"head": {
					"rotation": {
						"0.0": [0, 0, 0],
						"0.52": [17.5, 0, 0],
						"1.04": [-17.5, 0, 0]
					}
				},
				"leftarm": {
					"rotation": {
						"0.0": [0, 0, 0],
						"0.52": [-102.5, 27.5, -27.5],
						"1.04": [-20, 0, 0]
					}
				},
				"leftarm_lower": {
					"rotation": {
						"0.0": [0, 0, 0],
						"0.52": [-41.25, 0, 0],
						"1.04": [12.5, 0, 0]
					}
				},
				"leftleg": {
					"rotation": {
						"0.0": [0, 0, 0],
						"0.52": [-35, 0, 0],
						"1.04": [0, 0, 0]
					},
					"position": {
						"0.0": [0, 0, 0],
						"0.52": [0, 4, 0],
						"1.04": [0, 2, -1.5]
					}
				},
				"rightleg": {
					"rotation": {
						"0.0": [0, 0, 0],
						"0.52": [40, 0, 0]
					}
				},
				"tail": {
					"rotation": {
						"0.0": [0, 0, 0],
						"0.52": [-18.5, 0, 0],
						"1.04": [-25.5, 0, 0]
					}
				},
				"tail2": {
					"rotation": {
						"0.0": [0, 0, 0],
						"0.52": [9, 0, 0],
						"1.04": [-2, 0, 0]
					}
				},
				"tail3": {
					"rotation": {
						"0.0": [0, 0, 0],
						"0.52": [14, 0, 0],
						"1.04": [6, 0, 0]
					}
				},
				"tail4": {
					"rotation": {
						"0.0": [0, 0, 0],
						"0.52": [18, 0, 0],
						"1.04": [12, 0, 0]
					}
				},
				"tail5": {
					"rotation": {
						"0.0": [0, 0, 0],
						"0.52": [7.5, 0, 0]
					}
				}
			},
			"particle_effects": {
				"1.04": {
					"effect": "axe_effect_1"
				}
			}
		},
		"animation.minotaur.attack2": {
			"loop": true,
			"animation_length": 1.56,
			"bones": {
				"body2": {
					"rotation": {
						"0.0": [0, 0, 0],
						"0.52": [0, 0, 0],
						"1.04": [0, 43, 0]
					}
				},
				"body": {
					"rotation": {
						"0.0": [0, 0, 0],
						"0.52": [0, -57.5, 0],
						"1.04": [0, 17.5, 0]
					}
				},
				"neck": {
					"rotation": {
						"0.0": [0, 0, 0],
						"0.52": [0, 30, 0],
						"1.04": [0, -25, 0]
					}
				},
				"head": {
					"rotation": {
						"0.0": [0, 0, 0],
						"0.52": [0, 17.5, 0],
						"1.04": [0, -22.5, 20]
					}
				},
				"leftarm": {
					"rotation": {
						"0.0": [0, 0, 0],
						"0.52": [-25, 0, 57.5],
						"1.04": [30, 0, 57.5]
					}
				},
				"leftarm_lower": {
					"rotation": {
						"0.0": [0, 0, 0],
						"0.52": [-35, 0, 0],
						"1.04": [12.5, 0, 0]
					}
				},
				"rightarm": {
					"rotation": {
						"0.0": [0, 0, 0],
						"0.52": [-40, 0, 0],
						"1.04": [-15, 0, 0]
					}
				},
				"rightarm_lower": {
					"rotation": {
						"0.0": [0, 0, 0],
						"0.52": [-77.5, 0, 0],
						"1.04": [5, 0, 0]
					}
				},
				"leftleg": {
					"rotation": {
						"0.0": [0, 0, 0],
						"0.52": [0, -32.5, 0]
					},
					"position": {
						"0.52": [0, 0, 0],
						"0.8": [0, 5, -3],
						"1.04": [0, 0, -3]
					}
				},
				"rightleg": {
					"rotation": [0, 0, 0]
				},
				"tail": {
					"rotation": {
						"0.0": [0, 0, 0],
						"0.52": [0, -17.5, 0],
						"1.04": [0, 37.5, 0]
					}
				},
				"tail2": {
					"rotation": {
						"0.0": [0, 0, 0],
						"0.52": [2.5, -20, 0],
						"1.04": [0, 22.5, 0]
					}
				},
				"tail3": {
					"rotation": {
						"0.0": [0, 0, 0],
						"0.52": [0, -40, 0],
						"1.04": [0, 22.5, 0]
					}
				},
				"tail4": {
					"rotation": {
						"0.0": [0, 0, 0],
						"0.52": [0, -27.5, 0],
						"1.04": [0, 17.5, 0]
					}
				},
				"tail5": {
					"rotation": {
						"0.0": [0, 0, 0],
						"0.52": [0, -27.5, 0],
						"1.04": [0, 27.5, 0]
					}
				}
			}
		},
		"animation.minotaur.death": {
			"loop": "hold_on_last_frame",
			"animation_length": 2,
			"bones": {
				"body2": {
					"rotation": {
						"0.0": [0, 0, 0],
						"1.04": [87.5, 0, 0]
					},
					"position": {
						"0.0": [0, 0, 0],
						"1.04": [0, -10.5, 0]
					}
				},
				"body": {
					"rotation": [0, 0, 0]
				},
				"neck": {
					"rotation": {
						"0.0": [0, 0, 0],
						"1.04": [-35, 15, 0]
					},
					"position": [0, 0, -1]
				},
				"head": {
					"rotation": {
						"0.0": [0, 0, 0],
						"1.04": [-55, -17.5, 40]
					},
					"position": [0, 4, -1]
				},
				"nose_ring": {
					"rotation": {
						"0.0": [0, 0, 0],
						"1.04": [-60, 0, 0]
					}
				},
				"leftarm": {
					"rotation": {
						"0.0": [0, 0, 0],
						"1.04": [0, 77.5, 42.5]
					}
				},
				"leftarm_lower": {
					"rotation": {
						"0.0": [0, 0, 0],
						"1.04": [0, 22.5, 0]
					}
				},
				"axe": {
					"rotation": {
						"0.0": [0, 0, 0],
						"1.04": [45, 15, 0]
					},
					"position": {
						"0.0": [0, 0, 0],
						"1.04": [0, -4, 0]
					}
				},
				"rightarm": {
					"rotation": {
						"0.0": [0, 0, 0],
						"1.04": [0, -77.5, -42.5]
					}
				},
				"leftleg": {
					"rotation": {
						"0.0": [0, 0, 0],
						"1.04": [0, 0, -15]
					}
				},
				"rightleg": {
					"rotation": {
						"0.0": [0, 0, 0],
						"1.04": [0, 0, 22.5]
					}
				},
				"tail": {
					"rotation": {
						"0.0": [0, 0, 0],
						"1.04": [-90, 0, 0]
					}
				},
				"tail2": {
					"rotation": {
						"0.0": [0, 0, 0],
						"1.04": [-10, 0, 0]
					}
				},
				"tail3": {
					"rotation": {
						"0.0": [0, 0, 0],
						"1.04": [10, 15, 0]
					}
				},
				"tail4": {
					"rotation": {
						"0.0": [0, 0, 0],
						"1.04": [15, 30, 0]
					}
				},
				"tail5": {
					"rotation": {
						"0.0": [0, 0, 0],
						"1.04": [-10, 10, 0]
					}
				}
			}
		},
		"animation.minotaur.dies": {
			"loop": true,
			"bones": {
				"body2": {
					"rotation": [0, 0, "Math.min(Math.sqrt(Math.max(0, query.anim_time * 20 - 0.5) / 20 * 1.6), 1) * -90"]
				}
			}
		}
	}
}